ID,Type,SKU,Name,Published,Is featured?,Visibility in catalog,Short description,Description,Date sale price starts,Date sale price ends,Tax status,Tax class,In stock?,Stock,Low stock amount,Backorders allowed?,Sold individually?,Weight (kg),Length (cm),Width (cm),Height (cm),Allow customer reviews?,Purchase note,Sale price,Regular price,Categories,Tags,Shipping class,Images,Download limit,Download expiry days,Parent,Grouped products,Upsells,Cross-sells,External URL,Button text,Position,Attribute 1 name,Attribute 1 value(s),Attribute 1 visible,Attribute 1 global,Attribute 1 default,Attribute 2 name,Attribute 2 value(s),Attribute 2 visible,Attribute 2 global,Attribute 2 default,Attribute 3 name,Attribute 3 value(s),Attribute 3 visible,Attribute 3 global,Attribute 3 default,Meta: hwp_product_gtin
,variable,9.01621E+12,Linen Descanso Azul Print Pants,1,0,visible,,"Made of linen, the Descanso Azul Print Pants transmit natural charm and flair. It features pockets, a high waist, a waistband with belt loops, and a loose fit. Perfect!",,,taxable,,1,,,0,0,,,,,1,,,,Uncategorized,,,"https://cdn.shopify.com/s/files/1/0726/8083/3243/files/03.07.0262_471_1_1.png?v=1760990999,https://cdn.shopify.com/s/files/1/0726/8083/3243/files/03.07.0262_471_2_2.png?v=1760990999,https://cdn.shopify.com/s/files/1/0726/8083/3243/files/03.07.0262_471_3_3.png?v=1760990999,https://cdn.shopify.com/s/files/1/0726/8083/3243/files/03.07.0262_471_4_4.png?v=1760990999,https://cdn.shopify.com/s/files/1/0726/8083/3243/files/03.07.0262_471_5_5.png?v=1760990999,https://cdn.shopify.com/s/files/1/0726/8083/3243/files/03.07.0262_471_6_6.png?v=1760990999",,,,,,,,,0,Cores,Descanso Azul Print,0,1,Descanso Azul Print,Tamanhos,"0,2,4,6,8,10",0,1,0,,,,,,
,variation,9016208589019-1,Linen Descanso Azul Print Pants,1,0,visible,,,,,taxable,parent,1,,,,0,,,,,0,,,139,,,,,,,9.01621E+12,,,,,,1,Cores,Descanso Azul Print,,1,,Tamanhos,0,,1,,,,,,,
,variation,9016208589019-2,Linen Descanso Azul Print Pants,1,0,visible,,,,,taxable,parent,1,,,,0,,,,,0,,,139,,,,,,,9.01621E+12,,,,,,2,Cores,Descanso Azul Print,,1,,Tamanhos,2,,1,,,,,,,
,variation,9016208589019-3,Linen Descanso Azul Print Pants,1,0,visible,,,,,taxable,parent,1,,,,0,,,,,0,,,139,,,,,,,9.01621E+12,,,,,,3,Cores,Descanso Azul Print,,1,,Tamanhos,4,,1,,,,,,,
,variation,9016208589019-4,Linen Descanso Azul Print Pants,1,0,visible,,,,,taxable,parent,1,,,,0,,,,,0,,,139,,,,,,,9.01621E+12,,,,,,4,Cores,Descanso Azul Print,,1,,Tamanhos,6,,1,,,,,,,
,variation,9016208589019-5,Linen Descanso Azul Print Pants,1,0,visible,,,,,taxable,parent,1,,,,0,,,,,0,,,139,,,,,,,9.01621E+12,,,,,,5,Cores,Descanso Azul Print,,1,,Tamanhos,8,,1,,,,,,,
,variation,9016208589019-6,Linen Descanso Azul Print Pants,1,0,visible,,,,,taxable,parent,1,,,,0,,,,,0,,,139,,,,,,,9.01621E+12,,,,,,6,Cores,Descanso Azul Print,,1,,Tamanhos,10,,1,,,,,,,
,variable,9.01621E+12,Tulle Vichy Print Pants,1,0,visible,,"Lightness, softness, and good vibes. The Vichy Print Pants are made of tulle, with a loose fit, high waist, and include hot pants for added security when wearing.",,,taxable,,1,,,0,0,,,,,1,,,,Uncategorized,,,"https://cdn.shopify.com/s/files/1/0726/8083/3243/files/03.07.0253_471_1_1.png?v=1760990977,https://cdn.shopify.com/s/files/1/0726/8083/3243/files/03.07.0253_471_2_2.png?v=1760990977,https://cdn.shopify.com/s/files/1/0726/8083/3243/files/03.07.0253_471_3_3.png?v=1760990977,https://cdn.shopify.com/s/files/1/0726/8083/3243/files/03.07.0253_471_4_4.png?v=1760990977,https://cdn.shopify.com/s/files/1/0726/8083/3243/files/03.07.0253_471_5_5.png?v=1760990977,https://cdn.shopify.com/s/files/1/0726/8083/3243/files/03.07.0253_471_6_6.png?v=1760990977",,,,,,,,,0,Cores,Vichy Print,0,1,Vichy Print,Tamanhos,"XXS,XS,S,M,L,XL",0,1,XXS,,,,,,
,variation,9016208425179-1,Tulle Vichy Print Pants,1,0,visible,,,,,taxable,parent,1,,,,0,,,,,0,,,119,,,,,,,9.01621E+12,,,,,,1,Cores,Vichy Print,,1,,Tamanhos,XXS,,1,,,,,,,
,variation,9016208425179-2,Tulle Vichy Print Pants,1,0,visible,,,,,taxable,parent,1,,,,0,,,,,0,,,119,,,,,,,9.01621E+12,,,,,,2,Cores,Vichy Print,,1,,Tamanhos,XS,,1,,,,,,,
,variation,9016208425179-3,Tulle Vichy Print Pants,1,0,visible,,,,,taxable,parent,1,,,,0,,,,,0,,,119,,,,,,,9.01621E+12,,,,,,3,Cores,Vichy Print,,1,,Tamanhos,S,,1,,,,,,,
,variation,9016208425179-4,Tulle Vichy Print Pants,1,0,visible,,,,,taxable,parent,1,,,,0,,,,,0,,,119,,,,,,,9.01621E+12,,,,,,4,Cores,Vichy Print,,1,,Tamanhos,M,,1,,,,,,,
,variation,9016208425179-5,Tulle Vichy Print Pants,1,0,visible,,,,,taxable,parent,1,,,,0,,,,,0,,,119,,,,,,,9.01621E+12,,,,,,5,Cores,Vichy Print,,1,,Tamanhos,L,,1,,,,,,,
,variation,9016208425179-6,Tulle Vichy Print Pants,1,0,visible,,,,,taxable,parent,1,,,,0,,,,,0,,,119,,,,,,,9.01621E+12,,,,,,6,Cores,Vichy Print,,1,,Tamanhos,XL,,1,,,,,,,
,variable,8.96583E+12,Orange Samba Side Pockets Tied Hem Pants,1,0,visible,,"Stylish, elegant, and with a touch of modernity. Our Orange Samba Side Pockets Tied Hem Pants feature a loose fit, high waist, pockets, a fitted hem with ties, and an elastic waistband for a comfortable fit.",,,taxable,,1,,,0,0,,,,,1,,,,Uncategorized,,,"https://cdn.shopify.com/s/files/1/0726/8083/3243/files/03130792_2335_1-CALCA-PUNHO-BARRA.png?v=1755137850,https://cdn.shopify.com/s/files/1/0726/8083/3243/files/03130792_2335_2-CALCA-PUNHO-BARRA.png?v=1755137849,https://cdn.shopify.com/s/files/1/0726/8083/3243/files/03130792_2335_3-CALCA-PUNHO-BARRA.png?v=1755137849,https://cdn.shopify.com/s/files/1/0726/8083/3243/files/03130792_2335_4-CALCA-PUNHO-BARRA.png?v=1755137849,https://cdn.shopify.com/s/files/1/0726/8083/3243/files/03130792_2335_5-CALCA-PUNHO-BARRA.png?v=1755137849,https://cdn.shopify.com/s/files/1/0726/8083/3243/files/03130792_2335_6-CALCA-PUNHO-BARRA.png?v=1755137850,https://cdn.shopify.com/s/files/1/0726/8083/3243/files/03130792_2335_7-CALCA-PUNHO-BARRA.png?v=1755137849,https://cdn.shopify.com/s/files/1/0726/8083/3243/files/03130792_2335_8-CALCA-PUNHO-BARRA.png?v=1755137849,https://cdn.shopify.com/s/files/1/0726/8083/3243/files/03130792_2335_9-CALCA-PUNHO-BARRA.png?v=1755137850",,,,,,,,,0,Cores,Orange Samba,0,1,Orange Samba,Tamanhos,"0,2,4,6,8,10",0,1,0,,,,,,
,variation,8965826379995-1,Orange Samba Side Pockets Tied Hem Pants,1,0,visible,,,,,taxable,parent,1,,,,0,,,,,0,,,69,,,,,,,8.96583E+12,,,,,,1,Cores,Orange Samba,,1,,Tamanhos,0,,1,,,,,,,
,variation,8965826379995-2,Orange Samba Side Pockets Tied Hem Pants,1,0,visible,,,,,taxable,parent,1,,,,0,,,,,0,,,69,,,,,,,8.96583E+12,,,,,,2,Cores,Orange Samba,,1,,Tamanhos,2,,1,,,,,,,
,variation,8965826379995-3,Orange Samba Side Pockets Tied Hem Pants,1,0,visible,,,,,taxable,parent,1,,,,0,,,,,0,,,69,,,,,,,8.96583E+12,,,,,,3,Cores,Orange Samba,,1,,Tamanhos,4,,1,,,,,,,
,variation,8965826379995-4,Orange Samba Side Pockets Tied Hem Pants,1,0,visible,,,,,taxable,parent,1,,,,0,,,,,0,,,69,,,,,,,8.96583E+12,,,,,,4,Cores,Orange Samba,,1,,Tamanhos,6,,1,,,,,,,
,variation,8965826379995-5,Orange Samba Side Pockets Tied Hem Pants,1,0,visible,,,,,taxable,parent,1,,,,0,,,,,0,,,69,,,,,,,8.96583E+12,,,,,,5,Cores,Orange Samba,,1,,Tamanhos,8,,1,,,,,,,
,variation,8965826379995-6,Orange Samba Side Pockets Tied Hem Pants,1,0,visible,,,,,taxable,parent,1,,,,0,,,,,0,,,69,,,,,,,8.96583E+12,,,,,,6,Cores,Orange Samba,,1,,Tamanhos,10,,1,,,,,,,
,variable,8.96583E+12,Brown Caffeine Buttoned Waist Side Pockets Tailored Pants,1,0,visible,,"For a sophisticated and elegant look. The tailored Brown Caffeine Buttoned Waist Side Pockets Tailored Pants feature a wide-leg style, high waist, front pleats, and a flap at the waist for a charming look.",,,taxable,,1,,,0,0,,,,,1,,,,Uncategorized,,,"https://cdn.shopify.com/s/files/1/0726/8083/3243/files/03130786_2345_1-CALCA-ALFAIATARIA-ALETA-COS.png?v=1755137818,https://cdn.shopify.com/s/files/1/0726/8083/3243/files/03130786_2345_2-CALCA-ALFAIATARIA-ALETA-COS.png?v=1755137818,https://cdn.shopify.com/s/files/1/0726/8083/3243/files/03130786_2345_3-CALCA-ALFAIATARIA-ALETA-COS.png?v=1755137819,https://cdn.shopify.com/s/files/1/0726/8083/3243/files/03130786_2345_4-CALCA-ALFAIATARIA-ALETA-COS.png?v=1755137818,https://cdn.shopify.com/s/files/1/0726/8083/3243/files/03130786_2345_5-CALCA-ALFAIATARIA-ALETA-COS.png?v=1755137818,https://cdn.shopify.com/s/files/1/0726/8083/3243/files/03130786_2345_6-CALCA-ALFAIATARIA-ALETA-COS.png?v=1755137819",,,,,,,,,0,Cores,Caffeine Brown,0,1,Caffeine Brown,Tamanhos,"0,2,4,6,8,10",0,1,0,,,,,,
,variation,8965825659099-1,Brown Caffeine Buttoned Waist Side Pockets Tailored Pants,1,0,visible,,,,,taxable,parent,1,,,,0,,,,,0,,,79,,,,,,,8.96583E+12,,,,,,1,Cores,Caffeine Brown,,1,,Tamanhos,0,,1,,,,,,,
,variation,8965825659099-2,Brown Caffeine Buttoned Waist Side Pockets Tailored Pants,1,0,visible,,,,,taxable,parent,1,,,,0,,,,,0,,,79,,,,,,,8.96583E+12,,,,,,2,Cores,Caffeine Brown,,1,,Tamanhos,2,,1,,,,,,,
,variation,8965825659099-3,Brown Caffeine Buttoned Waist Side Pockets Tailored Pants,1,0,visible,,,,,taxable,parent,1,,,,0,,,,,0,,,79,,,,,,,8.96583E+12,,,,,,3,Cores,Caffeine Brown,,1,,Tamanhos,4,,1,,,,,,,
,variation,8965825659099-4,Brown Caffeine Buttoned Waist Side Pockets Tailored Pants,1,0,visible,,,,,taxable,parent,1,,,,0,,,,,0,,,79,,,,,,,8.96583E+12,,,,,,4,Cores,Caffeine Brown,,1,,Tamanhos,6,,1,,,,,,,
,variation,8965825659099-5,Brown Caffeine Buttoned Waist Side Pockets Tailored Pants,1,0,visible,,,,,taxable,parent,1,,,,0,,,,,0,,,79,,,,,,,8.96583E+12,,,,,,5,Cores,Caffeine Brown,,1,,Tamanhos,8,,1,,,,,,,
,variation,8965825659099-6,Brown Caffeine Buttoned Waist Side Pockets Tailored Pants,1,0,visible,,,,,taxable,parent,1,,,,0,,,,,0,,,79,,,,,,,8.96583E+12,,,,,,6,Cores,Caffeine Brown,,1,,Tamanhos,10,,1,,,,,,,
,variable,9.01621E+12,Breeze Knit Pants,1,0,visible,,"The Breeze Knit Pants combine comfort and style in a versatile piece. Made from lightweight and soft knit fabric, they offer a fluid drape and pleasant touch, perfect for casual looks, leisure moments, or relaxed summer outfits with effortless elegance.",,,taxable,,1,,,0,0,,,,,1,,,,Uncategorized,,,"https://cdn.shopify.com/s/files/1/0726/8083/3243/files/03.02.1496_2360_1_1.png?v=1760990949,https://cdn.shopify.com/s/files/1/0726/8083/3243/files/03.02.1496_2360_2_2.png?v=1760990949,https://cdn.shopify.com/s/files/1/0726/8083/3243/files/03.02.1496_2360_3_3.png?v=1760990949,https://cdn.shopify.com/s/files/1/0726/8083/3243/files/03.02.1496_2360_4_4.png?v=1760990949,https://cdn.shopify.com/s/files/1/0726/8083/3243/files/03.02.1496_2360_5_5.png?v=1760990949",,,,,,,,,0,Cores,Chestnut Brown,0,1,Chestnut Brown,Tamanhos,"XXS,XS,S,M,L,XL",0,1,XXS,,,,,,
,variation,9016208163035-1,Breeze Knit Pants,1,0,visible,,,,,taxable,parent,1,,,,0,,,,,0,,,159,,,,,,,9.01621E+12,,,,,,1,Cores,Chestnut Brown,,1,,Tamanhos,XXS,,1,,,,,,,
,variation,9016208163035-2,Breeze Knit Pants,1,0,visible,,,,,taxable,parent,1,,,,0,,,,,0,,,159,,,,,,,9.01621E+12,,,,,,2,Cores,Chestnut Brown,,1,,Tamanhos,XS,,1,,,,,,,
,variation,9016208163035-3,Breeze Knit Pants,1,0,visible,,,,,taxable,parent,1,,,,0,,,,,0,,,159,,,,,,,9.01621E+12,,,,,,3,Cores,Chestnut Brown,,1,,Tamanhos,S,,1,,,,,,,
,variation,9016208163035-4,Breeze Knit Pants,1,0,visible,,,,,taxable,parent,1,,,,0,,,,,0,,,159,,,,,,,9.01621E+12,,,,,,4,Cores,Chestnut Brown,,1,,Tamanhos,M,,1,,,,,,,
,variation,9016208163035-5,Breeze Knit Pants,1,0,visible,,,,,taxable,parent,1,,,,0,,,,,0,,,159,,,,,,,9.01621E+12,,,,,,5,Cores,Chestnut Brown,,1,,Tamanhos,L,,1,,,,,,,
,variation,9016208163035-6,Breeze Knit Pants,1,0,visible,,,,,taxable,parent,1,,,,0,,,,,0,,,159,,,,,,,9.01621E+12,,,,,,6,Cores,Chestnut Brown,,1,,Tamanhos,XL,,1,,,,,,,
,variable,9.01621E+12,Embroidered-Hem Linen Pants,1,0,visible,,Linen Pants with Embroidered Hem perfect for elegant and comfortable looks.,,,taxable,,1,,,0,0,,,,,1,,,,Uncategorized,,,"https://cdn.shopify.com/s/files/1/0726/8083/3243/files/03.13.0882_198_1_1.png?v=1762282398,https://cdn.shopify.com/s/files/1/0726/8083/3243/files/03.13.0882_198_2_2.png?v=1762282398,https://cdn.shopify.com/s/files/1/0726/8083/3243/files/03.13.0882_198_3_3.png?v=1762282398,https://cdn.shopify.com/s/files/1/0726/8083/3243/files/03.13.0882_198_4_4.png?v=1762282399,https://cdn.shopify.com/s/files/1/0726/8083/3243/files/03.13.0882_198_5_5.png?v=1762282398,https://cdn.shopify.com/s/files/1/0726/8083/3243/files/03.13.0882_198_6_6.png?v=1762282398,https://cdn.shopify.com/s/files/1/0726/8083/3243/files/03.13.0882_198_7_7.png?v=1762282398,https://cdn.shopify.com/s/files/1/0726/8083/3243/files/03.13.0882_198_8_8.png?v=1762282398",,,,,,,,,0,Cores,Off White,0,1,Off White,Tamanhos,"0,2,4,6,8,10",0,1,0,,,,,,
,variation,9016212291803-1,Embroidered-Hem Linen Pants,1,0,visible,,,,,taxable,parent,1,,,,0,,,,,0,,,189,,,,,,,9.01621E+12,,,,,,1,Cores,Off White,,1,,Tamanhos,0,,1,,,,,,,
,variation,9016212291803-2,Embroidered-Hem Linen Pants,1,0,visible,,,,,taxable,parent,1,,,,0,,,,,0,,,189,,,,,,,9.01621E+12,,,,,,2,Cores,Off White,,1,,Tamanhos,2,,1,,,,,,,
,variation,9016212291803-3,Embroidered-Hem Linen Pants,1,0,visible,,,,,taxable,parent,1,,,,0,,,,,0,,,189,,,,,,,9.01621E+12,,,,,,3,Cores,Off White,,1,,Tamanhos,4,,1,,,,,,,
,variation,9016212291803-4,Embroidered-Hem Linen Pants,1,0,visible,,,,,taxable,parent,1,,,,0,,,,,0,,,189,,,,,,,9.01621E+12,,,,,,4,Cores,Off White,,1,,Tamanhos,6,,1,,,,,,,
,variation,9016212291803-5,Embroidered-Hem Linen Pants,1,0,visible,,,,,taxable,parent,1,,,,0,,,,,0,,,189,,,,,,,9.01621E+12,,,,,,5,Cores,Off White,,1,,Tamanhos,8,,1,,,,,,,
,variation,9016212291803-6,Embroidered-Hem Linen Pants,1,0,visible,,,,,taxable,parent,1,,,,0,,,,,0,,,189,,,,,,,9.01621E+12,,,,,,6,Cores,Off White,,1,,Tamanhos,10,,1,,,,,,,
,variable,8.96583E+12,Orange Samba Buttoned Waist Side Pockets Tailored Pants,1,0,visible,,"For a sophisticated and elegant look. The tailored Orange Samba Buttoned Waist Side Pockets Tailored Pants feature a wide-leg style, high waist, front pleats, and a flap at the waist for a charming look.",,,taxable,,1,,,0,0,,,,,1,,,,Uncategorized,,,"https://cdn.shopify.com/s/files/1/0726/8083/3243/files/03130786_2335_1-CALCA-ALFAIATARIA-ALETA-COS.png?v=1755137812,https://cdn.shopify.com/s/files/1/0726/8083/3243/files/03130786_2335_2-CALCA-ALFAIATARIA-ALETA-COS.png?v=1755137812,https://cdn.shopify.com/s/files/1/0726/8083/3243/files/03130786_2335_3-CALCA-ALFAIATARIA-ALETA-COS.png?v=1755137812,https://cdn.shopify.com/s/files/1/0726/8083/3243/files/03130786_2335_4-CALCA-ALFAIATARIA-ALETA-COS.png?v=1755137813,https://cdn.shopify.com/s/files/1/0726/8083/3243/files/03130786_2335_5-CALCA-ALFAIATARIA-ALETA-COS.png?v=1755137812,https://cdn.shopify.com/s/files/1/0726/8083/3243/files/03130786_2335_6-CALCA-ALFAIATARIA-ALETA-COS.png?v=1755137813",,,,,,,,,0,Cores,Samba Orange,0,1,Samba Orange,Tamanhos,"0,2,4,6,8,10",0,1,0,,,,,,
,variation,8965825528027-1,Orange Samba Buttoned Waist Side Pockets Tailored Pants,1,0,visible,,,,,taxable,parent,1,,,,0,,,,,0,,,79,,,,,,,8.96583E+12,,,,,,1,Cores,Samba Orange,,1,,Tamanhos,0,,1,,,,,,,
,variation,8965825528027-2,Orange Samba Buttoned Waist Side Pockets Tailored Pants,1,0,visible,,,,,taxable,parent,1,,,,0,,,,,0,,,79,,,,,,,8.96583E+12,,,,,,2,Cores,Samba Orange,,1,,Tamanhos,2,,1,,,,,,,
,variation,8965825528027-3,Orange Samba Buttoned Waist Side Pockets Tailored Pants,1,0,visible,,,,,taxable,parent,1,,,,0,,,,,0,,,79,,,,,,,8.96583E+12,,,,,,3,Cores,Samba Orange,,1,,Tamanhos,4,,1,,,,,,,
,variation,8965825528027-4,Orange Samba Buttoned Waist Side Pockets Tailored Pants,1,0,visible,,,,,taxable,parent,1,,,,0,,,,,0,,,79,,,,,,,8.96583E+12,,,,,,4,Cores,Samba Orange,,1,,Tamanhos,6,,1,,,,,,,
,variation,8965825528027-5,Orange Samba Buttoned Waist Side Pockets Tailored Pants,1,0,visible,,,,,taxable,parent,1,,,,0,,,,,0,,,79,,,,,,,8.96583E+12,,,,,,5,Cores,Samba Orange,,1,,Tamanhos,8,,1,,,,,,,
,variation,8965825528027-6,Orange Samba Buttoned Waist Side Pockets Tailored Pants,1,0,visible,,,,,taxable,parent,1,,,,0,,,,,0,,,79,,,,,,,8.96583E+12,,,,,,6,Cores,Samba Orange,,1,,Tamanhos,10,,1,,,,,,,
,variable,8.96582E+12,Sand Corcovado Drawstring Waist Side Pockets Cambric Pants,1,0,visible,,"Full of style. The Sand Corcovado Drawstring Waist Side Pockets Cambric Pants are a super fresh and stylish piece, featuring a high waist, elastic at the back, drawstring ties, pockets, and a wide-leg style. Go for the cambric shirt to create a perfect outfit for any bold season.",,,taxable,,1,,,0,0,,,,,1,,,,Uncategorized,,,"https://cdn.shopify.com/s/files/1/0726/8083/3243/files/03070235_471_1-CALCA-CAMBRAIA-ESTAMPA-CORCOVADO-MIX.png?v=1755137703,https://cdn.shopify.com/s/files/1/0726/8083/3243/files/03070235_471_2-CALCA-CAMBRAIA-ESTAMPA-CORCOVADO-MIX.png?v=1755137703,https://cdn.shopify.com/s/files/1/0726/8083/3243/files/03070235_471_3-CALCA-CAMBRAIA-ESTAMPA-CORCOVADO-MIX.png?v=1755137703,https://cdn.shopify.com/s/files/1/0726/8083/3243/files/03070235_471_4-CALCA-CAMBRAIA-ESTAMPA-CORCOVADO-MIX.png?v=1755137704,https://cdn.shopify.com/s/files/1/0726/8083/3243/files/03070235_471_5-CALCA-CAMBRAIA-ESTAMPA-CORCOVADO-MIX.png?v=1755137703,https://cdn.shopify.com/s/files/1/0726/8083/3243/files/03070235_471_6-CALCA-CAMBRAIA-ESTAMPA-CORCOVADO-MIX.png?v=1755137706",,,,,,,,,0,Cores,Sand Corcovado,0,1,Sand Corcovado,Tamanhos,"0,2,4,6,8,10",0,1,0,,,,,,
,variation,8965824282843-1,Sand Corcovado Drawstring Waist Side Pockets Cambric Pants,1,0,visible,,,,,taxable,parent,1,,,,0,,,,,0,,,74,,,,,,,8.96582E+12,,,,,,1,Cores,Sand Corcovado,,1,,Tamanhos,0,,1,,,,,,,
,variation,8965824282843-2,Sand Corcovado Drawstring Waist Side Pockets Cambric Pants,1,0,visible,,,,,taxable,parent,1,,,,0,,,,,0,,,74,,,,,,,8.96582E+12,,,,,,2,Cores,Sand Corcovado,,1,,Tamanhos,2,,1,,,,,,,
,variation,8965824282843-3,Sand Corcovado Drawstring Waist Side Pockets Cambric Pants,1,0,visible,,,,,taxable,parent,1,,,,0,,,,,0,,,74,,,,,,,8.96582E+12,,,,,,3,Cores,Sand Corcovado,,1,,Tamanhos,4,,1,,,,,,,
,variation,8965824282843-4,Sand Corcovado Drawstring Waist Side Pockets Cambric Pants,1,0,visible,,,,,taxable,parent,1,,,,0,,,,,0,,,74,,,,,,,8.96582E+12,,,,,,4,Cores,Sand Corcovado,,1,,Tamanhos,6,,1,,,,,,,
,variation,8965824282843-5,Sand Corcovado Drawstring Waist Side Pockets Cambric Pants,1,0,visible,,,,,taxable,parent,1,,,,0,,,,,0,,,74,,,,,,,8.96582E+12,,,,,,5,Cores,Sand Corcovado,,1,,Tamanhos,8,,1,,,,,,,
,variation,8965824282843-6,Sand Corcovado Drawstring Waist Side Pockets Cambric Pants,1,0,visible,,,,,taxable,parent,1,,,,0,,,,,0,,,74,,,,,,,8.96582E+12,,,,,,6,Cores,Sand Corcovado,,1,,Tamanhos,10,,1,,,,,,,
,variable,9.01621E+12,Balneario Stripe Barrel Twill Pants,1,0,visible,,"Perfect for creating a relaxed and stylish look. The Balneario Stripe Barrel Twill pants feature a mid-rise waist, belt loops, and a loose, comfortable fit. A must-have!",,,taxable,,1,,,0,0,,,,,1,,,,Uncategorized,,,"https://cdn.shopify.com/s/files/1/0726/8083/3243/files/03.01.1882_011_1_1.png?v=1760990855,https://cdn.shopify.com/s/files/1/0726/8083/3243/files/03.01.1882_011_2_2.png?v=1760990856,https://cdn.shopify.com/s/files/1/0726/8083/3243/files/03.01.1882_011_3_3.png?v=1760990855,https://cdn.shopify.com/s/files/1/0726/8083/3243/files/03.01.1882_011_4_4.png?v=1760990855,https://cdn.shopify.com/s/files/1/0726/8083/3243/files/03.01.1882_011_5_5.png?v=1760990855,https://cdn.shopify.com/s/files/1/0726/8083/3243/files/03.01.1882_011_6_6.png?v=1760990855,https://cdn.shopify.com/s/files/1/0726/8083/3243/files/03.01.1882_011_2_2_b3f5b1db-8e66-4a80-bb68-4504e3d96d33.png?v=1762282278,https://cdn.shopify.com/s/files/1/0726/8083/3243/files/03.01.1882_011_3_3_0d9703ef-ea76-4858-a231-3a4143bdf62c.png?v=1762282280",,,,,,,,,0,Cores,Listrado,0,1,Listrado,Tamanhos,"0,2,4,6,8,10",0,1,0,,,,,,
,variation,9016207245531-1,Balneario Stripe Barrel Twill Pants,1,0,visible,,,,,taxable,parent,1,,,,0,,,,,0,,,139,,,,,,,9.01621E+12,,,,,,1,Cores,Listrado,,1,,Tamanhos,0,,1,,,,,,,
,variation,9016207245531-2,Balneario Stripe Barrel Twill Pants,1,0,visible,,,,,taxable,parent,1,,,,0,,,,,0,,,139,,,,,,,9.01621E+12,,,,,,2,Cores,Listrado,,1,,Tamanhos,2,,1,,,,,,,
,variation,9016207245531-3,Balneario Stripe Barrel Twill Pants,1,0,visible,,,,,taxable,parent,1,,,,0,,,,,0,,,139,,,,,,,9.01621E+12,,,,,,3,Cores,Listrado,,1,,Tamanhos,4,,1,,,,,,,
,variation,9016207245531-4,Balneario Stripe Barrel Twill Pants,1,0,visible,,,,,taxable,parent,1,,,,0,,,,,0,,,139,,,,,,,9.01621E+12,,,,,,4,Cores,Listrado,,1,,Tamanhos,6,,1,,,,,,,
,variation,9016207245531-5,Balneario Stripe Barrel Twill Pants,1,0,visible,,,,,taxable,parent,1,,,,0,,,,,0,,,139,,,,,,,9.01621E+12,,,,,,5,Cores,Listrado,,1,,Tamanhos,8,,1,,,,,,,
,variation,9016207245531-6,Balneario Stripe Barrel Twill Pants,1,0,visible,,,,,taxable,parent,1,,,,0,,,,,0,,,139,,,,,,,9.01621E+12,,,,,,6,Cores,Listrado,,1,,Tamanhos,10,,1,,,,,,,
,variable,9.01621E+12,Brisa Knit Pants,1,0,visible,,"The Brisa Knit Pants combine comfort and style in a versatile piece. Crafted from a lightweight, soft knit, they provide a fluid fit and a pleasant touch.",,,taxable,,1,,,0,0,,,,,1,,,,Uncategorized,,,"https://cdn.shopify.com/s/files/1/0726/8083/3243/files/03.02.1496_2350_1_1.png?v=1760990943,https://cdn.shopify.com/s/files/1/0726/8083/3243/files/03.02.1496_2350_2_2.png?v=1760990943,https://cdn.shopify.com/s/files/1/0726/8083/3243/files/03.02.1496_2350_3_3.png?v=1760990943,https://cdn.shopify.com/s/files/1/0726/8083/3243/files/03.02.1496_2350_4_4.png?v=1760990943,https://cdn.shopify.com/s/files/1/0726/8083/3243/files/03.02.1496_2350_5_5.png?v=1760990943,https://cdn.shopify.com/s/files/1/0726/8083/3243/files/03.02.1496_2350_6_6.png?v=1760990945",,,,,,,,,0,Cores,Poetry Blue,0,1,Poetry Blue,Tamanhos,"XXS,XS,S,M,L,XL",0,1,XXS,,,,,,
,variation,9016208130267-1,Brisa Knit Pants,1,0,visible,,,,,taxable,parent,1,,,,0,,,,,0,,,159,,,,,,,9.01621E+12,,,,,,1,Cores,Poetry Blue,,1,,Tamanhos,XXS,,1,,,,,,,
,variation,9016208130267-2,Brisa Knit Pants,1,0,visible,,,,,taxable,parent,1,,,,0,,,,,0,,,159,,,,,,,9.01621E+12,,,,,,2,Cores,Poetry Blue,,1,,Tamanhos,XS,,1,,,,,,,
,variation,9016208130267-3,Brisa Knit Pants,1,0,visible,,,,,taxable,parent,1,,,,0,,,,,0,,,159,,,,,,,9.01621E+12,,,,,,3,Cores,Poetry Blue,,1,,Tamanhos,S,,1,,,,,,,
,variation,9016208130267-4,Brisa Knit Pants,1,0,visible,,,,,taxable,parent,1,,,,0,,,,,0,,,159,,,,,,,9.01621E+12,,,,,,4,Cores,Poetry Blue,,1,,Tamanhos,M,,1,,,,,,,
,variation,9016208130267-5,Brisa Knit Pants,1,0,visible,,,,,taxable,parent,1,,,,0,,,,,0,,,159,,,,,,,9.01621E+12,,,,,,5,Cores,Poetry Blue,,1,,Tamanhos,L,,1,,,,,,,
,variation,9016208130267-6,Brisa Knit Pants,1,0,visible,,,,,taxable,parent,1,,,,0,,,,,0,,,159,,,,,,,9.01621E+12,,,,,,6,Cores,Poetry Blue,,1,,Tamanhos,XL,,1,,,,,,,
,variable,9.01626E+12,Knit Pants Hot Shorts,1,0,visible,,"Knit Pants Hot Shorts is made from lightweight knit with a subtle shimmer, featuring a fitted silhouette that flatters the body and adds practicality. A versatile piece for casual or sophisticated outfits.",,,taxable,,1,,,0,0,,,,,1,,,,Uncategorized,,,"https://cdn.shopify.com/s/files/1/0726/8083/3243/files/13.23.0005_198_1.png?v=1763989887,https://cdn.shopify.com/s/files/1/0726/8083/3243/files/13.23.0005_198_2.png?v=1763989887,https://cdn.shopify.com/s/files/1/0726/8083/3243/files/13.23.0005_198_3.png?v=1763989887,https://cdn.shopify.com/s/files/1/0726/8083/3243/files/13.23.0005_198_4.png?v=1763989888,https://cdn.shopify.com/s/files/1/0726/8083/3243/files/13.23.0005_198_5.png?v=1763989887,https://cdn.shopify.com/s/files/1/0726/8083/3243/files/13.23.0005_198_6.png?v=1763989887,https://cdn.shopify.com/s/files/1/0726/8083/3243/files/13.23.0005_198_7.png?v=1763989887,https://cdn.shopify.com/s/files/1/0726/8083/3243/files/13.23.0005_198_8.png?v=1763989887,https://cdn.shopify.com/s/files/1/0726/8083/3243/files/13.23.0005_198_4_8ec0d40f-5326-43e3-905f-d93330210dc9.png?v=1763993319",,,,,,,,,0,Cores,Off White,0,1,Off White,Tamanhos,"XXS,XS,S,M,L,XL",0,1,XXS,,,,,,
,variation,9016256659675-1,Knit Pants Hot Shorts,1,0,visible,,,,,taxable,parent,1,,,,0,,,,,0,,,169,,,,,,,9.01626E+12,,,,,,1,Cores,Off White,,1,,Tamanhos,XXS,,1,,,,,,,
,variation,9016256659675-2,Knit Pants Hot Shorts,1,0,visible,,,,,taxable,parent,1,,,,0,,,,,0,,,169,,,,,,,9.01626E+12,,,,,,2,Cores,Off White,,1,,Tamanhos,XS,,1,,,,,,,
,variation,9016256659675-3,Knit Pants Hot Shorts,1,0,visible,,,,,taxable,parent,1,,,,0,,,,,0,,,169,,,,,,,9.01626E+12,,,,,,3,Cores,Off White,,1,,Tamanhos,S,,1,,,,,,,
,variation,9016256659675-4,Knit Pants Hot Shorts,1,0,visible,,,,,taxable,parent,1,,,,0,,,,,0,,,169,,,,,,,9.01626E+12,,,,,,4,Cores,Off White,,1,,Tamanhos,M,,1,,,,,,,
,variation,9016256659675-5,Knit Pants Hot Shorts,1,0,visible,,,,,taxable,parent,1,,,,0,,,,,0,,,169,,,,,,,9.01626E+12,,,,,,5,Cores,Off White,,1,,Tamanhos,L,,1,,,,,,,
,variation,9016256659675-6,Knit Pants Hot Shorts,1,0,visible,,,,,taxable,parent,1,,,,0,,,,,0,,,169,,,,,,,9.01626E+12,,,,,,6,Cores,Off White,,1,,Tamanhos,XL,,1,,,,,,,
,variable,8.96582E+12,Beige Grao Orla Lined Tricot Pants,1,0,visible,,"A must-have in every woman's life. The Beige Grao Orla Lined Tricot Pants are made of knit fabric, have a loose fit, a high waist, and wavy details on the sides. Invest in a knit shirt for the perfect match!",,,taxable,,1,,,0,0,,,,,1,,,,Uncategorized,,,"https://cdn.shopify.com/s/files/1/0726/8083/3243/files/03021438_2276_1-CALCA-TRICOT-ORLA.png?v=1755137626,https://cdn.shopify.com/s/files/1/0726/8083/3243/files/03021438_2276_2-CALCA-TRICOT-ORLA.png?v=1755137625,https://cdn.shopify.com/s/files/1/0726/8083/3243/files/03021438_2276_3-CALCA-TRICOT-ORLA.png?v=1755137626,https://cdn.shopify.com/s/files/1/0726/8083/3243/files/03021438_2276_4-CALCA-TRICOT-ORLA.png?v=1755137625,https://cdn.shopify.com/s/files/1/0726/8083/3243/files/03021438_2276_5-CALCA-TRICOT-ORLA.png?v=1755137626,https://cdn.shopify.com/s/files/1/0726/8083/3243/files/03021438_2276_6-CALCA-TRICOT-ORLA.png?v=1755137627,https://cdn.shopify.com/s/files/1/0726/8083/3243/files/03021438_2276_7-CALCA-TRICOT-ORLA.png?v=1755137626,https://cdn.shopify.com/s/files/1/0726/8083/3243/files/03021438_2276_8-CALCA-TRICOT-ORLA.png?v=1755137626,https://cdn.shopify.com/s/files/1/0726/8083/3243/files/03021438_2276_9-CALCA-TRICOT-ORLA.png?v=1755137627",,,,,,,,,0,Cores,Beige Grao,0,1,Beige Grao,Tamanhos,"S,M,L",0,1,S,,,,,,
,variation,8965823824091-1,Beige Grao Orla Lined Tricot Pants,1,0,visible,,,,,taxable,parent,1,,,,0,,,,,0,,,94,,,,,,,8.96582E+12,,,,,,1,Cores,Beige Grao,,1,,Tamanhos,S,,1,,,,,,,
,variation,8965823824091-2,Beige Grao Orla Lined Tricot Pants,1,0,visible,,,,,taxable,parent,1,,,,0,,,,,0,,,94,,,,,,,8.96582E+12,,,,,,2,Cores,Beige Grao,,1,,Tamanhos,M,,1,,,,,,,
,variation,8965823824091-3,Beige Grao Orla Lined Tricot Pants,1,0,visible,,,,,taxable,parent,1,,,,0,,,,,0,,,94,,,,,,,8.96582E+12,,,,,,3,Cores,Beige Grao,,1,,Tamanhos,L,,1,,,,,,,
,variable,8.96582E+12,Brown Asa Delta Drawstring Waist Side Pockets Pants,1,0,visible,,"Beautiful, light, and loose. The Brown Asa Delta Drawstring Waist Side Pockets Pants have a loose fit, an elastic waistband, and drawstring ties. Absolutely perfect!",,,taxable,,1,,,0,0,,,,,1,,,,Uncategorized,,,"https://cdn.shopify.com/s/files/1/0726/8083/3243/files/03070219_471_1-CALCA-COS-ELASTICO-ESTAMPA-ASA-DELTA.png?v=1755137632,https://cdn.shopify.com/s/files/1/0726/8083/3243/files/03070219_471_2-CALCA-COS-ELASTICO-ESTAMPA-ASA-DELTA.png?v=1755137632,https://cdn.shopify.com/s/files/1/0726/8083/3243/files/03070219_471_3-CALCA-COS-ELASTICO-ESTAMPA-ASA-DELTA.png?v=1755137632,https://cdn.shopify.com/s/files/1/0726/8083/3243/files/03070219_471_4-CALCA-COS-ELASTICO-ESTAMPA-ASA-DELTA.png?v=1755137632,https://cdn.shopify.com/s/files/1/0726/8083/3243/files/03070219_471_5-CALCA-COS-ELASTICO-ESTAMPA-ASA-DELTA.png?v=1755137632,https://cdn.shopify.com/s/files/1/0726/8083/3243/files/03070219_471_6-CALCA-COS-ELASTICO-ESTAMPA-ASA-DELTA.png?v=1755137632,https://cdn.shopify.com/s/files/1/0726/8083/3243/files/03070219_471_7-CALCA-COS-ELASTICO-ESTAMPA-ASA-DELTA.png?v=1755137633",,,,,,,,,0,Cores,Brown Asa Delta,0,1,Brown Asa Delta,Tamanhos,"0,2,4,6,8,10",0,1,0,,,,,,
,variation,8965823856859-1,Brown Asa Delta Drawstring Waist Side Pockets Pants,1,0,visible,,,,,taxable,parent,1,,,,0,,,,,0,,,59,,,,,,,8.96582E+12,,,,,,1,Cores,Brown Asa Delta,,1,,Tamanhos,0,,1,,,,,,,
,variation,8965823856859-2,Brown Asa Delta Drawstring Waist Side Pockets Pants,1,0,visible,,,,,taxable,parent,1,,,,0,,,,,0,,,59,,,,,,,8.96582E+12,,,,,,2,Cores,Brown Asa Delta,,1,,Tamanhos,2,,1,,,,,,,
,variation,8965823856859-3,Brown Asa Delta Drawstring Waist Side Pockets Pants,1,0,visible,,,,,taxable,parent,1,,,,0,,,,,0,,,59,,,,,,,8.96582E+12,,,,,,3,Cores,Brown Asa Delta,,1,,Tamanhos,4,,1,,,,,,,
,variation,8965823856859-4,Brown Asa Delta Drawstring Waist Side Pockets Pants,1,0,visible,,,,,taxable,parent,1,,,,0,,,,,0,,,59,,,,,,,8.96582E+12,,,,,,4,Cores,Brown Asa Delta,,1,,Tamanhos,6,,1,,,,,,,
,variation,8965823856859-5,Brown Asa Delta Drawstring Waist Side Pockets Pants,1,0,visible,,,,,taxable,parent,1,,,,0,,,,,0,,,59,,,,,,,8.96582E+12,,,,,,5,Cores,Brown Asa Delta,,1,,Tamanhos,8,,1,,,,,,,
,variation,8965823856859-6,Brown Asa Delta Drawstring Waist Side Pockets Pants,1,0,visible,,,,,taxable,parent,1,,,,0,,,,,0,,,59,,,,,,,8.96582E+12,,,,,,6,Cores,Brown Asa Delta,,1,,Tamanhos,10,,1,,,,,,,
,variable,8.96583E+12,Brown And Beige Side Pockets Linen Pants,1,0,visible,,"Modern and stylish. Our two-tone Brown And Beige Side Pockets Linen Pants are made of linen, have a wide-leg style, a high waist, and pockets. Absolutely perfect!",,,taxable,,1,,,0,0,,,,,1,,,,Uncategorized,,,"https://cdn.shopify.com/s/files/1/0726/8083/3243/files/03130782_2345_1-CALCA-LINHO-BICOLOR.png?v=1755137789,https://cdn.shopify.com/s/files/1/0726/8083/3243/files/03130782_2345_2-CALCA-LINHO-BICOLOR.png?v=1755137789,https://cdn.shopify.com/s/files/1/0726/8083/3243/files/03130782_2345_3-CALCA-LINHO-BICOLOR.png?v=1755137789,https://cdn.shopify.com/s/files/1/0726/8083/3243/files/03130782_2345_4-CALCA-LINHO-BICOLOR.png?v=1755137789,https://cdn.shopify.com/s/files/1/0726/8083/3243/files/03130782_2345_5-CALCA-LINHO-BICOLOR.png?v=1755137789,https://cdn.shopify.com/s/files/1/0726/8083/3243/files/03130782_2345_6-CALCA-LINHO-BICOLOR.png?v=1755137789,https://cdn.shopify.com/s/files/1/0726/8083/3243/files/03130782_2345_7-CALCA-LINHO-BICOLOR.png?v=1755137789",,,,,,,,,0,Cores,Brown And Beige,0,1,Brown And Beige,Tamanhos,"0,2,4,6,8,10",0,1,0,,,,,,
,variation,8965825069275-1,Brown And Beige Side Pockets Linen Pants,1,0,visible,,,,,taxable,parent,1,,,,0,,,,,0,,,79,,,,,,,8.96583E+12,,,,,,1,Cores,Brown And Beige,,1,,Tamanhos,0,,1,,,,,,,
,variation,8965825069275-2,Brown And Beige Side Pockets Linen Pants,1,0,visible,,,,,taxable,parent,1,,,,0,,,,,0,,,79,,,,,,,8.96583E+12,,,,,,2,Cores,Brown And Beige,,1,,Tamanhos,2,,1,,,,,,,
,variation,8965825069275-3,Brown And Beige Side Pockets Linen Pants,1,0,visible,,,,,taxable,parent,1,,,,0,,,,,0,,,79,,,,,,,8.96583E+12,,,,,,3,Cores,Brown And Beige,,1,,Tamanhos,4,,1,,,,,,,
,variation,8965825069275-4,Brown And Beige Side Pockets Linen Pants,1,0,visible,,,,,taxable,parent,1,,,,0,,,,,0,,,79,,,,,,,8.96583E+12,,,,,,4,Cores,Brown And Beige,,1,,Tamanhos,6,,1,,,,,,,
,variation,8965825069275-5,Brown And Beige Side Pockets Linen Pants,1,0,visible,,,,,taxable,parent,1,,,,0,,,,,0,,,79,,,,,,,8.96583E+12,,,,,,5,Cores,Brown And Beige,,1,,Tamanhos,8,,1,,,,,,,
,variation,8965825069275-6,Brown And Beige Side Pockets Linen Pants,1,0,visible,,,,,taxable,parent,1,,,,0,,,,,0,,,79,,,,,,,8.96583E+12,,,,,,6,Cores,Brown And Beige,,1,,Tamanhos,10,,1,,,,,,,
,variable,8.96583E+12,Beige Leme Tailored Cotton Pants,1,0,visible,,"""Our Beige Leme Tailored Cotton Pants are a stylish and casual choice, perfect for creating a unique look. With a relaxed fit, they feature pockets, a high waist, a belt loop, and are made using sustainable practices. Caring for 100% cotton pieces is essential to maintaining their quality and beauty. Here are some simple tips: - GENTLE WASHING: wash your clothes on a gentle cycle, with cold or warm water, to prevent shrinkage and preserve colors. - NATURAL DRYING: avoid the dryer by hanging clothes outside or on a clothesline to dry naturally. - AVOID BLEACHES: harsh products can weaken fibers and fade colors. Use mild detergents. - PROPER STORAGE: store clothes in well-ventilated areas, away from direct sunlight, and hang them flat to prevent wrinkles. Choosing 100% cotton styles means opting for comfort, durability, and sustainability. With proper care, your pieces will remain beautiful and comfortable for many years to come.""",,,taxable,,1,,,0,0,,,,,1,,,,Uncategorized,,,"https://cdn.shopify.com/s/files/1/0726/8083/3243/files/03130807_2333_1-CALCA-CARGO-ALGODAO.png?v=1755137936,https://cdn.shopify.com/s/files/1/0726/8083/3243/files/03130807_2333_2-CALCA-CARGO-ALGODAO.png?v=1755137935,https://cdn.shopify.com/s/files/1/0726/8083/3243/files/03130807_2333_3-CALCA-CARGO-ALGODAO.png?v=1755137935,https://cdn.shopify.com/s/files/1/0726/8083/3243/files/03130807_2333_4-CALCA-CARGO-ALGODAO.png?v=1755137936,https://cdn.shopify.com/s/files/1/0726/8083/3243/files/03130807_2333_5-CALCA-CARGO-ALGODAO.png?v=1755137935,https://cdn.shopify.com/s/files/1/0726/8083/3243/files/03130807_2333_6-CALCA-CARGO-ALGODAO.png?v=1755137935,https://cdn.shopify.com/s/files/1/0726/8083/3243/files/03130807_2333_7-CALCA-CARGO-ALGODAO.png?v=1755137936",,,,,,,,,0,Cores,Beige Leme,0,1,Beige Leme,Tamanhos,"XXS,XS,S,M,L",0,1,XXS,,,,,,
,variation,8965827887323-1,Beige Leme Tailored Cotton Pants,1,0,visible,,,,,taxable,parent,1,,,,0,,,,,0,,,69,,,,,,,8.96583E+12,,,,,,1,Cores,Beige Leme,,1,,Tamanhos,XXS,,1,,,,,,,
,variation,8965827887323-2,Beige Leme Tailored Cotton Pants,1,0,visible,,,,,taxable,parent,1,,,,0,,,,,0,,,69,,,,,,,8.96583E+12,,,,,,2,Cores,Beige Leme,,1,,Tamanhos,XS,,1,,,,,,,
,variation,8965827887323-3,Beige Leme Tailored Cotton Pants,1,0,visible,,,,,taxable,parent,1,,,,0,,,,,0,,,69,,,,,,,8.96583E+12,,,,,,3,Cores,Beige Leme,,1,,Tamanhos,S,,1,,,,,,,
,variation,8965827887323-4,Beige Leme Tailored Cotton Pants,1,0,visible,,,,,taxable,parent,1,,,,0,,,,,0,,,69,,,,,,,8.96583E+12,,,,,,4,Cores,Beige Leme,,1,,Tamanhos,M,,1,,,,,,,
,variation,8965827887323-5,Beige Leme Tailored Cotton Pants,1,0,visible,,,,,taxable,parent,1,,,,0,,,,,0,,,69,,,,,,,8.96583E+12,,,,,,5,Cores,Beige Leme,,1,,Tamanhos,L,,1,,,,,,,
,variable,8.96583E+12,Beige Leme Belted Cotton Cargo Pants,1,0,visible,,"Our Beige Leme Belted Cotton Cargo Pants are the perfect choice for a casual and relaxed day. They are made of cotton for greater comfort and durability. These pants feature a cropped length, high waist, and pockets, with the charm coming from the belt that allows you to accentuate your silhouette in an elegant way.",,,taxable,,1,,,0,0,,,,,1,,,,Uncategorized,,,"https://cdn.shopify.com/s/files/1/0726/8083/3243/files/03130789_2333_1-CALCA-ALGODAO-CARGO-CINTO.png?v=1755137834,https://cdn.shopify.com/s/files/1/0726/8083/3243/files/03130789_2333_2-CALCA-ALGODAO-CARGO-CINTO.png?v=1755137834,https://cdn.shopify.com/s/files/1/0726/8083/3243/files/03130789_2333_3-CALCA-ALGODAO-CARGO-CINTO.png?v=1755137834,https://cdn.shopify.com/s/files/1/0726/8083/3243/files/03130789_2333_4-CALCA-ALGODAO-CARGO-CINTO.png?v=1755137834,https://cdn.shopify.com/s/files/1/0726/8083/3243/files/03130789_2333_5-CALCA-ALGODAO-CARGO-CINTO.png?v=1755137834,https://cdn.shopify.com/s/files/1/0726/8083/3243/files/03130789_2333_6-CALCA-ALGODAO-CARGO-CINTO.png?v=1755137834,https://cdn.shopify.com/s/files/1/0726/8083/3243/files/03130789_2333_7-CALCA-ALGODAO-CARGO-CINTO.png?v=1755137835,https://cdn.shopify.com/s/files/1/0726/8083/3243/files/03130789_2333_9-CALCA-ALGODAO-CARGO-CINTO.png?v=1755137834",,,,,,,,,0,Cores,Beige Leme,0,1,Beige Leme,Tamanhos,"0,2,4,6,8,10",0,1,0,,,,,,
,variation,8965825986779-1,Beige Leme Belted Cotton Cargo Pants,1,0,visible,,,,,taxable,parent,1,,,,0,,,,,0,,,79,,,,,,,8.96583E+12,,,,,,1,Cores,Beige Leme,,1,,Tamanhos,0,,1,,,,,,,
,variation,8965825986779-2,Beige Leme Belted Cotton Cargo Pants,1,0,visible,,,,,taxable,parent,1,,,,0,,,,,0,,,79,,,,,,,8.96583E+12,,,,,,2,Cores,Beige Leme,,1,,Tamanhos,2,,1,,,,,,,
,variation,8965825986779-3,Beige Leme Belted Cotton Cargo Pants,1,0,visible,,,,,taxable,parent,1,,,,0,,,,,0,,,79,,,,,,,8.96583E+12,,,,,,3,Cores,Beige Leme,,1,,Tamanhos,4,,1,,,,,,,
,variation,8965825986779-4,Beige Leme Belted Cotton Cargo Pants,1,0,visible,,,,,taxable,parent,1,,,,0,,,,,0,,,79,,,,,,,8.96583E+12,,,,,,4,Cores,Beige Leme,,1,,Tamanhos,6,,1,,,,,,,
,variation,8965825986779-5,Beige Leme Belted Cotton Cargo Pants,1,0,visible,,,,,taxable,parent,1,,,,0,,,,,0,,,79,,,,,,,8.96583E+12,,,,,,5,Cores,Beige Leme,,1,,Tamanhos,8,,1,,,,,,,
,variation,8965825986779-6,Beige Leme Belted Cotton Cargo Pants,1,0,visible,,,,,taxable,parent,1,,,,0,,,,,0,,,79,,,,,,,8.96583E+12,,,,,,6,Cores,Beige Leme,,1,,Tamanhos,10,,1,,,,,,,
,variable,8.96582E+12,Beige Side Pockets Carrot Linen Pants,1,0,visible,,"Elegant and charming. The Beige Side Pockets Carrot Linen Pants feature a carrot-shaped design, high waist, pockets, pleats, and an elastic waistband at the back for a perfect fit.",,,taxable,,1,,,0,0,,,,,1,,,,Uncategorized,,,"https://cdn.shopify.com/s/files/1/0726/8083/3243/files/03130780_2333_1-CALCA-LINHO-CENOURA.png?v=1755137756,https://cdn.shopify.com/s/files/1/0726/8083/3243/files/03130780_2333_2-CALCA-LINHO-CENOURA.png?v=1755137756,https://cdn.shopify.com/s/files/1/0726/8083/3243/files/03130780_2333_3-CALCA-LINHO-CENOURA.png?v=1755137756,https://cdn.shopify.com/s/files/1/0726/8083/3243/files/03130780_2333_4-CALCA-LINHO-CENOURA.png?v=1755137756,https://cdn.shopify.com/s/files/1/0726/8083/3243/files/03130780_2333_5-CALCA-LINHO-CENOURA.png?v=1755137756,https://cdn.shopify.com/s/files/1/0726/8083/3243/files/03130780_2333_6-CALCA-LINHO-CENOURA.png?v=1755137755,https://cdn.shopify.com/s/files/1/0726/8083/3243/files/03130780_2333_7-CALCA-LINHO-CENOURA.png?v=1755137756",,,,,,,,,0,Cores,Leme Beige,0,1,Leme Beige,Tamanhos,"0,2,4,6,8,10",0,1,0,,,,,,
,variation,8965824610523-1,Beige Side Pockets Carrot Linen Pants,1,0,visible,,,,,taxable,parent,1,,,,0,,,,,0,,,64,,,,,,,8.96582E+12,,,,,,1,Cores,Leme Beige,,1,,Tamanhos,0,,1,,,,,,,
,variation,8965824610523-2,Beige Side Pockets Carrot Linen Pants,1,0,visible,,,,,taxable,parent,1,,,,0,,,,,0,,,64,,,,,,,8.96582E+12,,,,,,2,Cores,Leme Beige,,1,,Tamanhos,2,,1,,,,,,,
,variation,8965824610523-3,Beige Side Pockets Carrot Linen Pants,1,0,visible,,,,,taxable,parent,1,,,,0,,,,,0,,,64,,,,,,,8.96582E+12,,,,,,3,Cores,Leme Beige,,1,,Tamanhos,4,,1,,,,,,,
,variation,8965824610523-4,Beige Side Pockets Carrot Linen Pants,1,0,visible,,,,,taxable,parent,1,,,,0,,,,,0,,,64,,,,,,,8.96582E+12,,,,,,4,Cores,Leme Beige,,1,,Tamanhos,6,,1,,,,,,,
,variation,8965824610523-5,Beige Side Pockets Carrot Linen Pants,1,0,visible,,,,,taxable,parent,1,,,,0,,,,,0,,,64,,,,,,,8.96582E+12,,,,,,5,Cores,Leme Beige,,1,,Tamanhos,8,,1,,,,,,,
,variation,8965824610523-6,Beige Side Pockets Carrot Linen Pants,1,0,visible,,,,,taxable,parent,1,,,,0,,,,,0,,,64,,,,,,,8.96582E+12,,,,,,6,Cores,Leme Beige,,1,,Tamanhos,10,,1,,,,,,,
,variable,8.96582E+12,Green Urca Side Pockets Carrot Linen Pants,1,0,visible,,"Elegant and charming. The Green Urca Side Pockets Carrot Linen Pants feature a carrot-shaped design, high waist, pockets, pleats, and an elastic waistband at the back for a perfect fit.",,,taxable,,1,,,0,0,,,,,1,,,,Uncategorized,,,"https://cdn.shopify.com/s/files/1/0726/8083/3243/files/03130780_2341_1-CALCA-LINHO-CENOURA.png?v=1755137763,https://cdn.shopify.com/s/files/1/0726/8083/3243/files/03130780_2341_2-CALCA-LINHO-CENOURA.png?v=1755137763,https://cdn.shopify.com/s/files/1/0726/8083/3243/files/03130780_2341_3-CALCA-LINHO-CENOURA.png?v=1755137763,https://cdn.shopify.com/s/files/1/0726/8083/3243/files/03130780_2341_4-CALCA-LINHO-CENOURA.png?v=1755137763,https://cdn.shopify.com/s/files/1/0726/8083/3243/files/03130780_2341_5-CALCA-LINHO-CENOURA.png?v=1755137763,https://cdn.shopify.com/s/files/1/0726/8083/3243/files/03130780_2341_6-CALCA-LINHO-CENOURA.png?v=1755137763,https://cdn.shopify.com/s/files/1/0726/8083/3243/files/03130780_2341_7-CALCA-LINHO-CENOURA.png?v=1755137764,https://cdn.shopify.com/s/files/1/0726/8083/3243/files/03130780_2341_8-CALCA-LINHO-CENOURA.png?v=1755137763",,,,,,,,,0,Cores,Urca Green,0,1,Urca Green,Tamanhos,"0,2,4,6,8,10",0,1,0,,,,,,
,variation,8965824643291-1,Green Urca Side Pockets Carrot Linen Pants,1,0,visible,,,,,taxable,parent,1,,,,0,,,,,0,,,64,,,,,,,8.96582E+12,,,,,,1,Cores,Urca Green,,1,,Tamanhos,0,,1,,,,,,,
,variation,8965824643291-2,Green Urca Side Pockets Carrot Linen Pants,1,0,visible,,,,,taxable,parent,1,,,,0,,,,,0,,,64,,,,,,,8.96582E+12,,,,,,2,Cores,Urca Green,,1,,Tamanhos,2,,1,,,,,,,
,variation,8965824643291-3,Green Urca Side Pockets Carrot Linen Pants,1,0,visible,,,,,taxable,parent,1,,,,0,,,,,0,,,64,,,,,,,8.96582E+12,,,,,,3,Cores,Urca Green,,1,,Tamanhos,4,,1,,,,,,,
,variation,8965824643291-4,Green Urca Side Pockets Carrot Linen Pants,1,0,visible,,,,,taxable,parent,1,,,,0,,,,,0,,,64,,,,,,,8.96582E+12,,,,,,4,Cores,Urca Green,,1,,Tamanhos,6,,1,,,,,,,
,variation,8965824643291-5,Green Urca Side Pockets Carrot Linen Pants,1,0,visible,,,,,taxable,parent,1,,,,0,,,,,0,,,64,,,,,,,8.96582E+12,,,,,,5,Cores,Urca Green,,1,,Tamanhos,8,,1,,,,,,,
,variation,8965824643291-6,Green Urca Side Pockets Carrot Linen Pants,1,0,visible,,,,,taxable,parent,1,,,,0,,,,,0,,,64,,,,,,,8.96582E+12,,,,,,6,Cores,Urca Green,,1,,Tamanhos,10,,1,,,,,,,
,variable,8.96583E+12,Orange Samba Side Pockets Tied Hem Pants,1,0,visible,,"Stylish, elegant, and with a touch of modernity. Our Orange Samba Side Pockets Tied Hem Pants feature a loose fit, high waist, pockets, a fitted hem with ties, and an elastic waistband for a comfortable fit.",,,taxable,,1,,,0,0,,,,,1,,,,Uncategorized,,,"https://cdn.shopify.com/s/files/1/0726/8083/3243/files/03130792_2335_1-CALCA-PUNHO-BARRA.png?v=1755137850,https://cdn.shopify.com/s/files/1/0726/8083/3243/files/03130792_2335_2-CALCA-PUNHO-BARRA.png?v=1755137849,https://cdn.shopify.com/s/files/1/0726/8083/3243/files/03130792_2335_3-CALCA-PUNHO-BARRA.png?v=1755137849,https://cdn.shopify.com/s/files/1/0726/8083/3243/files/03130792_2335_4-CALCA-PUNHO-BARRA.png?v=1755137849,https://cdn.shopify.com/s/files/1/0726/8083/3243/files/03130792_2335_5-CALCA-PUNHO-BARRA.png?v=1755137849,https://cdn.shopify.com/s/files/1/0726/8083/3243/files/03130792_2335_6-CALCA-PUNHO-BARRA.png?v=1755137850,https://cdn.shopify.com/s/files/1/0726/8083/3243/files/03130792_2335_7-CALCA-PUNHO-BARRA.png?v=1755137849,https://cdn.shopify.com/s/files/1/0726/8083/3243/files/03130792_2335_8-CALCA-PUNHO-BARRA.png?v=1755137849,https://cdn.shopify.com/s/files/1/0726/8083/3243/files/03130792_2335_9-CALCA-PUNHO-BARRA.png?v=1755137850",,,,,,,,,0,Cores,Orange Samba,0,1,Orange Samba,Tamanhos,"0,2,4,6,8,10",0,1,0,,,,,,
,variation,8965826379995-1,Orange Samba Side Pockets Tied Hem Pants,1,0,visible,,,,,taxable,parent,1,,,,0,,,,,0,,,69,,,,,,,8.96583E+12,,,,,,1,Cores,Orange Samba,,1,,Tamanhos,0,,1,,,,,,,
,variation,8965826379995-2,Orange Samba Side Pockets Tied Hem Pants,1,0,visible,,,,,taxable,parent,1,,,,0,,,,,0,,,69,,,,,,,8.96583E+12,,,,,,2,Cores,Orange Samba,,1,,Tamanhos,2,,1,,,,,,,
,variation,8965826379995-3,Orange Samba Side Pockets Tied Hem Pants,1,0,visible,,,,,taxable,parent,1,,,,0,,,,,0,,,69,,,,,,,8.96583E+12,,,,,,3,Cores,Orange Samba,,1,,Tamanhos,4,,1,,,,,,,
,variation,8965826379995-4,Orange Samba Side Pockets Tied Hem Pants,1,0,visible,,,,,taxable,parent,1,,,,0,,,,,0,,,69,,,,,,,8.96583E+12,,,,,,4,Cores,Orange Samba,,1,,Tamanhos,6,,1,,,,,,,
,variation,8965826379995-5,Orange Samba Side Pockets Tied Hem Pants,1,0,visible,,,,,taxable,parent,1,,,,0,,,,,0,,,69,,,,,,,8.96583E+12,,,,,,5,Cores,Orange Samba,,1,,Tamanhos,8,,1,,,,,,,
,variation,8965826379995-6,Orange Samba Side Pockets Tied Hem Pants,1,0,visible,,,,,taxable,parent,1,,,,0,,,,,0,,,69,,,,,,,8.96583E+12,,,,,,6,Cores,Orange Samba,,1,,Tamanhos,10,,1,,,,,,,
,variable,8.96583E+12,Brown Caffeine Side Pockets Tied Hem Pants,1,0,visible,,"Stylish, elegant, and with a touch of modernity. Our Brown Caffeine Side Pockets Tied Hem Pants feature a loose fit, high waist, pockets, a fitted hem with ties, and an elastic waistband for a comfortable fit.",,,taxable,,1,,,0,0,,,,,1,,,,Uncategorized,,,"https://cdn.shopify.com/s/files/1/0726/8083/3243/files/03130792_2345_1-CALCA-PUNHO-BARRA.png?v=1755137855,https://cdn.shopify.com/s/files/1/0726/8083/3243/files/03130792_2345_2-CALCA-PUNHO-BARRA.png?v=1755137855,https://cdn.shopify.com/s/files/1/0726/8083/3243/files/03130792_2345_3-CALCA-PUNHO-BARRA.png?v=1755137854,https://cdn.shopify.com/s/files/1/0726/8083/3243/files/03130792_2345_4-CALCA-PUNHO-BARRA.png?v=1755137855,https://cdn.shopify.com/s/files/1/0726/8083/3243/files/03130792_2345_5-CALCA-PUNHO-BARRA.png?v=1755137856,https://cdn.shopify.com/s/files/1/0726/8083/3243/files/03130792_2345_6-CALCA-PUNHO-BARRA.png?v=1755137855,https://cdn.shopify.com/s/files/1/0726/8083/3243/files/03130792_2345_7-CALCA-PUNHO-BARRA.png?v=1755137854,https://cdn.shopify.com/s/files/1/0726/8083/3243/files/03130792_2345_8-CALCA-PUNHO-BARRA.png?v=1755137856",,,,,,,,,0,Cores,Caffeine Brown,0,1,Caffeine Brown,Tamanhos,"0,2,4,6,8,10",0,1,0,,,,,,
,variation,8965826543835-1,Brown Caffeine Side Pockets Tied Hem Pants,1,0,visible,,,,,taxable,parent,1,,,,0,,,,,0,,,69,,,,,,,8.96583E+12,,,,,,1,Cores,Caffeine Brown,,1,,Tamanhos,0,,1,,,,,,,
,variation,8965826543835-2,Brown Caffeine Side Pockets Tied Hem Pants,1,0,visible,,,,,taxable,parent,1,,,,0,,,,,0,,,69,,,,,,,8.96583E+12,,,,,,2,Cores,Caffeine Brown,,1,,Tamanhos,2,,1,,,,,,,
,variation,8965826543835-3,Brown Caffeine Side Pockets Tied Hem Pants,1,0,visible,,,,,taxable,parent,1,,,,0,,,,,0,,,69,,,,,,,8.96583E+12,,,,,,3,Cores,Caffeine Brown,,1,,Tamanhos,4,,1,,,,,,,
,variation,8965826543835-4,Brown Caffeine Side Pockets Tied Hem Pants,1,0,visible,,,,,taxable,parent,1,,,,0,,,,,0,,,69,,,,,,,8.96583E+12,,,,,,4,Cores,Caffeine Brown,,1,,Tamanhos,6,,1,,,,,,,
,variation,8965826543835-5,Brown Caffeine Side Pockets Tied Hem Pants,1,0,visible,,,,,taxable,parent,1,,,,0,,,,,0,,,69,,,,,,,8.96583E+12,,,,,,5,Cores,Caffeine Brown,,1,,Tamanhos,8,,1,,,,,,,
,variation,8965826543835-6,Brown Caffeine Side Pockets Tied Hem Pants,1,0,visible,,,,,taxable,parent,1,,,,0,,,,,0,,,69,,,,,,,8.96583E+12,,,,,,6,Cores,Caffeine Brown,,1,,Tamanhos,10,,1,,,,,,,
,variable,8.96583E+12,Orange Samba Buttoned Waist Side Pockets Tailored Pants,1,0,visible,,"For a sophisticated and elegant look. The tailored Orange Samba Buttoned Waist Side Pockets Tailored Pants feature a wide-leg style, high waist, front pleats, and a flap at the waist for a charming look.",,,taxable,,1,,,0,0,,,,,1,,,,Uncategorized,,,"https://cdn.shopify.com/s/files/1/0726/8083/3243/files/03130786_2335_1-CALCA-ALFAIATARIA-ALETA-COS.png?v=1755137812,https://cdn.shopify.com/s/files/1/0726/8083/3243/files/03130786_2335_2-CALCA-ALFAIATARIA-ALETA-COS.png?v=1755137812,https://cdn.shopify.com/s/files/1/0726/8083/3243/files/03130786_2335_3-CALCA-ALFAIATARIA-ALETA-COS.png?v=1755137812,https://cdn.shopify.com/s/files/1/0726/8083/3243/files/03130786_2335_4-CALCA-ALFAIATARIA-ALETA-COS.png?v=1755137813,https://cdn.shopify.com/s/files/1/0726/8083/3243/files/03130786_2335_5-CALCA-ALFAIATARIA-ALETA-COS.png?v=1755137812,https://cdn.shopify.com/s/files/1/0726/8083/3243/files/03130786_2335_6-CALCA-ALFAIATARIA-ALETA-COS.png?v=1755137813",,,,,,,,,0,Cores,Samba Orange,0,1,Samba Orange,Tamanhos,"0,2,4,6,8,10",0,1,0,,,,,,
,variation,8965825528027-1,Orange Samba Buttoned Waist Side Pockets Tailored Pants,1,0,visible,,,,,taxable,parent,1,,,,0,,,,,0,,,79,,,,,,,8.96583E+12,,,,,,1,Cores,Samba Orange,,1,,Tamanhos,0,,1,,,,,,,
,variation,8965825528027-2,Orange Samba Buttoned Waist Side Pockets Tailored Pants,1,0,visible,,,,,taxable,parent,1,,,,0,,,,,0,,,79,,,,,,,8.96583E+12,,,,,,2,Cores,Samba Orange,,1,,Tamanhos,2,,1,,,,,,,
,variation,8965825528027-3,Orange Samba Buttoned Waist Side Pockets Tailored Pants,1,0,visible,,,,,taxable,parent,1,,,,0,,,,,0,,,79,,,,,,,8.96583E+12,,,,,,3,Cores,Samba Orange,,1,,Tamanhos,4,,1,,,,,,,
,variation,8965825528027-4,Orange Samba Buttoned Waist Side Pockets Tailored Pants,1,0,visible,,,,,taxable,parent,1,,,,0,,,,,0,,,79,,,,,,,8.96583E+12,,,,,,4,Cores,Samba Orange,,1,,Tamanhos,6,,1,,,,,,,
,variation,8965825528027-5,Orange Samba Buttoned Waist Side Pockets Tailored Pants,1,0,visible,,,,,taxable,parent,1,,,,0,,,,,0,,,79,,,,,,,8.96583E+12,,,,,,5,Cores,Samba Orange,,1,,Tamanhos,8,,1,,,,,,,
,variation,8965825528027-6,Orange Samba Buttoned Waist Side Pockets Tailored Pants,1,0,visible,,,,,taxable,parent,1,,,,0,,,,,0,,,79,,,,,,,8.96583E+12,,,,,,6,Cores,Samba Orange,,1,,Tamanhos,10,,1,,,,,,,
,variable,8.96583E+12,Brown Caffeine Buttoned Waist Side Pockets Tailored Pants,1,0,visible,,"For a sophisticated and elegant look. The tailored Brown Caffeine Buttoned Waist Side Pockets Tailored Pants feature a wide-leg style, high waist, front pleats, and a flap at the waist for a charming look.",,,taxable,,1,,,0,0,,,,,1,,,,Uncategorized,,,"https://cdn.shopify.com/s/files/1/0726/8083/3243/files/03130786_2345_1-CALCA-ALFAIATARIA-ALETA-COS.png?v=1755137818,https://cdn.shopify.com/s/files/1/0726/8083/3243/files/03130786_2345_2-CALCA-ALFAIATARIA-ALETA-COS.png?v=1755137818,https://cdn.shopify.com/s/files/1/0726/8083/3243/files/03130786_2345_3-CALCA-ALFAIATARIA-ALETA-COS.png?v=1755137819,https://cdn.shopify.com/s/files/1/0726/8083/3243/files/03130786_2345_4-CALCA-ALFAIATARIA-ALETA-COS.png?v=1755137818,https://cdn.shopify.com/s/files/1/0726/8083/3243/files/03130786_2345_5-CALCA-ALFAIATARIA-ALETA-COS.png?v=1755137818,https://cdn.shopify.com/s/files/1/0726/8083/3243/files/03130786_2345_6-CALCA-ALFAIATARIA-ALETA-COS.png?v=1755137819",,,,,,,,,0,Cores,Caffeine Brown,0,1,Caffeine Brown,Tamanhos,"0,2,4,6,8,10",0,1,0,,,,,,
,variation,8965825659099-1,Brown Caffeine Buttoned Waist Side Pockets Tailored Pants,1,0,visible,,,,,taxable,parent,1,,,,0,,,,,0,,,79,,,,,,,8.96583E+12,,,,,,1,Cores,Caffeine Brown,,1,,Tamanhos,0,,1,,,,,,,
,variation,8965825659099-2,Brown Caffeine Buttoned Waist Side Pockets Tailored Pants,1,0,visible,,,,,taxable,parent,1,,,,0,,,,,0,,,79,,,,,,,8.96583E+12,,,,,,2,Cores,Caffeine Brown,,1,,Tamanhos,2,,1,,,,,,,
,variation,8965825659099-3,Brown Caffeine Buttoned Waist Side Pockets Tailored Pants,1,0,visible,,,,,taxable,parent,1,,,,0,,,,,0,,,79,,,,,,,8.96583E+12,,,,,,3,Cores,Caffeine Brown,,1,,Tamanhos,4,,1,,,,,,,
,variation,8965825659099-4,Brown Caffeine Buttoned Waist Side Pockets Tailored Pants,1,0,visible,,,,,taxable,parent,1,,,,0,,,,,0,,,79,,,,,,,8.96583E+12,,,,,,4,Cores,Caffeine Brown,,1,,Tamanhos,6,,1,,,,,,,
,variation,8965825659099-5,Brown Caffeine Buttoned Waist Side Pockets Tailored Pants,1,0,visible,,,,,taxable,parent,1,,,,0,,,,,0,,,79,,,,,,,8.96583E+12,,,,,,5,Cores,Caffeine Brown,,1,,Tamanhos,8,,1,,,,,,,
,variation,8965825659099-6,Brown Caffeine Buttoned Waist Side Pockets Tailored Pants,1,0,visible,,,,,taxable,parent,1,,,,0,,,,,0,,,79,,,,,,,8.96583E+12,,,,,,6,Cores,Caffeine Brown,,1,,Tamanhos,10,,1,,,,,,,
,variable,8.96583E+12,Dark Denim Pockets Boyfriend Pants,1,0,visible,,"The Dark Denim Pockets Boyfriend Pants are the perfect choice for creating a wide range of cool looks and being ready for any occasion. With a loose fit, they feature a high waist, a belt loop waistband, pockets, and a dark wash. Perfect!",,,taxable,,1,,,0,0,,,,,1,,,,Uncategorized,,,"https://cdn.shopify.com/s/files/1/0726/8083/3243/files/03140569_352_1-CALCA-JEANS-BOYFRIEND-DARK.png?v=1755138073,https://cdn.shopify.com/s/files/1/0726/8083/3243/files/03140569_352_2-CALCA-JEANS-BOYFRIEND-DARK.png?v=1755138073,https://cdn.shopify.com/s/files/1/0726/8083/3243/files/03140569_352_3-CALCA-JEANS-BOYFRIEND-DARK.png?v=1755138073,https://cdn.shopify.com/s/files/1/0726/8083/3243/files/03140569_352_4-CALCA-JEANS-BOYFRIEND-DARK.png?v=1755138074,https://cdn.shopify.com/s/files/1/0726/8083/3243/files/03140569_352_5-CALCA-JEANS-BOYFRIEND-DARK.png?v=1755138075,https://cdn.shopify.com/s/files/1/0726/8083/3243/files/03140569_352_6-CALCA-JEANS-BOYFRIEND-DARK.png?v=1755138073,https://cdn.shopify.com/s/files/1/0726/8083/3243/files/03140569_352_7-CALCA-JEANS-BOYFRIEND-DARK.png?v=1755138075",,,,,,,,,0,Cores,Dark Denim,0,1,Dark Denim,Tamanhos,"0,2,4,6,8,10",0,1,0,,,,,,
,variation,8965829951707-1,Dark Denim Pockets Boyfriend Pants,1,0,visible,,,,,taxable,parent,1,,,,0,,,,,0,,,59,,,,,,,8.96583E+12,,,,,,1,Cores,Dark Denim,,1,,Tamanhos,0,,1,,,,,,,
,variation,8965829951707-2,Dark Denim Pockets Boyfriend Pants,1,0,visible,,,,,taxable,parent,1,,,,0,,,,,0,,,59,,,,,,,8.96583E+12,,,,,,2,Cores,Dark Denim,,1,,Tamanhos,2,,1,,,,,,,
,variation,8965829951707-3,Dark Denim Pockets Boyfriend Pants,1,0,visible,,,,,taxable,parent,1,,,,0,,,,,0,,,59,,,,,,,8.96583E+12,,,,,,3,Cores,Dark Denim,,1,,Tamanhos,4,,1,,,,,,,
,variation,8965829951707-4,Dark Denim Pockets Boyfriend Pants,1,0,visible,,,,,taxable,parent,1,,,,0,,,,,0,,,59,,,,,,,8.96583E+12,,,,,,4,Cores,Dark Denim,,1,,Tamanhos,6,,1,,,,,,,
,variation,8965829951707-5,Dark Denim Pockets Boyfriend Pants,1,0,visible,,,,,taxable,parent,1,,,,0,,,,,0,,,59,,,,,,,8.96583E+12,,,,,,5,Cores,Dark Denim,,1,,Tamanhos,8,,1,,,,,,,
,variation,8965829951707-6,Dark Denim Pockets Boyfriend Pants,1,0,visible,,,,,taxable,parent,1,,,,0,,,,,0,,,59,,,,,,,8.96583E+12,,,,,,6,Cores,Dark Denim,,1,,Tamanhos,10,,1,,,,,,,
,variable,8.96583E+12,Denim Pockets Seam Pants,1,0,visible,,"Our Denim Pockets Seam Pants are pure perfection, featuring a dark wash, topstitching details, pockets, a flap at the hem, and a loose fit. Invest in a denim corset with topstitching details for an incredible look!",,,taxable,,1,,,0,0,,,,,1,,,,Uncategorized,,,"https://cdn.shopify.com/s/files/1/0726/8083/3243/files/03140576_352_1-CALCA-JEANS-PESPONTOS.png?v=1755138099,https://cdn.shopify.com/s/files/1/0726/8083/3243/files/03140576_352_2-CALCA-JEANS-PESPONTOS.png?v=1755138099,https://cdn.shopify.com/s/files/1/0726/8083/3243/files/03140576_352_3-CALCA-JEANS-PESPONTOS.png?v=1755138100,https://cdn.shopify.com/s/files/1/0726/8083/3243/files/03140576_352_4-CALCA-JEANS-PESPONTOS.png?v=1755138100,https://cdn.shopify.com/s/files/1/0726/8083/3243/files/03140576_352_5-CALCA-JEANS-PESPONTOS.png?v=1755138100,https://cdn.shopify.com/s/files/1/0726/8083/3243/files/03140576_352_6-CALCA-JEANS-PESPONTOS.png?v=1755138100,https://cdn.shopify.com/s/files/1/0726/8083/3243/files/03140576_352_7-CALCA-JEANS-PESPONTOS.png?v=1755138101,https://cdn.shopify.com/s/files/1/0726/8083/3243/files/03.14.0576_352_9_9.png?v=1758419609",,,,,,,,,0,Cores,Denim,0,1,Denim,Tamanhos,"0,2,4,6,8,10",0,1,0,,,,,,
,variation,8965830377691-1,Denim Pockets Seam Pants,1,0,visible,,,,,taxable,parent,1,,,,0,,,,,0,,,84,,,,,,,8.96583E+12,,,,,,1,Cores,Denim,,1,,Tamanhos,0,,1,,,,,,,
,variation,8965830377691-2,Denim Pockets Seam Pants,1,0,visible,,,,,taxable,parent,1,,,,0,,,,,0,,,84,,,,,,,8.96583E+12,,,,,,2,Cores,Denim,,1,,Tamanhos,2,,1,,,,,,,
,variation,8965830377691-3,Denim Pockets Seam Pants,1,0,visible,,,,,taxable,parent,1,,,,0,,,,,0,,,84,,,,,,,8.96583E+12,,,,,,3,Cores,Denim,,1,,Tamanhos,4,,1,,,,,,,
,variation,8965830377691-4,Denim Pockets Seam Pants,1,0,visible,,,,,taxable,parent,1,,,,0,,,,,0,,,84,,,,,,,8.96583E+12,,,,,,4,Cores,Denim,,1,,Tamanhos,6,,1,,,,,,,
,variation,8965830377691-5,Denim Pockets Seam Pants,1,0,visible,,,,,taxable,parent,1,,,,0,,,,,0,,,84,,,,,,,8.96583E+12,,,,,,5,Cores,Denim,,1,,Tamanhos,8,,1,,,,,,,
,variation,8965830377691-6,Denim Pockets Seam Pants,1,0,visible,,,,,taxable,parent,1,,,,0,,,,,0,,,84,,,,,,,8.96583E+12,,,,,,6,Cores,Denim,,1,,Tamanhos,10,,1,,,,,,,
,variable,8.96583E+12,Indigo Blue Drawstring Waist Side Pockets Tied Hem Pants,1,0,visible,,"That incredible piece for creating casual and comfortable looks. Our Indigo Blue Drawstring Waist Side Pockets Tied Hem Pants feature an elastic waistband for a better fit, a high waist, pockets, a loose fit for movement, a fitted hem with ties, and a small side slit that's pure charm.",,,taxable,,1,,,0,0,,,,,1,,,,Uncategorized,,,"https://cdn.shopify.com/s/files/1/0726/8083/3243/files/03130790_365_1-CALCA-COS-ELASTICO-RECORTES.png?v=1755137839,https://cdn.shopify.com/s/files/1/0726/8083/3243/files/03130790_365_2-CALCA-COS-ELASTICO-RECORTES.png?v=1755137839,https://cdn.shopify.com/s/files/1/0726/8083/3243/files/03130790_365_3-CALCA-COS-ELASTICO-RECORTES.png?v=1755137839,https://cdn.shopify.com/s/files/1/0726/8083/3243/files/03130790_365_4-CALCA-COS-ELASTICO-RECORTES.png?v=1755137839,https://cdn.shopify.com/s/files/1/0726/8083/3243/files/03130790_365_5-CALCA-COS-ELASTICO-RECORTES.png?v=1755137839,https://cdn.shopify.com/s/files/1/0726/8083/3243/files/03130790_365_6-CALCA-COS-ELASTICO-RECORTES.png?v=1755137840",,,,,,,,,0,Cores,Indigo Blue,0,1,Indigo Blue,Tamanhos,"0,2,4,6,8,10",0,1,0,,,,,,
,variation,8965826183387-1,Indigo Blue Drawstring Waist Side Pockets Tied Hem Pants,1,0,visible,,,,,taxable,parent,1,,,,0,,,,,0,,,69,,,,,,,8.96583E+12,,,,,,1,Cores,Indigo Blue,,1,,Tamanhos,0,,1,,,,,,,
,variation,8965826183387-2,Indigo Blue Drawstring Waist Side Pockets Tied Hem Pants,1,0,visible,,,,,taxable,parent,1,,,,0,,,,,0,,,69,,,,,,,8.96583E+12,,,,,,2,Cores,Indigo Blue,,1,,Tamanhos,2,,1,,,,,,,
,variation,8965826183387-3,Indigo Blue Drawstring Waist Side Pockets Tied Hem Pants,1,0,visible,,,,,taxable,parent,1,,,,0,,,,,0,,,69,,,,,,,8.96583E+12,,,,,,3,Cores,Indigo Blue,,1,,Tamanhos,4,,1,,,,,,,
,variation,8965826183387-4,Indigo Blue Drawstring Waist Side Pockets Tied Hem Pants,1,0,visible,,,,,taxable,parent,1,,,,0,,,,,0,,,69,,,,,,,8.96583E+12,,,,,,4,Cores,Indigo Blue,,1,,Tamanhos,6,,1,,,,,,,
,variation,8965826183387-5,Indigo Blue Drawstring Waist Side Pockets Tied Hem Pants,1,0,visible,,,,,taxable,parent,1,,,,0,,,,,0,,,69,,,,,,,8.96583E+12,,,,,,5,Cores,Indigo Blue,,1,,Tamanhos,8,,1,,,,,,,
,variation,8965826183387-6,Indigo Blue Drawstring Waist Side Pockets Tied Hem Pants,1,0,visible,,,,,taxable,parent,1,,,,0,,,,,0,,,69,,,,,,,8.96583E+12,,,,,,6,Cores,Indigo Blue,,1,,Tamanhos,10,,1,,,,,,,
,variable,8.96583E+12,Denim Mare Pockets Wide-Leg Pants,1,0,visible,,"Our denim pieces are truly a must-have here. The Denim Mare Pockets Wide-Leg Pants feature a dark wash, modern cuts, pockets, a mid-rise, and a belt loop. Invest in a dark denim top for a perfect outfit.",,,taxable,,1,,,0,0,,,,,1,,,,Uncategorized,,,"https://cdn.shopify.com/s/files/1/0726/8083/3243/files/03140567_352_1-CALCA-JEANS-MARE-CHEIA.png?v=1755138062,https://cdn.shopify.com/s/files/1/0726/8083/3243/files/03140567_352_2-CALCA-JEANS-MARE-CHEIA.png?v=1755138063,https://cdn.shopify.com/s/files/1/0726/8083/3243/files/03140567_352_3-CALCA-JEANS-MARE-CHEIA.png?v=1755138062,https://cdn.shopify.com/s/files/1/0726/8083/3243/files/03140567_352_4-CALCA-JEANS-MARE-CHEIA.png?v=1755138064,https://cdn.shopify.com/s/files/1/0726/8083/3243/files/03140567_352_5-CALCA-JEANS-MARE-CHEIA.png?v=1755138063,https://cdn.shopify.com/s/files/1/0726/8083/3243/files/03140567_352_6-CALCA-JEANS-MARE-CHEIA.png?v=1755138063",,,,,,,,,0,Cores,Denim,0,1,Denim,Tamanhos,"0,2,4,6,8,10",0,1,0,,,,,,
,variation,8965829787867-1,Denim Mare Pockets Wide-Leg Pants,1,0,visible,,,,,taxable,parent,1,,,,0,,,,,0,,,74,,,,,,,8.96583E+12,,,,,,1,Cores,Denim,,1,,Tamanhos,0,,1,,,,,,,
,variation,8965829787867-2,Denim Mare Pockets Wide-Leg Pants,1,0,visible,,,,,taxable,parent,1,,,,0,,,,,0,,,74,,,,,,,8.96583E+12,,,,,,2,Cores,Denim,,1,,Tamanhos,2,,1,,,,,,,
,variation,8965829787867-3,Denim Mare Pockets Wide-Leg Pants,1,0,visible,,,,,taxable,parent,1,,,,0,,,,,0,,,74,,,,,,,8.96583E+12,,,,,,3,Cores,Denim,,1,,Tamanhos,4,,1,,,,,,,
,variation,8965829787867-4,Denim Mare Pockets Wide-Leg Pants,1,0,visible,,,,,taxable,parent,1,,,,0,,,,,0,,,74,,,,,,,8.96583E+12,,,,,,4,Cores,Denim,,1,,Tamanhos,6,,1,,,,,,,
,variation,8965829787867-5,Denim Mare Pockets Wide-Leg Pants,1,0,visible,,,,,taxable,parent,1,,,,0,,,,,0,,,74,,,,,,,8.96583E+12,,,,,,5,Cores,Denim,,1,,Tamanhos,8,,1,,,,,,,
,variation,8965829787867-6,Denim Mare Pockets Wide-Leg Pants,1,0,visible,,,,,taxable,parent,1,,,,0,,,,,0,,,74,,,,,,,8.96583E+12,,,,,,6,Cores,Denim,,1,,Tamanhos,10,,1,,,,,,,
,variable,8.96583E+12,Denim Pockets Tailored Pants,1,0,visible,,"A great pair of blue denim is perfect for any occasion. Our Denim Pockets Tailored Pants have a double-belt waistband, high waist, pockets, and a wide hem. Perfect!",,,taxable,,1,,,0,0,,,,,1,,,,Uncategorized,,,"https://cdn.shopify.com/s/files/1/0726/8083/3243/files/03140579_352_1-CALCA-JEANS-ALFAIATARIA.png?v=1755138105,https://cdn.shopify.com/s/files/1/0726/8083/3243/files/03140579_352_2-CALCA-JEANS-ALFAIATARIA.png?v=1755138105,https://cdn.shopify.com/s/files/1/0726/8083/3243/files/03140579_352_3-CALCA-JEANS-ALFAIATARIA.png?v=1755138105,https://cdn.shopify.com/s/files/1/0726/8083/3243/files/03140579_352_4-CALCA-JEANS-ALFAIATARIA.png?v=1755138105,https://cdn.shopify.com/s/files/1/0726/8083/3243/files/03140579_352_5-CALCA-JEANS-ALFAIATARIA.png?v=1755138107,https://cdn.shopify.com/s/files/1/0726/8083/3243/files/03140579_352_6-CALCA-JEANS-ALFAIATARIA.png?v=1755138107,https://cdn.shopify.com/s/files/1/0726/8083/3243/files/03140579_352_7-CALCA-JEANS-ALFAIATARIA.png?v=1755138105,https://cdn.shopify.com/s/files/1/0726/8083/3243/files/03140579_352_8-CALCA-JEANS-ALFAIATARIA.png?v=1755138106",,,,,,,,,0,Cores,Denim,0,1,Denim,Tamanhos,"0,2,4,6,8,10",0,1,0,,,,,,
,variation,8965830475995-1,Denim Pockets Tailored Pants,1,0,visible,,,,,taxable,parent,1,,,,0,,,,,0,,,74,,,,,,,8.96583E+12,,,,,,1,Cores,Denim,,1,,Tamanhos,0,,1,,,,,,,
,variation,8965830475995-2,Denim Pockets Tailored Pants,1,0,visible,,,,,taxable,parent,1,,,,0,,,,,0,,,74,,,,,,,8.96583E+12,,,,,,2,Cores,Denim,,1,,Tamanhos,2,,1,,,,,,,
,variation,8965830475995-3,Denim Pockets Tailored Pants,1,0,visible,,,,,taxable,parent,1,,,,0,,,,,0,,,74,,,,,,,8.96583E+12,,,,,,3,Cores,Denim,,1,,Tamanhos,4,,1,,,,,,,
,variation,8965830475995-4,Denim Pockets Tailored Pants,1,0,visible,,,,,taxable,parent,1,,,,0,,,,,0,,,74,,,,,,,8.96583E+12,,,,,,4,Cores,Denim,,1,,Tamanhos,6,,1,,,,,,,
,variation,8965830475995-5,Denim Pockets Tailored Pants,1,0,visible,,,,,taxable,parent,1,,,,0,,,,,0,,,74,,,,,,,8.96583E+12,,,,,,5,Cores,Denim,,1,,Tamanhos,8,,1,,,,,,,
,variation,8965830475995-6,Denim Pockets Tailored Pants,1,0,visible,,,,,taxable,parent,1,,,,0,,,,,0,,,74,,,,,,,8.96583E+12,,,,,,6,Cores,Denim,,1,,Tamanhos,10,,1,,,,,,,
,variable,8.96583E+12,Brown Caffeine Side Pockets Tied Hem Pants,1,0,visible,,"Stylish, elegant, and with a touch of modernity. Our Brown Caffeine Side Pockets Tied Hem Pants feature a loose fit, high waist, pockets, a fitted hem with ties, and an elastic waistband for a comfortable fit.",,,taxable,,1,,,0,0,,,,,1,,,,Uncategorized,,,"https://cdn.shopify.com/s/files/1/0726/8083/3243/files/03130792_2345_1-CALCA-PUNHO-BARRA.png?v=1755137855,https://cdn.shopify.com/s/files/1/0726/8083/3243/files/03130792_2345_2-CALCA-PUNHO-BARRA.png?v=1755137855,https://cdn.shopify.com/s/files/1/0726/8083/3243/files/03130792_2345_3-CALCA-PUNHO-BARRA.png?v=1755137854,https://cdn.shopify.com/s/files/1/0726/8083/3243/files/03130792_2345_4-CALCA-PUNHO-BARRA.png?v=1755137855,https://cdn.shopify.com/s/files/1/0726/8083/3243/files/03130792_2345_5-CALCA-PUNHO-BARRA.png?v=1755137856,https://cdn.shopify.com/s/files/1/0726/8083/3243/files/03130792_2345_6-CALCA-PUNHO-BARRA.png?v=1755137855,https://cdn.shopify.com/s/files/1/0726/8083/3243/files/03130792_2345_7-CALCA-PUNHO-BARRA.png?v=1755137854,https://cdn.shopify.com/s/files/1/0726/8083/3243/files/03130792_2345_8-CALCA-PUNHO-BARRA.png?v=1755137856",,,,,,,,,0,Cores,Caffeine Brown,0,1,Caffeine Brown,Tamanhos,"0,2,4,6,8,10",0,1,0,,,,,,
,variation,8965826543835-1,Brown Caffeine Side Pockets Tied Hem Pants,1,0,visible,,,,,taxable,parent,1,,,,0,,,,,0,,,69,,,,,,,8.96583E+12,,,,,,1,Cores,Caffeine Brown,,1,,Tamanhos,0,,1,,,,,,,
,variation,8965826543835-2,Brown Caffeine Side Pockets Tied Hem Pants,1,0,visible,,,,,taxable,parent,1,,,,0,,,,,0,,,69,,,,,,,8.96583E+12,,,,,,2,Cores,Caffeine Brown,,1,,Tamanhos,2,,1,,,,,,,
,variation,8965826543835-3,Brown Caffeine Side Pockets Tied Hem Pants,1,0,visible,,,,,taxable,parent,1,,,,0,,,,,0,,,69,,,,,,,8.96583E+12,,,,,,3,Cores,Caffeine Brown,,1,,Tamanhos,4,,1,,,,,,,
,variation,8965826543835-4,Brown Caffeine Side Pockets Tied Hem Pants,1,0,visible,,,,,taxable,parent,1,,,,0,,,,,0,,,69,,,,,,,8.96583E+12,,,,,,4,Cores,Caffeine Brown,,1,,Tamanhos,6,,1,,,,,,,
,variation,8965826543835-5,Brown Caffeine Side Pockets Tied Hem Pants,1,0,visible,,,,,taxable,parent,1,,,,0,,,,,0,,,69,,,,,,,8.96583E+12,,,,,,5,Cores,Caffeine Brown,,1,,Tamanhos,8,,1,,,,,,,
,variation,8965826543835-6,Brown Caffeine Side Pockets Tied Hem Pants,1,0,visible,,,,,taxable,parent,1,,,,0,,,,,0,,,69,,,,,,,8.96583E+12,,,,,,6,Cores,Caffeine Brown,,1,,Tamanhos,10,,1,,,,,,,
,variable,9.01621E+12,Breeze Knit Pants,1,0,visible,,"The Breeze Knit Pants combine comfort and style in a versatile piece. Made from lightweight and soft knit fabric, they offer a fluid drape and pleasant touch, perfect for casual looks, leisure moments, or relaxed summer outfits with effortless elegance.",,,taxable,,1,,,0,0,,,,,1,,,,Uncategorized,,,"https://cdn.shopify.com/s/files/1/0726/8083/3243/files/03.02.1496_2360_1_1.png?v=1760990949,https://cdn.shopify.com/s/files/1/0726/8083/3243/files/03.02.1496_2360_2_2.png?v=1760990949,https://cdn.shopify.com/s/files/1/0726/8083/3243/files/03.02.1496_2360_3_3.png?v=1760990949,https://cdn.shopify.com/s/files/1/0726/8083/3243/files/03.02.1496_2360_4_4.png?v=1760990949,https://cdn.shopify.com/s/files/1/0726/8083/3243/files/03.02.1496_2360_5_5.png?v=1760990949",,,,,,,,,0,Cores,Chestnut Brown,0,1,Chestnut Brown,Tamanhos,"XXS,XS,S,M,L,XL",0,1,XXS,,,,,,
,variation,9016208163035-1,Breeze Knit Pants,1,0,visible,,,,,taxable,parent,1,,,,0,,,,,0,,,159,,,,,,,9.01621E+12,,,,,,1,Cores,Chestnut Brown,,1,,Tamanhos,XXS,,1,,,,,,,
,variation,9016208163035-2,Breeze Knit Pants,1,0,visible,,,,,taxable,parent,1,,,,0,,,,,0,,,159,,,,,,,9.01621E+12,,,,,,2,Cores,Chestnut Brown,,1,,Tamanhos,XS,,1,,,,,,,
,variation,9016208163035-3,Breeze Knit Pants,1,0,visible,,,,,taxable,parent,1,,,,0,,,,,0,,,159,,,,,,,9.01621E+12,,,,,,3,Cores,Chestnut Brown,,1,,Tamanhos,S,,1,,,,,,,
,variation,9016208163035-4,Breeze Knit Pants,1,0,visible,,,,,taxable,parent,1,,,,0,,,,,0,,,159,,,,,,,9.01621E+12,,,,,,4,Cores,Chestnut Brown,,1,,Tamanhos,M,,1,,,,,,,
,variation,9016208163035-5,Breeze Knit Pants,1,0,visible,,,,,taxable,parent,1,,,,0,,,,,0,,,159,,,,,,,9.01621E+12,,,,,,5,Cores,Chestnut Brown,,1,,Tamanhos,L,,1,,,,,,,
,variation,9016208163035-6,Breeze Knit Pants,1,0,visible,,,,,taxable,parent,1,,,,0,,,,,0,,,159,,,,,,,9.01621E+12,,,,,,6,Cores,Chestnut Brown,,1,,Tamanhos,XL,,1,,,,,,,
,variable,9.01621E+12,Brisa Knit Pants,1,0,visible,,"The Brisa Knit Pants combine comfort and style in a versatile piece. Crafted from a lightweight, soft knit, they provide a fluid fit and a pleasant touch.",,,taxable,,1,,,0,0,,,,,1,,,,Uncategorized,,,"https://cdn.shopify.com/s/files/1/0726/8083/3243/files/03.02.1496_2350_1_1.png?v=1760990943,https://cdn.shopify.com/s/files/1/0726/8083/3243/files/03.02.1496_2350_2_2.png?v=1760990943,https://cdn.shopify.com/s/files/1/0726/8083/3243/files/03.02.1496_2350_3_3.png?v=1760990943,https://cdn.shopify.com/s/files/1/0726/8083/3243/files/03.02.1496_2350_4_4.png?v=1760990943,https://cdn.shopify.com/s/files/1/0726/8083/3243/files/03.02.1496_2350_5_5.png?v=1760990943,https://cdn.shopify.com/s/files/1/0726/8083/3243/files/03.02.1496_2350_6_6.png?v=1760990945",,,,,,,,,0,Cores,Poetry Blue,0,1,Poetry Blue,Tamanhos,"XXS,XS,S,M,L,XL",0,1,XXS,,,,,,
,variation,9016208130267-1,Brisa Knit Pants,1,0,visible,,,,,taxable,parent,1,,,,0,,,,,0,,,159,,,,,,,9.01621E+12,,,,,,1,Cores,Poetry Blue,,1,,Tamanhos,XXS,,1,,,,,,,
,variation,9016208130267-2,Brisa Knit Pants,1,0,visible,,,,,taxable,parent,1,,,,0,,,,,0,,,159,,,,,,,9.01621E+12,,,,,,2,Cores,Poetry Blue,,1,,Tamanhos,XS,,1,,,,,,,
,variation,9016208130267-3,Brisa Knit Pants,1,0,visible,,,,,taxable,parent,1,,,,0,,,,,0,,,159,,,,,,,9.01621E+12,,,,,,3,Cores,Poetry Blue,,1,,Tamanhos,S,,1,,,,,,,
,variation,9016208130267-4,Brisa Knit Pants,1,0,visible,,,,,taxable,parent,1,,,,0,,,,,0,,,159,,,,,,,9.01621E+12,,,,,,4,Cores,Poetry Blue,,1,,Tamanhos,M,,1,,,,,,,
,variation,9016208130267-5,Brisa Knit Pants,1,0,visible,,,,,taxable,parent,1,,,,0,,,,,0,,,159,,,,,,,9.01621E+12,,,,,,5,Cores,Poetry Blue,,1,,Tamanhos,L,,1,,,,,,,
,variation,9016208130267-6,Brisa Knit Pants,1,0,visible,,,,,taxable,parent,1,,,,0,,,,,0,,,159,,,,,,,9.01621E+12,,,,,,6,Cores,Poetry Blue,,1,,Tamanhos,XL,,1,,,,,,,
,variable,8.96583E+12,Brown Pinstripe Pants,1,0,visible,,Calça Risca de Giz,,,taxable,,1,,,0,0,,,,,1,,,,Uncategorized,,,"https://cdn.shopify.com/s/files/1/0726/8083/3243/files/03.13.0826_2345_1_1.png?v=1758419548,https://cdn.shopify.com/s/files/1/0726/8083/3243/files/03.13.0826_2345_2_2.png?v=1758419548,https://cdn.shopify.com/s/files/1/0726/8083/3243/files/03.13.0826_2345_3_3.png?v=1758419548,https://cdn.shopify.com/s/files/1/0726/8083/3243/files/03.13.0826_2345_4_4.png?v=1758419548,https://cdn.shopify.com/s/files/1/0726/8083/3243/files/03.13.0826_2345_5_5.png?v=1758419548,https://cdn.shopify.com/s/files/1/0726/8083/3243/files/03.13.0826_2345_6_6.png?v=1758419548",,,,,,,,,0,Cores,Brown Pinstripe,0,1,Brown Pinstripe,Tamanhos,"XXS,XS,S,M,L",0,1,XXS,,,,,,
,variation,8965829001435-1,Brown Pinstripe Pants,1,0,visible,,,,,taxable,parent,1,,,,0,,,,,0,,,69,,,,,,,8.96583E+12,,,,,,1,Cores,Brown Pinstripe,,1,,Tamanhos,XXS,,1,,,,,,,
,variation,8965829001435-2,Brown Pinstripe Pants,1,0,visible,,,,,taxable,parent,1,,,,0,,,,,0,,,69,,,,,,,8.96583E+12,,,,,,2,Cores,Brown Pinstripe,,1,,Tamanhos,XS,,1,,,,,,,
,variation,8965829001435-3,Brown Pinstripe Pants,1,0,visible,,,,,taxable,parent,1,,,,0,,,,,0,,,69,,,,,,,8.96583E+12,,,,,,3,Cores,Brown Pinstripe,,1,,Tamanhos,S,,1,,,,,,,
,variation,8965829001435-4,Brown Pinstripe Pants,1,0,visible,,,,,taxable,parent,1,,,,0,,,,,0,,,69,,,,,,,8.96583E+12,,,,,,4,Cores,Brown Pinstripe,,1,,Tamanhos,M,,1,,,,,,,
,variation,8965829001435-5,Brown Pinstripe Pants,1,0,visible,,,,,taxable,parent,1,,,,0,,,,,0,,,69,,,,,,,8.96583E+12,,,,,,5,Cores,Brown Pinstripe,,1,,Tamanhos,L,,1,,,,,,,
,variable,9.03273E+12,Dress To Gift Card,1,0,visible,,<p><span>Check out our Dress To Gift Card! The gift card could be used when shopping online and in stores on any pair(s) of your choice. All you have to do is choose an amount to load up your gift card! </span></p>,,,taxable,,1,,,0,0,,,,,1,,,,Uncategorized,,,https://cdn.shopify.com/s/files/1/0726/8083/3243/files/gift_card_horizontal4.png?v=1763730156,,,,,,,,,0,Value,"$ 50,00,$ 100,00,$ 150,00,$ 200,00",0,1,"$ 50,00",,,,,,,,,,,
,variation,9032726446299-1,Dress To Gift Card,1,0,visible,,,,,taxable,parent,1,,,,0,,,,,0,,,50,,,,,,,9.03273E+12,,,,,,1,Value,"$ 50,00",,1,,,,,,,,,,,,
,variation,9032726446299-2,Dress To Gift Card,1,0,visible,,,,,taxable,parent,1,,,,0,,,,,0,,,100,,,,,,,9.03273E+12,,,,,,2,Value,"$ 100,00",,1,,,,,,,,,,,,
,variation,9032726446299-3,Dress To Gift Card,1,0,visible,,,,,taxable,parent,1,,,,0,,,,,0,,,150,,,,,,,9.03273E+12,,,,,,3,Value,"$ 150,00",,1,,,,,,,,,,,,
,variation,9032726446299-4,Dress To Gift Card,1,0,visible,,,,,taxable,parent,1,,,,0,,,,,0,,,200,,,,,,,9.03273E+12,,,,,,4,Value,"$ 200,00",,1,,,,,,,,,,,,
,variable,9.01626E+12,Knit Pants Hot Shorts,1,0,visible,,"Knit Pants Hot Shorts is made from lightweight knit with a subtle shimmer, featuring a fitted silhouette that flatters the body and adds practicality. A versatile piece for casual or sophisticated outfits.",,,taxable,,1,,,0,0,,,,,1,,,,Uncategorized,,,"https://cdn.shopify.com/s/files/1/0726/8083/3243/files/13.23.0005_198_1.png?v=1763989887,https://cdn.shopify.com/s/files/1/0726/8083/3243/files/13.23.0005_198_2.png?v=1763989887,https://cdn.shopify.com/s/files/1/0726/8083/3243/files/13.23.0005_198_3.png?v=1763989887,https://cdn.shopify.com/s/files/1/0726/8083/3243/files/13.23.0005_198_4.png?v=1763989888,https://cdn.shopify.com/s/files/1/0726/8083/3243/files/13.23.0005_198_5.png?v=1763989887,https://cdn.shopify.com/s/files/1/0726/8083/3243/files/13.23.0005_198_6.png?v=1763989887,https://cdn.shopify.com/s/files/1/0726/8083/3243/files/13.23.0005_198_7.png?v=1763989887,https://cdn.shopify.com/s/files/1/0726/8083/3243/files/13.23.0005_198_8.png?v=1763989887,https://cdn.shopify.com/s/files/1/0726/8083/3243/files/13.23.0005_198_4_8ec0d40f-5326-43e3-905f-d93330210dc9.png?v=1763993319",,,,,,,,,0,Cores,Off White,0,1,Off White,Tamanhos,"XXS,XS,S,M,L,XL",0,1,XXS,,,,,,
,variation,9016256659675-1,Knit Pants Hot Shorts,1,0,visible,,,,,taxable,parent,1,,,,0,,,,,0,,,169,,,,,,,9.01626E+12,,,,,,1,Cores,Off White,,1,,Tamanhos,XXS,,1,,,,,,,
,variation,9016256659675-2,Knit Pants Hot Shorts,1,0,visible,,,,,taxable,parent,1,,,,0,,,,,0,,,169,,,,,,,9.01626E+12,,,,,,2,Cores,Off White,,1,,Tamanhos,XS,,1,,,,,,,
,variation,9016256659675-3,Knit Pants Hot Shorts,1,0,visible,,,,,taxable,parent,1,,,,0,,,,,0,,,169,,,,,,,9.01626E+12,,,,,,3,Cores,Off White,,1,,Tamanhos,S,,1,,,,,,,
,variation,9016256659675-4,Knit Pants Hot Shorts,1,0,visible,,,,,taxable,parent,1,,,,0,,,,,0,,,169,,,,,,,9.01626E+12,,,,,,4,Cores,Off White,,1,,Tamanhos,M,,1,,,,,,,
,variation,9016256659675-5,Knit Pants Hot Shorts,1,0,visible,,,,,taxable,parent,1,,,,0,,,,,0,,,169,,,,,,,9.01626E+12,,,,,,5,Cores,Off White,,1,,Tamanhos,L,,1,,,,,,,
,variation,9016256659675-6,Knit Pants Hot Shorts,1,0,visible,,,,,taxable,parent,1,,,,0,,,,,0,,,169,,,,,,,9.01626E+12,,,,,,6,Cores,Off White,,1,,Tamanhos,XL,,1,,,,,,,
,variable,9.01621E+12,Embroidered-Hem Linen Pants,1,0,visible,,Linen Pants with Embroidered Hem perfect for elegant and comfortable looks.,,,taxable,,1,,,0,0,,,,,1,,,,Uncategorized,,,"https://cdn.shopify.com/s/files/1/0726/8083/3243/files/03.13.0882_198_1_1.png?v=1762282398,https://cdn.shopify.com/s/files/1/0726/8083/3243/files/03.13.0882_198_2_2.png?v=1762282398,https://cdn.shopify.com/s/files/1/0726/8083/3243/files/03.13.0882_198_3_3.png?v=1762282398,https://cdn.shopify.com/s/files/1/0726/8083/3243/files/03.13.0882_198_4_4.png?v=1762282399,https://cdn.shopify.com/s/files/1/0726/8083/3243/files/03.13.0882_198_5_5.png?v=1762282398,https://cdn.shopify.com/s/files/1/0726/8083/3243/files/03.13.0882_198_6_6.png?v=1762282398,https://cdn.shopify.com/s/files/1/0726/8083/3243/files/03.13.0882_198_7_7.png?v=1762282398,https://cdn.shopify.com/s/files/1/0726/8083/3243/files/03.13.0882_198_8_8.png?v=1762282398",,,,,,,,,0,Cores,Off White,0,1,Off White,Tamanhos,"0,2,4,6,8,10",0,1,0,,,,,,
,variation,9016212291803-1,Embroidered-Hem Linen Pants,1,0,visible,,,,,taxable,parent,1,,,,0,,,,,0,,,189,,,,,,,9.01621E+12,,,,,,1,Cores,Off White,,1,,Tamanhos,0,,1,,,,,,,
,variation,9016212291803-2,Embroidered-Hem Linen Pants,1,0,visible,,,,,taxable,parent,1,,,,0,,,,,0,,,189,,,,,,,9.01621E+12,,,,,,2,Cores,Off White,,1,,Tamanhos,2,,1,,,,,,,
,variation,9016212291803-3,Embroidered-Hem Linen Pants,1,0,visible,,,,,taxable,parent,1,,,,0,,,,,0,,,189,,,,,,,9.01621E+12,,,,,,3,Cores,Off White,,1,,Tamanhos,4,,1,,,,,,,
,variation,9016212291803-4,Embroidered-Hem Linen Pants,1,0,visible,,,,,taxable,parent,1,,,,0,,,,,0,,,189,,,,,,,9.01621E+12,,,,,,4,Cores,Off White,,1,,Tamanhos,6,,1,,,,,,,
,variation,9016212291803-5,Embroidered-Hem Linen Pants,1,0,visible,,,,,taxable,parent,1,,,,0,,,,,0,,,189,,,,,,,9.01621E+12,,,,,,5,Cores,Off White,,1,,Tamanhos,8,,1,,,,,,,
,variation,9016212291803-6,Embroidered-Hem Linen Pants,1,0,visible,,,,,taxable,parent,1,,,,0,,,,,0,,,189,,,,,,,9.01621E+12,,,,,,6,Cores,Off White,,1,,Tamanhos,10,,1,,,,,,,
,variable,9.01621E+12,Breeze Knit Pants,1,0,visible,,"The Breeze Knit Pants combine comfort and style in a versatile piece. Made from lightweight and soft knit fabric, they offer a fluid drape and pleasant touch, perfect for casual looks, leisure moments, or relaxed summer outfits with effortless elegance.",,,taxable,,1,,,0,0,,,,,1,,,,Uncategorized,,,"https://cdn.shopify.com/s/files/1/0726/8083/3243/files/03.02.1496_2360_1_1.png?v=1760990949,https://cdn.shopify.com/s/files/1/0726/8083/3243/files/03.02.1496_2360_2_2.png?v=1760990949,https://cdn.shopify.com/s/files/1/0726/8083/3243/files/03.02.1496_2360_3_3.png?v=1760990949,https://cdn.shopify.com/s/files/1/0726/8083/3243/files/03.02.1496_2360_4_4.png?v=1760990949,https://cdn.shopify.com/s/files/1/0726/8083/3243/files/03.02.1496_2360_5_5.png?v=1760990949",,,,,,,,,0,Cores,Chestnut Brown,0,1,Chestnut Brown,Tamanhos,"XXS,XS,S,M,L,XL",0,1,XXS,,,,,,
,variation,9016208163035-1,Breeze Knit Pants,1,0,visible,,,,,taxable,parent,1,,,,0,,,,,0,,,159,,,,,,,9.01621E+12,,,,,,1,Cores,Chestnut Brown,,1,,Tamanhos,XXS,,1,,,,,,,
,variation,9016208163035-2,Breeze Knit Pants,1,0,visible,,,,,taxable,parent,1,,,,0,,,,,0,,,159,,,,,,,9.01621E+12,,,,,,2,Cores,Chestnut Brown,,1,,Tamanhos,XS,,1,,,,,,,
,variation,9016208163035-3,Breeze Knit Pants,1,0,visible,,,,,taxable,parent,1,,,,0,,,,,0,,,159,,,,,,,9.01621E+12,,,,,,3,Cores,Chestnut Brown,,1,,Tamanhos,S,,1,,,,,,,
,variation,9016208163035-4,Breeze Knit Pants,1,0,visible,,,,,taxable,parent,1,,,,0,,,,,0,,,159,,,,,,,9.01621E+12,,,,,,4,Cores,Chestnut Brown,,1,,Tamanhos,M,,1,,,,,,,
,variation,9016208163035-5,Breeze Knit Pants,1,0,visible,,,,,taxable,parent,1,,,,0,,,,,0,,,159,,,,,,,9.01621E+12,,,,,,5,Cores,Chestnut Brown,,1,,Tamanhos,L,,1,,,,,,,
,variation,9016208163035-6,Breeze Knit Pants,1,0,visible,,,,,taxable,parent,1,,,,0,,,,,0,,,159,,,,,,,9.01621E+12,,,,,,6,Cores,Chestnut Brown,,1,,Tamanhos,XL,,1,,,,,,,
,variable,9.01621E+12,Linen Descanso Azul Print Pants,1,0,visible,,"Made of linen, the Descanso Azul Print Pants transmit natural charm and flair. It features pockets, a high waist, a waistband with belt loops, and a loose fit. Perfect!",,,taxable,,1,,,0,0,,,,,1,,,,Uncategorized,,,"https://cdn.shopify.com/s/files/1/0726/8083/3243/files/03.07.0262_471_1_1.png?v=1760990999,https://cdn.shopify.com/s/files/1/0726/8083/3243/files/03.07.0262_471_2_2.png?v=1760990999,https://cdn.shopify.com/s/files/1/0726/8083/3243/files/03.07.0262_471_3_3.png?v=1760990999,https://cdn.shopify.com/s/files/1/0726/8083/3243/files/03.07.0262_471_4_4.png?v=1760990999,https://cdn.shopify.com/s/files/1/0726/8083/3243/files/03.07.0262_471_5_5.png?v=1760990999,https://cdn.shopify.com/s/files/1/0726/8083/3243/files/03.07.0262_471_6_6.png?v=1760990999",,,,,,,,,0,Cores,Descanso Azul Print,0,1,Descanso Azul Print,Tamanhos,"0,2,4,6,8,10",0,1,0,,,,,,
,variation,9016208589019-1,Linen Descanso Azul Print Pants,1,0,visible,,,,,taxable,parent,1,,,,0,,,,,0,,,139,,,,,,,9.01621E+12,,,,,,1,Cores,Descanso Azul Print,,1,,Tamanhos,0,,1,,,,,,,
,variation,9016208589019-2,Linen Descanso Azul Print Pants,1,0,visible,,,,,taxable,parent,1,,,,0,,,,,0,,,139,,,,,,,9.01621E+12,,,,,,2,Cores,Descanso Azul Print,,1,,Tamanhos,2,,1,,,,,,,
,variation,9016208589019-3,Linen Descanso Azul Print Pants,1,0,visible,,,,,taxable,parent,1,,,,0,,,,,0,,,139,,,,,,,9.01621E+12,,,,,,3,Cores,Descanso Azul Print,,1,,Tamanhos,4,,1,,,,,,,
,variation,9016208589019-4,Linen Descanso Azul Print Pants,1,0,visible,,,,,taxable,parent,1,,,,0,,,,,0,,,139,,,,,,,9.01621E+12,,,,,,4,Cores,Descanso Azul Print,,1,,Tamanhos,6,,1,,,,,,,
,variation,9016208589019-5,Linen Descanso Azul Print Pants,1,0,visible,,,,,taxable,parent,1,,,,0,,,,,0,,,139,,,,,,,9.01621E+12,,,,,,5,Cores,Descanso Azul Print,,1,,Tamanhos,8,,1,,,,,,,
,variation,9016208589019-6,Linen Descanso Azul Print Pants,1,0,visible,,,,,taxable,parent,1,,,,0,,,,,0,,,139,,,,,,,9.01621E+12,,,,,,6,Cores,Descanso Azul Print,,1,,Tamanhos,10,,1,,,,,,,
,variable,9.01621E+12,Brisa Knit Pants,1,0,visible,,"The Brisa Knit Pants combine comfort and style in a versatile piece. Crafted from a lightweight, soft knit, they provide a fluid fit and a pleasant touch.",,,taxable,,1,,,0,0,,,,,1,,,,Uncategorized,,,"https://cdn.shopify.com/s/files/1/0726/8083/3243/files/03.02.1496_2350_1_1.png?v=1760990943,https://cdn.shopify.com/s/files/1/0726/8083/3243/files/03.02.1496_2350_2_2.png?v=1760990943,https://cdn.shopify.com/s/files/1/0726/8083/3243/files/03.02.1496_2350_3_3.png?v=1760990943,https://cdn.shopify.com/s/files/1/0726/8083/3243/files/03.02.1496_2350_4_4.png?v=1760990943,https://cdn.shopify.com/s/files/1/0726/8083/3243/files/03.02.1496_2350_5_5.png?v=1760990943,https://cdn.shopify.com/s/files/1/0726/8083/3243/files/03.02.1496_2350_6_6.png?v=1760990945",,,,,,,,,0,Cores,Poetry Blue,0,1,Poetry Blue,Tamanhos,"XXS,XS,S,M,L,XL",0,1,XXS,,,,,,
,variation,9016208130267-1,Brisa Knit Pants,1,0,visible,,,,,taxable,parent,1,,,,0,,,,,0,,,159,,,,,,,9.01621E+12,,,,,,1,Cores,Poetry Blue,,1,,Tamanhos,XXS,,1,,,,,,,
,variation,9016208130267-2,Brisa Knit Pants,1,0,visible,,,,,taxable,parent,1,,,,0,,,,,0,,,159,,,,,,,9.01621E+12,,,,,,2,Cores,Poetry Blue,,1,,Tamanhos,XS,,1,,,,,,,
,variation,9016208130267-3,Brisa Knit Pants,1,0,visible,,,,,taxable,parent,1,,,,0,,,,,0,,,159,,,,,,,9.01621E+12,,,,,,3,Cores,Poetry Blue,,1,,Tamanhos,S,,1,,,,,,,
,variation,9016208130267-4,Brisa Knit Pants,1,0,visible,,,,,taxable,parent,1,,,,0,,,,,0,,,159,,,,,,,9.01621E+12,,,,,,4,Cores,Poetry Blue,,1,,Tamanhos,M,,1,,,,,,,
,variation,9016208130267-5,Brisa Knit Pants,1,0,visible,,,,,taxable,parent,1,,,,0,,,,,0,,,159,,,,,,,9.01621E+12,,,,,,5,Cores,Poetry Blue,,1,,Tamanhos,L,,1,,,,,,,
,variation,9016208130267-6,Brisa Knit Pants,1,0,visible,,,,,taxable,parent,1,,,,0,,,,,0,,,159,,,,,,,9.01621E+12,,,,,,6,Cores,Poetry Blue,,1,,Tamanhos,XL,,1,,,,,,,
,variable,8.96583E+12,Brown Caffeine Buttoned Waist Side Pockets Tailored Pants,1,0,visible,,"For a sophisticated and elegant look. The tailored Brown Caffeine Buttoned Waist Side Pockets Tailored Pants feature a wide-leg style, high waist, front pleats, and a flap at the waist for a charming look.",,,taxable,,1,,,0,0,,,,,1,,,,Uncategorized,,,"https://cdn.shopify.com/s/files/1/0726/8083/3243/files/03130786_2345_1-CALCA-ALFAIATARIA-ALETA-COS.png?v=1755137818,https://cdn.shopify.com/s/files/1/0726/8083/3243/files/03130786_2345_2-CALCA-ALFAIATARIA-ALETA-COS.png?v=1755137818,https://cdn.shopify.com/s/files/1/0726/8083/3243/files/03130786_2345_3-CALCA-ALFAIATARIA-ALETA-COS.png?v=1755137819,https://cdn.shopify.com/s/files/1/0726/8083/3243/files/03130786_2345_4-CALCA-ALFAIATARIA-ALETA-COS.png?v=1755137818,https://cdn.shopify.com/s/files/1/0726/8083/3243/files/03130786_2345_5-CALCA-ALFAIATARIA-ALETA-COS.png?v=1755137818,https://cdn.shopify.com/s/files/1/0726/8083/3243/files/03130786_2345_6-CALCA-ALFAIATARIA-ALETA-COS.png?v=1755137819",,,,,,,,,0,Cores,Caffeine Brown,0,1,Caffeine Brown,Tamanhos,"0,2,4,6,8,10",0,1,0,,,,,,
,variation,8965825659099-1,Brown Caffeine Buttoned Waist Side Pockets Tailored Pants,1,0,visible,,,,,taxable,parent,1,,,,0,,,,,0,,,79,,,,,,,8.96583E+12,,,,,,1,Cores,Caffeine Brown,,1,,Tamanhos,0,,1,,,,,,,
,variation,8965825659099-2,Brown Caffeine Buttoned Waist Side Pockets Tailored Pants,1,0,visible,,,,,taxable,parent,1,,,,0,,,,,0,,,79,,,,,,,8.96583E+12,,,,,,2,Cores,Caffeine Brown,,1,,Tamanhos,2,,1,,,,,,,
,variation,8965825659099-3,Brown Caffeine Buttoned Waist Side Pockets Tailored Pants,1,0,visible,,,,,taxable,parent,1,,,,0,,,,,0,,,79,,,,,,,8.96583E+12,,,,,,3,Cores,Caffeine Brown,,1,,Tamanhos,4,,1,,,,,,,
,variation,8965825659099-4,Brown Caffeine Buttoned Waist Side Pockets Tailored Pants,1,0,visible,,,,,taxable,parent,1,,,,0,,,,,0,,,79,,,,,,,8.96583E+12,,,,,,4,Cores,Caffeine Brown,,1,,Tamanhos,6,,1,,,,,,,
,variation,8965825659099-5,Brown Caffeine Buttoned Waist Side Pockets Tailored Pants,1,0,visible,,,,,taxable,parent,1,,,,0,,,,,0,,,79,,,,,,,8.96583E+12,,,,,,5,Cores,Caffeine Brown,,1,,Tamanhos,8,,1,,,,,,,
,variation,8965825659099-6,Brown Caffeine Buttoned Waist Side Pockets Tailored Pants,1,0,visible,,,,,taxable,parent,1,,,,0,,,,,0,,,79,,,,,,,8.96583E+12,,,,,,6,Cores,Caffeine Brown,,1,,Tamanhos,10,,1,,,,,,,
,variable,8.96583E+12,Orange Samba Buttoned Waist Side Pockets Tailored Pants,1,0,visible,,"For a sophisticated and elegant look. The tailored Orange Samba Buttoned Waist Side Pockets Tailored Pants feature a wide-leg style, high waist, front pleats, and a flap at the waist for a charming look.",,,taxable,,1,,,0,0,,,,,1,,,,Uncategorized,,,"https://cdn.shopify.com/s/files/1/0726/8083/3243/files/03130786_2335_1-CALCA-ALFAIATARIA-ALETA-COS.png?v=1755137812,https://cdn.shopify.com/s/files/1/0726/8083/3243/files/03130786_2335_2-CALCA-ALFAIATARIA-ALETA-COS.png?v=1755137812,https://cdn.shopify.com/s/files/1/0726/8083/3243/files/03130786_2335_3-CALCA-ALFAIATARIA-ALETA-COS.png?v=1755137812,https://cdn.shopify.com/s/files/1/0726/8083/3243/files/03130786_2335_4-CALCA-ALFAIATARIA-ALETA-COS.png?v=1755137813,https://cdn.shopify.com/s/files/1/0726/8083/3243/files/03130786_2335_5-CALCA-ALFAIATARIA-ALETA-COS.png?v=1755137812,https://cdn.shopify.com/s/files/1/0726/8083/3243/files/03130786_2335_6-CALCA-ALFAIATARIA-ALETA-COS.png?v=1755137813",,,,,,,,,0,Cores,Samba Orange,0,1,Samba Orange,Tamanhos,"0,2,4,6,8,10",0,1,0,,,,,,
,variation,8965825528027-1,Orange Samba Buttoned Waist Side Pockets Tailored Pants,1,0,visible,,,,,taxable,parent,1,,,,0,,,,,0,,,79,,,,,,,8.96583E+12,,,,,,1,Cores,Samba Orange,,1,,Tamanhos,0,,1,,,,,,,
,variation,8965825528027-2,Orange Samba Buttoned Waist Side Pockets Tailored Pants,1,0,visible,,,,,taxable,parent,1,,,,0,,,,,0,,,79,,,,,,,8.96583E+12,,,,,,2,Cores,Samba Orange,,1,,Tamanhos,2,,1,,,,,,,
,variation,8965825528027-3,Orange Samba Buttoned Waist Side Pockets Tailored Pants,1,0,visible,,,,,taxable,parent,1,,,,0,,,,,0,,,79,,,,,,,8.96583E+12,,,,,,3,Cores,Samba Orange,,1,,Tamanhos,4,,1,,,,,,,
,variation,8965825528027-4,Orange Samba Buttoned Waist Side Pockets Tailored Pants,1,0,visible,,,,,taxable,parent,1,,,,0,,,,,0,,,79,,,,,,,8.96583E+12,,,,,,4,Cores,Samba Orange,,1,,Tamanhos,6,,1,,,,,,,
,variation,8965825528027-5,Orange Samba Buttoned Waist Side Pockets Tailored Pants,1,0,visible,,,,,taxable,parent,1,,,,0,,,,,0,,,79,,,,,,,8.96583E+12,,,,,,5,Cores,Samba Orange,,1,,Tamanhos,8,,1,,,,,,,
,variation,8965825528027-6,Orange Samba Buttoned Waist Side Pockets Tailored Pants,1,0,visible,,,,,taxable,parent,1,,,,0,,,,,0,,,79,,,,,,,8.96583E+12,,,,,,6,Cores,Samba Orange,,1,,Tamanhos,10,,1,,,,,,,
,variable,8.96583E+12,Brown Caffeine Side Pockets Tied Hem Pants,1,0,visible,,"Stylish, elegant, and with a touch of modernity. Our Brown Caffeine Side Pockets Tied Hem Pants feature a loose fit, high waist, pockets, a fitted hem with ties, and an elastic waistband for a comfortable fit.",,,taxable,,1,,,0,0,,,,,1,,,,Uncategorized,,,"https://cdn.shopify.com/s/files/1/0726/8083/3243/files/03130792_2345_1-CALCA-PUNHO-BARRA.png?v=1755137855,https://cdn.shopify.com/s/files/1/0726/8083/3243/files/03130792_2345_2-CALCA-PUNHO-BARRA.png?v=1755137855,https://cdn.shopify.com/s/files/1/0726/8083/3243/files/03130792_2345_3-CALCA-PUNHO-BARRA.png?v=1755137854,https://cdn.shopify.com/s/files/1/0726/8083/3243/files/03130792_2345_4-CALCA-PUNHO-BARRA.png?v=1755137855,https://cdn.shopify.com/s/files/1/0726/8083/3243/files/03130792_2345_5-CALCA-PUNHO-BARRA.png?v=1755137856,https://cdn.shopify.com/s/files/1/0726/8083/3243/files/03130792_2345_6-CALCA-PUNHO-BARRA.png?v=1755137855,https://cdn.shopify.com/s/files/1/0726/8083/3243/files/03130792_2345_7-CALCA-PUNHO-BARRA.png?v=1755137854,https://cdn.shopify.com/s/files/1/0726/8083/3243/files/03130792_2345_8-CALCA-PUNHO-BARRA.png?v=1755137856",,,,,,,,,0,Cores,Caffeine Brown,0,1,Caffeine Brown,Tamanhos,"0,2,4,6,8,10",0,1,0,,,,,,
,variation,8965826543835-1,Brown Caffeine Side Pockets Tied Hem Pants,1,0,visible,,,,,taxable,parent,1,,,,0,,,,,0,,,69,,,,,,,8.96583E+12,,,,,,1,Cores,Caffeine Brown,,1,,Tamanhos,0,,1,,,,,,,
,variation,8965826543835-2,Brown Caffeine Side Pockets Tied Hem Pants,1,0,visible,,,,,taxable,parent,1,,,,0,,,,,0,,,69,,,,,,,8.96583E+12,,,,,,2,Cores,Caffeine Brown,,1,,Tamanhos,2,,1,,,,,,,
,variation,8965826543835-3,Brown Caffeine Side Pockets Tied Hem Pants,1,0,visible,,,,,taxable,parent,1,,,,0,,,,,0,,,69,,,,,,,8.96583E+12,,,,,,3,Cores,Caffeine Brown,,1,,Tamanhos,4,,1,,,,,,,
,variation,8965826543835-4,Brown Caffeine Side Pockets Tied Hem Pants,1,0,visible,,,,,taxable,parent,1,,,,0,,,,,0,,,69,,,,,,,8.96583E+12,,,,,,4,Cores,Caffeine Brown,,1,,Tamanhos,6,,1,,,,,,,
,variation,8965826543835-5,Brown Caffeine Side Pockets Tied Hem Pants,1,0,visible,,,,,taxable,parent,1,,,,0,,,,,0,,,69,,,,,,,8.96583E+12,,,,,,5,Cores,Caffeine Brown,,1,,Tamanhos,8,,1,,,,,,,
,variation,8965826543835-6,Brown Caffeine Side Pockets Tied Hem Pants,1,0,visible,,,,,taxable,parent,1,,,,0,,,,,0,,,69,,,,,,,8.96583E+12,,,,,,6,Cores,Caffeine Brown,,1,,Tamanhos,10,,1,,,,,,,
,variable,9.01621E+12,Balneario Stripe Barrel Twill Pants,1,0,visible,,"Perfect for creating a relaxed and stylish look. The Balneario Stripe Barrel Twill pants feature a mid-rise waist, belt loops, and a loose, comfortable fit. A must-have!",,,taxable,,1,,,0,0,,,,,1,,,,Uncategorized,,,"https://cdn.shopify.com/s/files/1/0726/8083/3243/files/03.01.1882_011_1_1.png?v=1760990855,https://cdn.shopify.com/s/files/1/0726/8083/3243/files/03.01.1882_011_2_2.png?v=1760990856,https://cdn.shopify.com/s/files/1/0726/8083/3243/files/03.01.1882_011_3_3.png?v=1760990855,https://cdn.shopify.com/s/files/1/0726/8083/3243/files/03.01.1882_011_4_4.png?v=1760990855,https://cdn.shopify.com/s/files/1/0726/8083/3243/files/03.01.1882_011_5_5.png?v=1760990855,https://cdn.shopify.com/s/files/1/0726/8083/3243/files/03.01.1882_011_6_6.png?v=1760990855,https://cdn.shopify.com/s/files/1/0726/8083/3243/files/03.01.1882_011_2_2_b3f5b1db-8e66-4a80-bb68-4504e3d96d33.png?v=1762282278,https://cdn.shopify.com/s/files/1/0726/8083/3243/files/03.01.1882_011_3_3_0d9703ef-ea76-4858-a231-3a4143bdf62c.png?v=1762282280",,,,,,,,,0,Cores,Listrado,0,1,Listrado,Tamanhos,"0,2,4,6,8,10",0,1,0,,,,,,
,variation,9016207245531-1,Balneario Stripe Barrel Twill Pants,1,0,visible,,,,,taxable,parent,1,,,,0,,,,,0,,,139,,,,,,,9.01621E+12,,,,,,1,Cores,Listrado,,1,,Tamanhos,0,,1,,,,,,,
,variation,9016207245531-2,Balneario Stripe Barrel Twill Pants,1,0,visible,,,,,taxable,parent,1,,,,0,,,,,0,,,139,,,,,,,9.01621E+12,,,,,,2,Cores,Listrado,,1,,Tamanhos,2,,1,,,,,,,
,variation,9016207245531-3,Balneario Stripe Barrel Twill Pants,1,0,visible,,,,,taxable,parent,1,,,,0,,,,,0,,,139,,,,,,,9.01621E+12,,,,,,3,Cores,Listrado,,1,,Tamanhos,4,,1,,,,,,,
,variation,9016207245531-4,Balneario Stripe Barrel Twill Pants,1,0,visible,,,,,taxable,parent,1,,,,0,,,,,0,,,139,,,,,,,9.01621E+12,,,,,,4,Cores,Listrado,,1,,Tamanhos,6,,1,,,,,,,
,variation,9016207245531-5,Balneario Stripe Barrel Twill Pants,1,0,visible,,,,,taxable,parent,1,,,,0,,,,,0,,,139,,,,,,,9.01621E+12,,,,,,5,Cores,Listrado,,1,,Tamanhos,8,,1,,,,,,,
,variation,9016207245531-6,Balneario Stripe Barrel Twill Pants,1,0,visible,,,,,taxable,parent,1,,,,0,,,,,0,,,139,,,,,,,9.01621E+12,,,,,,6,Cores,Listrado,,1,,Tamanhos,10,,1,,,,,,,
,variable,8.96583E+12,Orange Samba Side Pockets Tied Hem Pants,1,0,visible,,"Stylish, elegant, and with a touch of modernity. Our Orange Samba Side Pockets Tied Hem Pants feature a loose fit, high waist, pockets, a fitted hem with ties, and an elastic waistband for a comfortable fit.",,,taxable,,1,,,0,0,,,,,1,,,,Uncategorized,,,"https://cdn.shopify.com/s/files/1/0726/8083/3243/files/03130792_2335_1-CALCA-PUNHO-BARRA.png?v=1755137850,https://cdn.shopify.com/s/files/1/0726/8083/3243/files/03130792_2335_2-CALCA-PUNHO-BARRA.png?v=1755137849,https://cdn.shopify.com/s/files/1/0726/8083/3243/files/03130792_2335_3-CALCA-PUNHO-BARRA.png?v=1755137849,https://cdn.shopify.com/s/files/1/0726/8083/3243/files/03130792_2335_4-CALCA-PUNHO-BARRA.png?v=1755137849,https://cdn.shopify.com/s/files/1/0726/8083/3243/files/03130792_2335_5-CALCA-PUNHO-BARRA.png?v=1755137849,https://cdn.shopify.com/s/files/1/0726/8083/3243/files/03130792_2335_6-CALCA-PUNHO-BARRA.png?v=1755137850,https://cdn.shopify.com/s/files/1/0726/8083/3243/files/03130792_2335_7-CALCA-PUNHO-BARRA.png?v=1755137849,https://cdn.shopify.com/s/files/1/0726/8083/3243/files/03130792_2335_8-CALCA-PUNHO-BARRA.png?v=1755137849,https://cdn.shopify.com/s/files/1/0726/8083/3243/files/03130792_2335_9-CALCA-PUNHO-BARRA.png?v=1755137850",,,,,,,,,0,Cores,Orange Samba,0,1,Orange Samba,Tamanhos,"0,2,4,6,8,10",0,1,0,,,,,,
,variation,8965826379995-1,Orange Samba Side Pockets Tied Hem Pants,1,0,visible,,,,,taxable,parent,1,,,,0,,,,,0,,,69,,,,,,,8.96583E+12,,,,,,1,Cores,Orange Samba,,1,,Tamanhos,0,,1,,,,,,,
,variation,8965826379995-2,Orange Samba Side Pockets Tied Hem Pants,1,0,visible,,,,,taxable,parent,1,,,,0,,,,,0,,,69,,,,,,,8.96583E+12,,,,,,2,Cores,Orange Samba,,1,,Tamanhos,2,,1,,,,,,,
,variation,8965826379995-3,Orange Samba Side Pockets Tied Hem Pants,1,0,visible,,,,,taxable,parent,1,,,,0,,,,,0,,,69,,,,,,,8.96583E+12,,,,,,3,Cores,Orange Samba,,1,,Tamanhos,4,,1,,,,,,,
,variation,8965826379995-4,Orange Samba Side Pockets Tied Hem Pants,1,0,visible,,,,,taxable,parent,1,,,,0,,,,,0,,,69,,,,,,,8.96583E+12,,,,,,4,Cores,Orange Samba,,1,,Tamanhos,6,,1,,,,,,,
,variation,8965826379995-5,Orange Samba Side Pockets Tied Hem Pants,1,0,visible,,,,,taxable,parent,1,,,,0,,,,,0,,,69,,,,,,,8.96583E+12,,,,,,5,Cores,Orange Samba,,1,,Tamanhos,8,,1,,,,,,,
,variation,8965826379995-6,Orange Samba Side Pockets Tied Hem Pants,1,0,visible,,,,,taxable,parent,1,,,,0,,,,,0,,,69,,,,,,,8.96583E+12,,,,,,6,Cores,Orange Samba,,1,,Tamanhos,10,,1,,,,,,,
,variable,8.96582E+12,Beige Grao Orla Lined Tricot Pants,1,0,visible,,"A must-have in every woman's life. The Beige Grao Orla Lined Tricot Pants are made of knit fabric, have a loose fit, a high waist, and wavy details on the sides. Invest in a knit shirt for the perfect match!",,,taxable,,1,,,0,0,,,,,1,,,,Uncategorized,,,"https://cdn.shopify.com/s/files/1/0726/8083/3243/files/03021438_2276_1-CALCA-TRICOT-ORLA.png?v=1755137626,https://cdn.shopify.com/s/files/1/0726/8083/3243/files/03021438_2276_2-CALCA-TRICOT-ORLA.png?v=1755137625,https://cdn.shopify.com/s/files/1/0726/8083/3243/files/03021438_2276_3-CALCA-TRICOT-ORLA.png?v=1755137626,https://cdn.shopify.com/s/files/1/0726/8083/3243/files/03021438_2276_4-CALCA-TRICOT-ORLA.png?v=1755137625,https://cdn.shopify.com/s/files/1/0726/8083/3243/files/03021438_2276_5-CALCA-TRICOT-ORLA.png?v=1755137626,https://cdn.shopify.com/s/files/1/0726/8083/3243/files/03021438_2276_6-CALCA-TRICOT-ORLA.png?v=1755137627,https://cdn.shopify.com/s/files/1/0726/8083/3243/files/03021438_2276_7-CALCA-TRICOT-ORLA.png?v=1755137626,https://cdn.shopify.com/s/files/1/0726/8083/3243/files/03021438_2276_8-CALCA-TRICOT-ORLA.png?v=1755137626,https://cdn.shopify.com/s/files/1/0726/8083/3243/files/03021438_2276_9-CALCA-TRICOT-ORLA.png?v=1755137627",,,,,,,,,0,Cores,Beige Grao,0,1,Beige Grao,Tamanhos,"S,M,L",0,1,S,,,,,,
,variation,8965823824091-1,Beige Grao Orla Lined Tricot Pants,1,0,visible,,,,,taxable,parent,1,,,,0,,,,,0,,,94,,,,,,,8.96582E+12,,,,,,1,Cores,Beige Grao,,1,,Tamanhos,S,,1,,,,,,,
,variation,8965823824091-2,Beige Grao Orla Lined Tricot Pants,1,0,visible,,,,,taxable,parent,1,,,,0,,,,,0,,,94,,,,,,,8.96582E+12,,,,,,2,Cores,Beige Grao,,1,,Tamanhos,M,,1,,,,,,,
,variation,8965823824091-3,Beige Grao Orla Lined Tricot Pants,1,0,visible,,,,,taxable,parent,1,,,,0,,,,,0,,,94,,,,,,,8.96582E+12,,,,,,3,Cores,Beige Grao,,1,,Tamanhos,L,,1,,,,,,,
,variable,8.96582E+12,Sand Corcovado Drawstring Waist Side Pockets Cambric Pants,1,0,visible,,"Full of style. The Sand Corcovado Drawstring Waist Side Pockets Cambric Pants are a super fresh and stylish piece, featuring a high waist, elastic at the back, drawstring ties, pockets, and a wide-leg style. Go for the cambric shirt to create a perfect outfit for any bold season.",,,taxable,,1,,,0,0,,,,,1,,,,Uncategorized,,,"https://cdn.shopify.com/s/files/1/0726/8083/3243/files/03070235_471_1-CALCA-CAMBRAIA-ESTAMPA-CORCOVADO-MIX.png?v=1755137703,https://cdn.shopify.com/s/files/1/0726/8083/3243/files/03070235_471_2-CALCA-CAMBRAIA-ESTAMPA-CORCOVADO-MIX.png?v=1755137703,https://cdn.shopify.com/s/files/1/0726/8083/3243/files/03070235_471_3-CALCA-CAMBRAIA-ESTAMPA-CORCOVADO-MIX.png?v=1755137703,https://cdn.shopify.com/s/files/1/0726/8083/3243/files/03070235_471_4-CALCA-CAMBRAIA-ESTAMPA-CORCOVADO-MIX.png?v=1755137704,https://cdn.shopify.com/s/files/1/0726/8083/3243/files/03070235_471_5-CALCA-CAMBRAIA-ESTAMPA-CORCOVADO-MIX.png?v=1755137703,https://cdn.shopify.com/s/files/1/0726/8083/3243/files/03070235_471_6-CALCA-CAMBRAIA-ESTAMPA-CORCOVADO-MIX.png?v=1755137706",,,,,,,,,0,Cores,Sand Corcovado,0,1,Sand Corcovado,Tamanhos,"0,2,4,6,8,10",0,1,0,,,,,,
,variation,8965824282843-1,Sand Corcovado Drawstring Waist Side Pockets Cambric Pants,1,0,visible,,,,,taxable,parent,1,,,,0,,,,,0,,,74,,,,,,,8.96582E+12,,,,,,1,Cores,Sand Corcovado,,1,,Tamanhos,0,,1,,,,,,,
,variation,8965824282843-2,Sand Corcovado Drawstring Waist Side Pockets Cambric Pants,1,0,visible,,,,,taxable,parent,1,,,,0,,,,,0,,,74,,,,,,,8.96582E+12,,,,,,2,Cores,Sand Corcovado,,1,,Tamanhos,2,,1,,,,,,,
,variation,8965824282843-3,Sand Corcovado Drawstring Waist Side Pockets Cambric Pants,1,0,visible,,,,,taxable,parent,1,,,,0,,,,,0,,,74,,,,,,,8.96582E+12,,,,,,3,Cores,Sand Corcovado,,1,,Tamanhos,4,,1,,,,,,,
,variation,8965824282843-4,Sand Corcovado Drawstring Waist Side Pockets Cambric Pants,1,0,visible,,,,,taxable,parent,1,,,,0,,,,,0,,,74,,,,,,,8.96582E+12,,,,,,4,Cores,Sand Corcovado,,1,,Tamanhos,6,,1,,,,,,,
,variation,8965824282843-5,Sand Corcovado Drawstring Waist Side Pockets Cambric Pants,1,0,visible,,,,,taxable,parent,1,,,,0,,,,,0,,,74,,,,,,,8.96582E+12,,,,,,5,Cores,Sand Corcovado,,1,,Tamanhos,8,,1,,,,,,,
,variation,8965824282843-6,Sand Corcovado Drawstring Waist Side Pockets Cambric Pants,1,0,visible,,,,,taxable,parent,1,,,,0,,,,,0,,,74,,,,,,,8.96582E+12,,,,,,6,Cores,Sand Corcovado,,1,,Tamanhos,10,,1,,,,,,,
,variable,8.96582E+12,Brown Asa Delta Drawstring Waist Side Pockets Pants,1,0,visible,,"Beautiful, light, and loose. The Brown Asa Delta Drawstring Waist Side Pockets Pants have a loose fit, an elastic waistband, and drawstring ties. Absolutely perfect!",,,taxable,,1,,,0,0,,,,,1,,,,Uncategorized,,,"https://cdn.shopify.com/s/files/1/0726/8083/3243/files/03070219_471_1-CALCA-COS-ELASTICO-ESTAMPA-ASA-DELTA.png?v=1755137632,https://cdn.shopify.com/s/files/1/0726/8083/3243/files/03070219_471_2-CALCA-COS-ELASTICO-ESTAMPA-ASA-DELTA.png?v=1755137632,https://cdn.shopify.com/s/files/1/0726/8083/3243/files/03070219_471_3-CALCA-COS-ELASTICO-ESTAMPA-ASA-DELTA.png?v=1755137632,https://cdn.shopify.com/s/files/1/0726/8083/3243/files/03070219_471_4-CALCA-COS-ELASTICO-ESTAMPA-ASA-DELTA.png?v=1755137632,https://cdn.shopify.com/s/files/1/0726/8083/3243/files/03070219_471_5-CALCA-COS-ELASTICO-ESTAMPA-ASA-DELTA.png?v=1755137632,https://cdn.shopify.com/s/files/1/0726/8083/3243/files/03070219_471_6-CALCA-COS-ELASTICO-ESTAMPA-ASA-DELTA.png?v=1755137632,https://cdn.shopify.com/s/files/1/0726/8083/3243/files/03070219_471_7-CALCA-COS-ELASTICO-ESTAMPA-ASA-DELTA.png?v=1755137633",,,,,,,,,0,Cores,Brown Asa Delta,0,1,Brown Asa Delta,Tamanhos,"0,2,4,6,8,10",0,1,0,,,,,,
,variation,8965823856859-1,Brown Asa Delta Drawstring Waist Side Pockets Pants,1,0,visible,,,,,taxable,parent,1,,,,0,,,,,0,,,59,,,,,,,8.96582E+12,,,,,,1,Cores,Brown Asa Delta,,1,,Tamanhos,0,,1,,,,,,,
,variation,8965823856859-2,Brown Asa Delta Drawstring Waist Side Pockets Pants,1,0,visible,,,,,taxable,parent,1,,,,0,,,,,0,,,59,,,,,,,8.96582E+12,,,,,,2,Cores,Brown Asa Delta,,1,,Tamanhos,2,,1,,,,,,,
,variation,8965823856859-3,Brown Asa Delta Drawstring Waist Side Pockets Pants,1,0,visible,,,,,taxable,parent,1,,,,0,,,,,0,,,59,,,,,,,8.96582E+12,,,,,,3,Cores,Brown Asa Delta,,1,,Tamanhos,4,,1,,,,,,,
,variation,8965823856859-4,Brown Asa Delta Drawstring Waist Side Pockets Pants,1,0,visible,,,,,taxable,parent,1,,,,0,,,,,0,,,59,,,,,,,8.96582E+12,,,,,,4,Cores,Brown Asa Delta,,1,,Tamanhos,6,,1,,,,,,,
,variation,8965823856859-5,Brown Asa Delta Drawstring Waist Side Pockets Pants,1,0,visible,,,,,taxable,parent,1,,,,0,,,,,0,,,59,,,,,,,8.96582E+12,,,,,,5,Cores,Brown Asa Delta,,1,,Tamanhos,8,,1,,,,,,,
,variation,8965823856859-6,Brown Asa Delta Drawstring Waist Side Pockets Pants,1,0,visible,,,,,taxable,parent,1,,,,0,,,,,0,,,59,,,,,,,8.96582E+12,,,,,,6,Cores,Brown Asa Delta,,1,,Tamanhos,10,,1,,,,,,,
,variable,8.96583E+12,Brown And Beige Side Pockets Linen Pants,1,0,visible,,"Modern and stylish. Our two-tone Brown And Beige Side Pockets Linen Pants are made of linen, have a wide-leg style, a high waist, and pockets. Absolutely perfect!",,,taxable,,1,,,0,0,,,,,1,,,,Uncategorized,,,"https://cdn.shopify.com/s/files/1/0726/8083/3243/files/03130782_2345_1-CALCA-LINHO-BICOLOR.png?v=1755137789,https://cdn.shopify.com/s/files/1/0726/8083/3243/files/03130782_2345_2-CALCA-LINHO-BICOLOR.png?v=1755137789,https://cdn.shopify.com/s/files/1/0726/8083/3243/files/03130782_2345_3-CALCA-LINHO-BICOLOR.png?v=1755137789,https://cdn.shopify.com/s/files/1/0726/8083/3243/files/03130782_2345_4-CALCA-LINHO-BICOLOR.png?v=1755137789,https://cdn.shopify.com/s/files/1/0726/8083/3243/files/03130782_2345_5-CALCA-LINHO-BICOLOR.png?v=1755137789,https://cdn.shopify.com/s/files/1/0726/8083/3243/files/03130782_2345_6-CALCA-LINHO-BICOLOR.png?v=1755137789,https://cdn.shopify.com/s/files/1/0726/8083/3243/files/03130782_2345_7-CALCA-LINHO-BICOLOR.png?v=1755137789",,,,,,,,,0,Cores,Brown And Beige,0,1,Brown And Beige,Tamanhos,"0,2,4,6,8,10",0,1,0,,,,,,
,variation,8965825069275-1,Brown And Beige Side Pockets Linen Pants,1,0,visible,,,,,taxable,parent,1,,,,0,,,,,0,,,79,,,,,,,8.96583E+12,,,,,,1,Cores,Brown And Beige,,1,,Tamanhos,0,,1,,,,,,,
,variation,8965825069275-2,Brown And Beige Side Pockets Linen Pants,1,0,visible,,,,,taxable,parent,1,,,,0,,,,,0,,,79,,,,,,,8.96583E+12,,,,,,2,Cores,Brown And Beige,,1,,Tamanhos,2,,1,,,,,,,
,variation,8965825069275-3,Brown And Beige Side Pockets Linen Pants,1,0,visible,,,,,taxable,parent,1,,,,0,,,,,0,,,79,,,,,,,8.96583E+12,,,,,,3,Cores,Brown And Beige,,1,,Tamanhos,4,,1,,,,,,,
,variation,8965825069275-4,Brown And Beige Side Pockets Linen Pants,1,0,visible,,,,,taxable,parent,1,,,,0,,,,,0,,,79,,,,,,,8.96583E+12,,,,,,4,Cores,Brown And Beige,,1,,Tamanhos,6,,1,,,,,,,
,variation,8965825069275-5,Brown And Beige Side Pockets Linen Pants,1,0,visible,,,,,taxable,parent,1,,,,0,,,,,0,,,79,,,,,,,8.96583E+12,,,,,,5,Cores,Brown And Beige,,1,,Tamanhos,8,,1,,,,,,,
,variation,8965825069275-6,Brown And Beige Side Pockets Linen Pants,1,0,visible,,,,,taxable,parent,1,,,,0,,,,,0,,,79,,,,,,,8.96583E+12,,,,,,6,Cores,Brown And Beige,,1,,Tamanhos,10,,1,,,,,,,
,variable,8.96583E+12,Beige Leme Tailored Cotton Pants,1,0,visible,,"""Our Beige Leme Tailored Cotton Pants are a stylish and casual choice, perfect for creating a unique look. With a relaxed fit, they feature pockets, a high waist, a belt loop, and are made using sustainable practices. Caring for 100% cotton pieces is essential to maintaining their quality and beauty. Here are some simple tips: - GENTLE WASHING: wash your clothes on a gentle cycle, with cold or warm water, to prevent shrinkage and preserve colors. - NATURAL DRYING: avoid the dryer by hanging clothes outside or on a clothesline to dry naturally. - AVOID BLEACHES: harsh products can weaken fibers and fade colors. Use mild detergents. - PROPER STORAGE: store clothes in well-ventilated areas, away from direct sunlight, and hang them flat to prevent wrinkles. Choosing 100% cotton styles means opting for comfort, durability, and sustainability. With proper care, your pieces will remain beautiful and comfortable for many years to come.""",,,taxable,,1,,,0,0,,,,,1,,,,Uncategorized,,,"https://cdn.shopify.com/s/files/1/0726/8083/3243/files/03130807_2333_1-CALCA-CARGO-ALGODAO.png?v=1755137936,https://cdn.shopify.com/s/files/1/0726/8083/3243/files/03130807_2333_2-CALCA-CARGO-ALGODAO.png?v=1755137935,https://cdn.shopify.com/s/files/1/0726/8083/3243/files/03130807_2333_3-CALCA-CARGO-ALGODAO.png?v=1755137935,https://cdn.shopify.com/s/files/1/0726/8083/3243/files/03130807_2333_4-CALCA-CARGO-ALGODAO.png?v=1755137936,https://cdn.shopify.com/s/files/1/0726/8083/3243/files/03130807_2333_5-CALCA-CARGO-ALGODAO.png?v=1755137935,https://cdn.shopify.com/s/files/1/0726/8083/3243/files/03130807_2333_6-CALCA-CARGO-ALGODAO.png?v=1755137935,https://cdn.shopify.com/s/files/1/0726/8083/3243/files/03130807_2333_7-CALCA-CARGO-ALGODAO.png?v=1755137936",,,,,,,,,0,Cores,Beige Leme,0,1,Beige Leme,Tamanhos,"XXS,XS,S,M,L",0,1,XXS,,,,,,
,variation,8965827887323-1,Beige Leme Tailored Cotton Pants,1,0,visible,,,,,taxable,parent,1,,,,0,,,,,0,,,69,,,,,,,8.96583E+12,,,,,,1,Cores,Beige Leme,,1,,Tamanhos,XXS,,1,,,,,,,
,variation,8965827887323-2,Beige Leme Tailored Cotton Pants,1,0,visible,,,,,taxable,parent,1,,,,0,,,,,0,,,69,,,,,,,8.96583E+12,,,,,,2,Cores,Beige Leme,,1,,Tamanhos,XS,,1,,,,,,,
,variation,8965827887323-3,Beige Leme Tailored Cotton Pants,1,0,visible,,,,,taxable,parent,1,,,,0,,,,,0,,,69,,,,,,,8.96583E+12,,,,,,3,Cores,Beige Leme,,1,,Tamanhos,S,,1,,,,,,,
,variation,8965827887323-4,Beige Leme Tailored Cotton Pants,1,0,visible,,,,,taxable,parent,1,,,,0,,,,,0,,,69,,,,,,,8.96583E+12,,,,,,4,Cores,Beige Leme,,1,,Tamanhos,M,,1,,,,,,,
,variation,8965827887323-5,Beige Leme Tailored Cotton Pants,1,0,visible,,,,,taxable,parent,1,,,,0,,,,,0,,,69,,,,,,,8.96583E+12,,,,,,5,Cores,Beige Leme,,1,,Tamanhos,L,,1,,,,,,,
,variable,8.96583E+12,Beige Leme Belted Cotton Cargo Pants,1,0,visible,,"Our Beige Leme Belted Cotton Cargo Pants are the perfect choice for a casual and relaxed day. They are made of cotton for greater comfort and durability. These pants feature a cropped length, high waist, and pockets, with the charm coming from the belt that allows you to accentuate your silhouette in an elegant way.",,,taxable,,1,,,0,0,,,,,1,,,,Uncategorized,,,"https://cdn.shopify.com/s/files/1/0726/8083/3243/files/03130789_2333_1-CALCA-ALGODAO-CARGO-CINTO.png?v=1755137834,https://cdn.shopify.com/s/files/1/0726/8083/3243/files/03130789_2333_2-CALCA-ALGODAO-CARGO-CINTO.png?v=1755137834,https://cdn.shopify.com/s/files/1/0726/8083/3243/files/03130789_2333_3-CALCA-ALGODAO-CARGO-CINTO.png?v=1755137834,https://cdn.shopify.com/s/files/1/0726/8083/3243/files/03130789_2333_4-CALCA-ALGODAO-CARGO-CINTO.png?v=1755137834,https://cdn.shopify.com/s/files/1/0726/8083/3243/files/03130789_2333_5-CALCA-ALGODAO-CARGO-CINTO.png?v=1755137834,https://cdn.shopify.com/s/files/1/0726/8083/3243/files/03130789_2333_6-CALCA-ALGODAO-CARGO-CINTO.png?v=1755137834,https://cdn.shopify.com/s/files/1/0726/8083/3243/files/03130789_2333_7-CALCA-ALGODAO-CARGO-CINTO.png?v=1755137835,https://cdn.shopify.com/s/files/1/0726/8083/3243/files/03130789_2333_9-CALCA-ALGODAO-CARGO-CINTO.png?v=1755137834",,,,,,,,,0,Cores,Beige Leme,0,1,Beige Leme,Tamanhos,"0,2,4,6,8,10",0,1,0,,,,,,
,variation,8965825986779-1,Beige Leme Belted Cotton Cargo Pants,1,0,visible,,,,,taxable,parent,1,,,,0,,,,,0,,,79,,,,,,,8.96583E+12,,,,,,1,Cores,Beige Leme,,1,,Tamanhos,0,,1,,,,,,,
,variation,8965825986779-2,Beige Leme Belted Cotton Cargo Pants,1,0,visible,,,,,taxable,parent,1,,,,0,,,,,0,,,79,,,,,,,8.96583E+12,,,,,,2,Cores,Beige Leme,,1,,Tamanhos,2,,1,,,,,,,
,variation,8965825986779-3,Beige Leme Belted Cotton Cargo Pants,1,0,visible,,,,,taxable,parent,1,,,,0,,,,,0,,,79,,,,,,,8.96583E+12,,,,,,3,Cores,Beige Leme,,1,,Tamanhos,4,,1,,,,,,,
,variation,8965825986779-4,Beige Leme Belted Cotton Cargo Pants,1,0,visible,,,,,taxable,parent,1,,,,0,,,,,0,,,79,,,,,,,8.96583E+12,,,,,,4,Cores,Beige Leme,,1,,Tamanhos,6,,1,,,,,,,
,variation,8965825986779-5,Beige Leme Belted Cotton Cargo Pants,1,0,visible,,,,,taxable,parent,1,,,,0,,,,,0,,,79,,,,,,,8.96583E+12,,,,,,5,Cores,Beige Leme,,1,,Tamanhos,8,,1,,,,,,,
,variation,8965825986779-6,Beige Leme Belted Cotton Cargo Pants,1,0,visible,,,,,taxable,parent,1,,,,0,,,,,0,,,79,,,,,,,8.96583E+12,,,,,,6,Cores,Beige Leme,,1,,Tamanhos,10,,1,,,,,,,
,variable,8.96582E+12,Green Urca Side Pockets Carrot Linen Pants,1,0,visible,,"Elegant and charming. The Green Urca Side Pockets Carrot Linen Pants feature a carrot-shaped design, high waist, pockets, pleats, and an elastic waistband at the back for a perfect fit.",,,taxable,,1,,,0,0,,,,,1,,,,Uncategorized,,,"https://cdn.shopify.com/s/files/1/0726/8083/3243/files/03130780_2341_1-CALCA-LINHO-CENOURA.png?v=1755137763,https://cdn.shopify.com/s/files/1/0726/8083/3243/files/03130780_2341_2-CALCA-LINHO-CENOURA.png?v=1755137763,https://cdn.shopify.com/s/files/1/0726/8083/3243/files/03130780_2341_3-CALCA-LINHO-CENOURA.png?v=1755137763,https://cdn.shopify.com/s/files/1/0726/8083/3243/files/03130780_2341_4-CALCA-LINHO-CENOURA.png?v=1755137763,https://cdn.shopify.com/s/files/1/0726/8083/3243/files/03130780_2341_5-CALCA-LINHO-CENOURA.png?v=1755137763,https://cdn.shopify.com/s/files/1/0726/8083/3243/files/03130780_2341_6-CALCA-LINHO-CENOURA.png?v=1755137763,https://cdn.shopify.com/s/files/1/0726/8083/3243/files/03130780_2341_7-CALCA-LINHO-CENOURA.png?v=1755137764,https://cdn.shopify.com/s/files/1/0726/8083/3243/files/03130780_2341_8-CALCA-LINHO-CENOURA.png?v=1755137763",,,,,,,,,0,Cores,Urca Green,0,1,Urca Green,Tamanhos,"0,2,4,6,8,10",0,1,0,,,,,,
,variation,8965824643291-1,Green Urca Side Pockets Carrot Linen Pants,1,0,visible,,,,,taxable,parent,1,,,,0,,,,,0,,,64,,,,,,,8.96582E+12,,,,,,1,Cores,Urca Green,,1,,Tamanhos,0,,1,,,,,,,
,variation,8965824643291-2,Green Urca Side Pockets Carrot Linen Pants,1,0,visible,,,,,taxable,parent,1,,,,0,,,,,0,,,64,,,,,,,8.96582E+12,,,,,,2,Cores,Urca Green,,1,,Tamanhos,2,,1,,,,,,,
,variation,8965824643291-3,Green Urca Side Pockets Carrot Linen Pants,1,0,visible,,,,,taxable,parent,1,,,,0,,,,,0,,,64,,,,,,,8.96582E+12,,,,,,3,Cores,Urca Green,,1,,Tamanhos,4,,1,,,,,,,
,variation,8965824643291-4,Green Urca Side Pockets Carrot Linen Pants,1,0,visible,,,,,taxable,parent,1,,,,0,,,,,0,,,64,,,,,,,8.96582E+12,,,,,,4,Cores,Urca Green,,1,,Tamanhos,6,,1,,,,,,,
,variation,8965824643291-5,Green Urca Side Pockets Carrot Linen Pants,1,0,visible,,,,,taxable,parent,1,,,,0,,,,,0,,,64,,,,,,,8.96582E+12,,,,,,5,Cores,Urca Green,,1,,Tamanhos,8,,1,,,,,,,
,variation,8965824643291-6,Green Urca Side Pockets Carrot Linen Pants,1,0,visible,,,,,taxable,parent,1,,,,0,,,,,0,,,64,,,,,,,8.96582E+12,,,,,,6,Cores,Urca Green,,1,,Tamanhos,10,,1,,,,,,,
,variable,8.96583E+12,Orange Samba Side Pockets Tied Hem Pants,1,0,visible,,"Stylish, elegant, and with a touch of modernity. Our Orange Samba Side Pockets Tied Hem Pants feature a loose fit, high waist, pockets, a fitted hem with ties, and an elastic waistband for a comfortable fit.",,,taxable,,1,,,0,0,,,,,1,,,,Uncategorized,,,"https://cdn.shopify.com/s/files/1/0726/8083/3243/files/03130792_2335_1-CALCA-PUNHO-BARRA.png?v=1755137850,https://cdn.shopify.com/s/files/1/0726/8083/3243/files/03130792_2335_2-CALCA-PUNHO-BARRA.png?v=1755137849,https://cdn.shopify.com/s/files/1/0726/8083/3243/files/03130792_2335_3-CALCA-PUNHO-BARRA.png?v=1755137849,https://cdn.shopify.com/s/files/1/0726/8083/3243/files/03130792_2335_4-CALCA-PUNHO-BARRA.png?v=1755137849,https://cdn.shopify.com/s/files/1/0726/8083/3243/files/03130792_2335_5-CALCA-PUNHO-BARRA.png?v=1755137849,https://cdn.shopify.com/s/files/1/0726/8083/3243/files/03130792_2335_6-CALCA-PUNHO-BARRA.png?v=1755137850,https://cdn.shopify.com/s/files/1/0726/8083/3243/files/03130792_2335_7-CALCA-PUNHO-BARRA.png?v=1755137849,https://cdn.shopify.com/s/files/1/0726/8083/3243/files/03130792_2335_8-CALCA-PUNHO-BARRA.png?v=1755137849,https://cdn.shopify.com/s/files/1/0726/8083/3243/files/03130792_2335_9-CALCA-PUNHO-BARRA.png?v=1755137850",,,,,,,,,0,Cores,Orange Samba,0,1,Orange Samba,Tamanhos,"0,2,4,6,8,10",0,1,0,,,,,,
,variation,8965826379995-1,Orange Samba Side Pockets Tied Hem Pants,1,0,visible,,,,,taxable,parent,1,,,,0,,,,,0,,,69,,,,,,,8.96583E+12,,,,,,1,Cores,Orange Samba,,1,,Tamanhos,0,,1,,,,,,,
,variation,8965826379995-2,Orange Samba Side Pockets Tied Hem Pants,1,0,visible,,,,,taxable,parent,1,,,,0,,,,,0,,,69,,,,,,,8.96583E+12,,,,,,2,Cores,Orange Samba,,1,,Tamanhos,2,,1,,,,,,,
,variation,8965826379995-3,Orange Samba Side Pockets Tied Hem Pants,1,0,visible,,,,,taxable,parent,1,,,,0,,,,,0,,,69,,,,,,,8.96583E+12,,,,,,3,Cores,Orange Samba,,1,,Tamanhos,4,,1,,,,,,,
,variation,8965826379995-4,Orange Samba Side Pockets Tied Hem Pants,1,0,visible,,,,,taxable,parent,1,,,,0,,,,,0,,,69,,,,,,,8.96583E+12,,,,,,4,Cores,Orange Samba,,1,,Tamanhos,6,,1,,,,,,,
,variation,8965826379995-5,Orange Samba Side Pockets Tied Hem Pants,1,0,visible,,,,,taxable,parent,1,,,,0,,,,,0,,,69,,,,,,,8.96583E+12,,,,,,5,Cores,Orange Samba,,1,,Tamanhos,8,,1,,,,,,,
,variation,8965826379995-6,Orange Samba Side Pockets Tied Hem Pants,1,0,visible,,,,,taxable,parent,1,,,,0,,,,,0,,,69,,,,,,,8.96583E+12,,,,,,6,Cores,Orange Samba,,1,,Tamanhos,10,,1,,,,,,,
,variable,8.96583E+12,Brown Caffeine Side Pockets Tied Hem Pants,1,0,visible,,"Stylish, elegant, and with a touch of modernity. Our Brown Caffeine Side Pockets Tied Hem Pants feature a loose fit, high waist, pockets, a fitted hem with ties, and an elastic waistband for a comfortable fit.",,,taxable,,1,,,0,0,,,,,1,,,,Uncategorized,,,"https://cdn.shopify.com/s/files/1/0726/8083/3243/files/03130792_2345_1-CALCA-PUNHO-BARRA.png?v=1755137855,https://cdn.shopify.com/s/files/1/0726/8083/3243/files/03130792_2345_2-CALCA-PUNHO-BARRA.png?v=1755137855,https://cdn.shopify.com/s/files/1/0726/8083/3243/files/03130792_2345_3-CALCA-PUNHO-BARRA.png?v=1755137854,https://cdn.shopify.com/s/files/1/0726/8083/3243/files/03130792_2345_4-CALCA-PUNHO-BARRA.png?v=1755137855,https://cdn.shopify.com/s/files/1/0726/8083/3243/files/03130792_2345_5-CALCA-PUNHO-BARRA.png?v=1755137856,https://cdn.shopify.com/s/files/1/0726/8083/3243/files/03130792_2345_6-CALCA-PUNHO-BARRA.png?v=1755137855,https://cdn.shopify.com/s/files/1/0726/8083/3243/files/03130792_2345_7-CALCA-PUNHO-BARRA.png?v=1755137854,https://cdn.shopify.com/s/files/1/0726/8083/3243/files/03130792_2345_8-CALCA-PUNHO-BARRA.png?v=1755137856",,,,,,,,,0,Cores,Caffeine Brown,0,1,Caffeine Brown,Tamanhos,"0,2,4,6,8,10",0,1,0,,,,,,
,variation,8965826543835-1,Brown Caffeine Side Pockets Tied Hem Pants,1,0,visible,,,,,taxable,parent,1,,,,0,,,,,0,,,69,,,,,,,8.96583E+12,,,,,,1,Cores,Caffeine Brown,,1,,Tamanhos,0,,1,,,,,,,
,variation,8965826543835-2,Brown Caffeine Side Pockets Tied Hem Pants,1,0,visible,,,,,taxable,parent,1,,,,0,,,,,0,,,69,,,,,,,8.96583E+12,,,,,,2,Cores,Caffeine Brown,,1,,Tamanhos,2,,1,,,,,,,
,variation,8965826543835-3,Brown Caffeine Side Pockets Tied Hem Pants,1,0,visible,,,,,taxable,parent,1,,,,0,,,,,0,,,69,,,,,,,8.96583E+12,,,,,,3,Cores,Caffeine Brown,,1,,Tamanhos,4,,1,,,,,,,
,variation,8965826543835-4,Brown Caffeine Side Pockets Tied Hem Pants,1,0,visible,,,,,taxable,parent,1,,,,0,,,,,0,,,69,,,,,,,8.96583E+12,,,,,,4,Cores,Caffeine Brown,,1,,Tamanhos,6,,1,,,,,,,
,variation,8965826543835-5,Brown Caffeine Side Pockets Tied Hem Pants,1,0,visible,,,,,taxable,parent,1,,,,0,,,,,0,,,69,,,,,,,8.96583E+12,,,,,,5,Cores,Caffeine Brown,,1,,Tamanhos,8,,1,,,,,,,
,variation,8965826543835-6,Brown Caffeine Side Pockets Tied Hem Pants,1,0,visible,,,,,taxable,parent,1,,,,0,,,,,0,,,69,,,,,,,8.96583E+12,,,,,,6,Cores,Caffeine Brown,,1,,Tamanhos,10,,1,,,,,,,
,variable,9.01621E+12,Brisa Knit Pants,1,0,visible,,"The Brisa Knit Pants combine comfort and style in a versatile piece. Crafted from a lightweight, soft knit, they provide a fluid fit and a pleasant touch.",,,taxable,,1,,,0,0,,,,,1,,,,Uncategorized,,,"https://cdn.shopify.com/s/files/1/0726/8083/3243/files/03.02.1496_2350_1_1.png?v=1760990943,https://cdn.shopify.com/s/files/1/0726/8083/3243/files/03.02.1496_2350_2_2.png?v=1760990943,https://cdn.shopify.com/s/files/1/0726/8083/3243/files/03.02.1496_2350_3_3.png?v=1760990943,https://cdn.shopify.com/s/files/1/0726/8083/3243/files/03.02.1496_2350_4_4.png?v=1760990943,https://cdn.shopify.com/s/files/1/0726/8083/3243/files/03.02.1496_2350_5_5.png?v=1760990943,https://cdn.shopify.com/s/files/1/0726/8083/3243/files/03.02.1496_2350_6_6.png?v=1760990945",,,,,,,,,0,Cores,Poetry Blue,0,1,Poetry Blue,Tamanhos,"XXS,XS,S,M,L,XL",0,1,XXS,,,,,,
,variation,9016208130267-1,Brisa Knit Pants,1,0,visible,,,,,taxable,parent,1,,,,0,,,,,0,,,159,,,,,,,9.01621E+12,,,,,,1,Cores,Poetry Blue,,1,,Tamanhos,XXS,,1,,,,,,,
,variation,9016208130267-2,Brisa Knit Pants,1,0,visible,,,,,taxable,parent,1,,,,0,,,,,0,,,159,,,,,,,9.01621E+12,,,,,,2,Cores,Poetry Blue,,1,,Tamanhos,XS,,1,,,,,,,
,variation,9016208130267-3,Brisa Knit Pants,1,0,visible,,,,,taxable,parent,1,,,,0,,,,,0,,,159,,,,,,,9.01621E+12,,,,,,3,Cores,Poetry Blue,,1,,Tamanhos,S,,1,,,,,,,
,variation,9016208130267-4,Brisa Knit Pants,1,0,visible,,,,,taxable,parent,1,,,,0,,,,,0,,,159,,,,,,,9.01621E+12,,,,,,4,Cores,Poetry Blue,,1,,Tamanhos,M,,1,,,,,,,
,variation,9016208130267-5,Brisa Knit Pants,1,0,visible,,,,,taxable,parent,1,,,,0,,,,,0,,,159,,,,,,,9.01621E+12,,,,,,5,Cores,Poetry Blue,,1,,Tamanhos,L,,1,,,,,,,
,variation,9016208130267-6,Brisa Knit Pants,1,0,visible,,,,,taxable,parent,1,,,,0,,,,,0,,,159,,,,,,,9.01621E+12,,,,,,6,Cores,Poetry Blue,,1,,Tamanhos,XL,,1,,,,,,,
,variable,8.96583E+12,Brown Caffeine Buttoned Waist Side Pockets Tailored Pants,1,0,visible,,"For a sophisticated and elegant look. The tailored Brown Caffeine Buttoned Waist Side Pockets Tailored Pants feature a wide-leg style, high waist, front pleats, and a flap at the waist for a charming look.",,,taxable,,1,,,0,0,,,,,1,,,,Uncategorized,,,"https://cdn.shopify.com/s/files/1/0726/8083/3243/files/03130786_2345_1-CALCA-ALFAIATARIA-ALETA-COS.png?v=1755137818,https://cdn.shopify.com/s/files/1/0726/8083/3243/files/03130786_2345_2-CALCA-ALFAIATARIA-ALETA-COS.png?v=1755137818,https://cdn.shopify.com/s/files/1/0726/8083/3243/files/03130786_2345_3-CALCA-ALFAIATARIA-ALETA-COS.png?v=1755137819,https://cdn.shopify.com/s/files/1/0726/8083/3243/files/03130786_2345_4-CALCA-ALFAIATARIA-ALETA-COS.png?v=1755137818,https://cdn.shopify.com/s/files/1/0726/8083/3243/files/03130786_2345_5-CALCA-ALFAIATARIA-ALETA-COS.png?v=1755137818,https://cdn.shopify.com/s/files/1/0726/8083/3243/files/03130786_2345_6-CALCA-ALFAIATARIA-ALETA-COS.png?v=1755137819",,,,,,,,,0,Cores,Caffeine Brown,0,1,Caffeine Brown,Tamanhos,"0,2,4,6,8,10",0,1,0,,,,,,
,variation,8965825659099-1,Brown Caffeine Buttoned Waist Side Pockets Tailored Pants,1,0,visible,,,,,taxable,parent,1,,,,0,,,,,0,,,79,,,,,,,8.96583E+12,,,,,,1,Cores,Caffeine Brown,,1,,Tamanhos,0,,1,,,,,,,
,variation,8965825659099-2,Brown Caffeine Buttoned Waist Side Pockets Tailored Pants,1,0,visible,,,,,taxable,parent,1,,,,0,,,,,0,,,79,,,,,,,8.96583E+12,,,,,,2,Cores,Caffeine Brown,,1,,Tamanhos,2,,1,,,,,,,
,variation,8965825659099-3,Brown Caffeine Buttoned Waist Side Pockets Tailored Pants,1,0,visible,,,,,taxable,parent,1,,,,0,,,,,0,,,79,,,,,,,8.96583E+12,,,,,,3,Cores,Caffeine Brown,,1,,Tamanhos,4,,1,,,,,,,
,variation,8965825659099-4,Brown Caffeine Buttoned Waist Side Pockets Tailored Pants,1,0,visible,,,,,taxable,parent,1,,,,0,,,,,0,,,79,,,,,,,8.96583E+12,,,,,,4,Cores,Caffeine Brown,,1,,Tamanhos,6,,1,,,,,,,
,variation,8965825659099-5,Brown Caffeine Buttoned Waist Side Pockets Tailored Pants,1,0,visible,,,,,taxable,parent,1,,,,0,,,,,0,,,79,,,,,,,8.96583E+12,,,,,,5,Cores,Caffeine Brown,,1,,Tamanhos,8,,1,,,,,,,
,variation,8965825659099-6,Brown Caffeine Buttoned Waist Side Pockets Tailored Pants,1,0,visible,,,,,taxable,parent,1,,,,0,,,,,0,,,79,,,,,,,8.96583E+12,,,,,,6,Cores,Caffeine Brown,,1,,Tamanhos,10,,1,,,,,,,
,variable,8.96583E+12,Orange Samba Buttoned Waist Side Pockets Tailored Pants,1,0,visible,,"For a sophisticated and elegant look. The tailored Orange Samba Buttoned Waist Side Pockets Tailored Pants feature a wide-leg style, high waist, front pleats, and a flap at the waist for a charming look.",,,taxable,,1,,,0,0,,,,,1,,,,Uncategorized,,,"https://cdn.shopify.com/s/files/1/0726/8083/3243/files/03130786_2335_1-CALCA-ALFAIATARIA-ALETA-COS.png?v=1755137812,https://cdn.shopify.com/s/files/1/0726/8083/3243/files/03130786_2335_2-CALCA-ALFAIATARIA-ALETA-COS.png?v=1755137812,https://cdn.shopify.com/s/files/1/0726/8083/3243/files/03130786_2335_3-CALCA-ALFAIATARIA-ALETA-COS.png?v=1755137812,https://cdn.shopify.com/s/files/1/0726/8083/3243/files/03130786_2335_4-CALCA-ALFAIATARIA-ALETA-COS.png?v=1755137813,https://cdn.shopify.com/s/files/1/0726/8083/3243/files/03130786_2335_5-CALCA-ALFAIATARIA-ALETA-COS.png?v=1755137812,https://cdn.shopify.com/s/files/1/0726/8083/3243/files/03130786_2335_6-CALCA-ALFAIATARIA-ALETA-COS.png?v=1755137813",,,,,,,,,0,Cores,Samba Orange,0,1,Samba Orange,Tamanhos,"0,2,4,6,8,10",0,1,0,,,,,,
,variation,8965825528027-1,Orange Samba Buttoned Waist Side Pockets Tailored Pants,1,0,visible,,,,,taxable,parent,1,,,,0,,,,,0,,,79,,,,,,,8.96583E+12,,,,,,1,Cores,Samba Orange,,1,,Tamanhos,0,,1,,,,,,,
,variation,8965825528027-2,Orange Samba Buttoned Waist Side Pockets Tailored Pants,1,0,visible,,,,,taxable,parent,1,,,,0,,,,,0,,,79,,,,,,,8.96583E+12,,,,,,2,Cores,Samba Orange,,1,,Tamanhos,2,,1,,,,,,,
,variation,8965825528027-3,Orange Samba Buttoned Waist Side Pockets Tailored Pants,1,0,visible,,,,,taxable,parent,1,,,,0,,,,,0,,,79,,,,,,,8.96583E+12,,,,,,3,Cores,Samba Orange,,1,,Tamanhos,4,,1,,,,,,,
,variation,8965825528027-4,Orange Samba Buttoned Waist Side Pockets Tailored Pants,1,0,visible,,,,,taxable,parent,1,,,,0,,,,,0,,,79,,,,,,,8.96583E+12,,,,,,4,Cores,Samba Orange,,1,,Tamanhos,6,,1,,,,,,,
,variation,8965825528027-5,Orange Samba Buttoned Waist Side Pockets Tailored Pants,1,0,visible,,,,,taxable,parent,1,,,,0,,,,,0,,,79,,,,,,,8.96583E+12,,,,,,5,Cores,Samba Orange,,1,,Tamanhos,8,,1,,,,,,,
,variation,8965825528027-6,Orange Samba Buttoned Waist Side Pockets Tailored Pants,1,0,visible,,,,,taxable,parent,1,,,,0,,,,,0,,,79,,,,,,,8.96583E+12,,,,,,6,Cores,Samba Orange,,1,,Tamanhos,10,,1,,,,,,,
,variable,8.96583E+12,Brown Pinstripe Pants,1,0,visible,,Calça Risca de Giz,,,taxable,,1,,,0,0,,,,,1,,,,Uncategorized,,,"https://cdn.shopify.com/s/files/1/0726/8083/3243/files/03.13.0826_2345_1_1.png?v=1758419548,https://cdn.shopify.com/s/files/1/0726/8083/3243/files/03.13.0826_2345_2_2.png?v=1758419548,https://cdn.shopify.com/s/files/1/0726/8083/3243/files/03.13.0826_2345_3_3.png?v=1758419548,https://cdn.shopify.com/s/files/1/0726/8083/3243/files/03.13.0826_2345_4_4.png?v=1758419548,https://cdn.shopify.com/s/files/1/0726/8083/3243/files/03.13.0826_2345_5_5.png?v=1758419548,https://cdn.shopify.com/s/files/1/0726/8083/3243/files/03.13.0826_2345_6_6.png?v=1758419548",,,,,,,,,0,Cores,Brown Pinstripe,0,1,Brown Pinstripe,Tamanhos,"XXS,XS,S,M,L",0,1,XXS,,,,,,
,variation,8965829001435-1,Brown Pinstripe Pants,1,0,visible,,,,,taxable,parent,1,,,,0,,,,,0,,,69,,,,,,,8.96583E+12,,,,,,1,Cores,Brown Pinstripe,,1,,Tamanhos,XXS,,1,,,,,,,
,variation,8965829001435-2,Brown Pinstripe Pants,1,0,visible,,,,,taxable,parent,1,,,,0,,,,,0,,,69,,,,,,,8.96583E+12,,,,,,2,Cores,Brown Pinstripe,,1,,Tamanhos,XS,,1,,,,,,,
,variation,8965829001435-3,Brown Pinstripe Pants,1,0,visible,,,,,taxable,parent,1,,,,0,,,,,0,,,69,,,,,,,8.96583E+12,,,,,,3,Cores,Brown Pinstripe,,1,,Tamanhos,S,,1,,,,,,,
,variation,8965829001435-4,Brown Pinstripe Pants,1,0,visible,,,,,taxable,parent,1,,,,0,,,,,0,,,69,,,,,,,8.96583E+12,,,,,,4,Cores,Brown Pinstripe,,1,,Tamanhos,M,,1,,,,,,,
,variation,8965829001435-5,Brown Pinstripe Pants,1,0,visible,,,,,taxable,parent,1,,,,0,,,,,0,,,69,,,,,,,8.96583E+12,,,,,,5,Cores,Brown Pinstripe,,1,,Tamanhos,L,,1,,,,,,,
,variable,8.96582E+12,Beige Side Pockets Carrot Linen Pants,1,0,visible,,"Elegant and charming. The Beige Side Pockets Carrot Linen Pants feature a carrot-shaped design, high waist, pockets, pleats, and an elastic waistband at the back for a perfect fit.",,,taxable,,1,,,0,0,,,,,1,,,,Uncategorized,,,"https://cdn.shopify.com/s/files/1/0726/8083/3243/files/03130780_2333_1-CALCA-LINHO-CENOURA.png?v=1755137756,https://cdn.shopify.com/s/files/1/0726/8083/3243/files/03130780_2333_2-CALCA-LINHO-CENOURA.png?v=1755137756,https://cdn.shopify.com/s/files/1/0726/8083/3243/files/03130780_2333_3-CALCA-LINHO-CENOURA.png?v=1755137756,https://cdn.shopify.com/s/files/1/0726/8083/3243/files/03130780_2333_4-CALCA-LINHO-CENOURA.png?v=1755137756,https://cdn.shopify.com/s/files/1/0726/8083/3243/files/03130780_2333_5-CALCA-LINHO-CENOURA.png?v=1755137756,https://cdn.shopify.com/s/files/1/0726/8083/3243/files/03130780_2333_6-CALCA-LINHO-CENOURA.png?v=1755137755,https://cdn.shopify.com/s/files/1/0726/8083/3243/files/03130780_2333_7-CALCA-LINHO-CENOURA.png?v=1755137756",,,,,,,,,0,Cores,Leme Beige,0,1,Leme Beige,Tamanhos,"0,2,4,6,8,10",0,1,0,,,,,,
,variation,8965824610523-1,Beige Side Pockets Carrot Linen Pants,1,0,visible,,,,,taxable,parent,1,,,,0,,,,,0,,,64,,,,,,,8.96582E+12,,,,,,1,Cores,Leme Beige,,1,,Tamanhos,0,,1,,,,,,,
,variation,8965824610523-2,Beige Side Pockets Carrot Linen Pants,1,0,visible,,,,,taxable,parent,1,,,,0,,,,,0,,,64,,,,,,,8.96582E+12,,,,,,2,Cores,Leme Beige,,1,,Tamanhos,2,,1,,,,,,,
,variation,8965824610523-3,Beige Side Pockets Carrot Linen Pants,1,0,visible,,,,,taxable,parent,1,,,,0,,,,,0,,,64,,,,,,,8.96582E+12,,,,,,3,Cores,Leme Beige,,1,,Tamanhos,4,,1,,,,,,,
,variation,8965824610523-4,Beige Side Pockets Carrot Linen Pants,1,0,visible,,,,,taxable,parent,1,,,,0,,,,,0,,,64,,,,,,,8.96582E+12,,,,,,4,Cores,Leme Beige,,1,,Tamanhos,6,,1,,,,,,,
,variation,8965824610523-5,Beige Side Pockets Carrot Linen Pants,1,0,visible,,,,,taxable,parent,1,,,,0,,,,,0,,,64,,,,,,,8.96582E+12,,,,,,5,Cores,Leme Beige,,1,,Tamanhos,8,,1,,,,,,,
,variation,8965824610523-6,Beige Side Pockets Carrot Linen Pants,1,0,visible,,,,,taxable,parent,1,,,,0,,,,,0,,,64,,,,,,,8.96582E+12,,,,,,6,Cores,Leme Beige,,1,,Tamanhos,10,,1,,,,,,,
,variable,9.01621E+12,Breeze Knit Pants,1,0,visible,,"The Breeze Knit Pants combine comfort and style in a versatile piece. Made from lightweight and soft knit fabric, they offer a fluid drape and pleasant touch, perfect for casual looks, leisure moments, or relaxed summer outfits with effortless elegance.",,,taxable,,1,,,0,0,,,,,1,,,,Uncategorized,,,"https://cdn.shopify.com/s/files/1/0726/8083/3243/files/03.02.1496_2360_1_1.png?v=1760990949,https://cdn.shopify.com/s/files/1/0726/8083/3243/files/03.02.1496_2360_2_2.png?v=1760990949,https://cdn.shopify.com/s/files/1/0726/8083/3243/files/03.02.1496_2360_3_3.png?v=1760990949,https://cdn.shopify.com/s/files/1/0726/8083/3243/files/03.02.1496_2360_4_4.png?v=1760990949,https://cdn.shopify.com/s/files/1/0726/8083/3243/files/03.02.1496_2360_5_5.png?v=1760990949",,,,,,,,,0,Cores,Chestnut Brown,0,1,Chestnut Brown,Tamanhos,"XXS,XS,S,M,L,XL",0,1,XXS,,,,,,
,variation,9016208163035-1,Breeze Knit Pants,1,0,visible,,,,,taxable,parent,1,,,,0,,,,,0,,,159,,,,,,,9.01621E+12,,,,,,1,Cores,Chestnut Brown,,1,,Tamanhos,XXS,,1,,,,,,,
,variation,9016208163035-2,Breeze Knit Pants,1,0,visible,,,,,taxable,parent,1,,,,0,,,,,0,,,159,,,,,,,9.01621E+12,,,,,,2,Cores,Chestnut Brown,,1,,Tamanhos,XS,,1,,,,,,,
,variation,9016208163035-3,Breeze Knit Pants,1,0,visible,,,,,taxable,parent,1,,,,0,,,,,0,,,159,,,,,,,9.01621E+12,,,,,,3,Cores,Chestnut Brown,,1,,Tamanhos,S,,1,,,,,,,
,variation,9016208163035-4,Breeze Knit Pants,1,0,visible,,,,,taxable,parent,1,,,,0,,,,,0,,,159,,,,,,,9.01621E+12,,,,,,4,Cores,Chestnut Brown,,1,,Tamanhos,M,,1,,,,,,,
,variation,9016208163035-5,Breeze Knit Pants,1,0,visible,,,,,taxable,parent,1,,,,0,,,,,0,,,159,,,,,,,9.01621E+12,,,,,,5,Cores,Chestnut Brown,,1,,Tamanhos,L,,1,,,,,,,
,variation,9016208163035-6,Breeze Knit Pants,1,0,visible,,,,,taxable,parent,1,,,,0,,,,,0,,,159,,,,,,,9.01621E+12,,,,,,6,Cores,Chestnut Brown,,1,,Tamanhos,XL,,1,,,,,,,
,variable,8.96583E+12,Denim Pockets Seam Pants,1,0,visible,,"Our Denim Pockets Seam Pants are pure perfection, featuring a dark wash, topstitching details, pockets, a flap at the hem, and a loose fit. Invest in a denim corset with topstitching details for an incredible look!",,,taxable,,1,,,0,0,,,,,1,,,,Uncategorized,,,"https://cdn.shopify.com/s/files/1/0726/8083/3243/files/03140576_352_1-CALCA-JEANS-PESPONTOS.png?v=1755138099,https://cdn.shopify.com/s/files/1/0726/8083/3243/files/03140576_352_2-CALCA-JEANS-PESPONTOS.png?v=1755138099,https://cdn.shopify.com/s/files/1/0726/8083/3243/files/03140576_352_3-CALCA-JEANS-PESPONTOS.png?v=1755138100,https://cdn.shopify.com/s/files/1/0726/8083/3243/files/03140576_352_4-CALCA-JEANS-PESPONTOS.png?v=1755138100,https://cdn.shopify.com/s/files/1/0726/8083/3243/files/03140576_352_5-CALCA-JEANS-PESPONTOS.png?v=1755138100,https://cdn.shopify.com/s/files/1/0726/8083/3243/files/03140576_352_6-CALCA-JEANS-PESPONTOS.png?v=1755138100,https://cdn.shopify.com/s/files/1/0726/8083/3243/files/03140576_352_7-CALCA-JEANS-PESPONTOS.png?v=1755138101,https://cdn.shopify.com/s/files/1/0726/8083/3243/files/03.14.0576_352_9_9.png?v=1758419609",,,,,,,,,0,Cores,Denim,0,1,Denim,Tamanhos,"0,2,4,6,8,10",0,1,0,,,,,,
,variation,8965830377691-1,Denim Pockets Seam Pants,1,0,visible,,,,,taxable,parent,1,,,,0,,,,,0,,,84,,,,,,,8.96583E+12,,,,,,1,Cores,Denim,,1,,Tamanhos,0,,1,,,,,,,
,variation,8965830377691-2,Denim Pockets Seam Pants,1,0,visible,,,,,taxable,parent,1,,,,0,,,,,0,,,84,,,,,,,8.96583E+12,,,,,,2,Cores,Denim,,1,,Tamanhos,2,,1,,,,,,,
,variation,8965830377691-3,Denim Pockets Seam Pants,1,0,visible,,,,,taxable,parent,1,,,,0,,,,,0,,,84,,,,,,,8.96583E+12,,,,,,3,Cores,Denim,,1,,Tamanhos,4,,1,,,,,,,
,variation,8965830377691-4,Denim Pockets Seam Pants,1,0,visible,,,,,taxable,parent,1,,,,0,,,,,0,,,84,,,,,,,8.96583E+12,,,,,,4,Cores,Denim,,1,,Tamanhos,6,,1,,,,,,,
,variation,8965830377691-5,Denim Pockets Seam Pants,1,0,visible,,,,,taxable,parent,1,,,,0,,,,,0,,,84,,,,,,,8.96583E+12,,,,,,5,Cores,Denim,,1,,Tamanhos,8,,1,,,,,,,
,variation,8965830377691-6,Denim Pockets Seam Pants,1,0,visible,,,,,taxable,parent,1,,,,0,,,,,0,,,84,,,,,,,8.96583E+12,,,,,,6,Cores,Denim,,1,,Tamanhos,10,,1,,,,,,,
,variable,8.96583E+12,Dark Denim Pockets Boyfriend Pants,1,0,visible,,"The Dark Denim Pockets Boyfriend Pants are the perfect choice for creating a wide range of cool looks and being ready for any occasion. With a loose fit, they feature a high waist, a belt loop waistband, pockets, and a dark wash. Perfect!",,,taxable,,1,,,0,0,,,,,1,,,,Uncategorized,,,"https://cdn.shopify.com/s/files/1/0726/8083/3243/files/03140569_352_1-CALCA-JEANS-BOYFRIEND-DARK.png?v=1755138073,https://cdn.shopify.com/s/files/1/0726/8083/3243/files/03140569_352_2-CALCA-JEANS-BOYFRIEND-DARK.png?v=1755138073,https://cdn.shopify.com/s/files/1/0726/8083/3243/files/03140569_352_3-CALCA-JEANS-BOYFRIEND-DARK.png?v=1755138073,https://cdn.shopify.com/s/files/1/0726/8083/3243/files/03140569_352_4-CALCA-JEANS-BOYFRIEND-DARK.png?v=1755138074,https://cdn.shopify.com/s/files/1/0726/8083/3243/files/03140569_352_5-CALCA-JEANS-BOYFRIEND-DARK.png?v=1755138075,https://cdn.shopify.com/s/files/1/0726/8083/3243/files/03140569_352_6-CALCA-JEANS-BOYFRIEND-DARK.png?v=1755138073,https://cdn.shopify.com/s/files/1/0726/8083/3243/files/03140569_352_7-CALCA-JEANS-BOYFRIEND-DARK.png?v=1755138075",,,,,,,,,0,Cores,Dark Denim,0,1,Dark Denim,Tamanhos,"0,2,4,6,8,10",0,1,0,,,,,,
,variation,8965829951707-1,Dark Denim Pockets Boyfriend Pants,1,0,visible,,,,,taxable,parent,1,,,,0,,,,,0,,,59,,,,,,,8.96583E+12,,,,,,1,Cores,Dark Denim,,1,,Tamanhos,0,,1,,,,,,,
,variation,8965829951707-2,Dark Denim Pockets Boyfriend Pants,1,0,visible,,,,,taxable,parent,1,,,,0,,,,,0,,,59,,,,,,,8.96583E+12,,,,,,2,Cores,Dark Denim,,1,,Tamanhos,2,,1,,,,,,,
,variation,8965829951707-3,Dark Denim Pockets Boyfriend Pants,1,0,visible,,,,,taxable,parent,1,,,,0,,,,,0,,,59,,,,,,,8.96583E+12,,,,,,3,Cores,Dark Denim,,1,,Tamanhos,4,,1,,,,,,,
,variation,8965829951707-4,Dark Denim Pockets Boyfriend Pants,1,0,visible,,,,,taxable,parent,1,,,,0,,,,,0,,,59,,,,,,,8.96583E+12,,,,,,4,Cores,Dark Denim,,1,,Tamanhos,6,,1,,,,,,,
,variation,8965829951707-5,Dark Denim Pockets Boyfriend Pants,1,0,visible,,,,,taxable,parent,1,,,,0,,,,,0,,,59,,,,,,,8.96583E+12,,,,,,5,Cores,Dark Denim,,1,,Tamanhos,8,,1,,,,,,,
,variation,8965829951707-6,Dark Denim Pockets Boyfriend Pants,1,0,visible,,,,,taxable,parent,1,,,,0,,,,,0,,,59,,,,,,,8.96583E+12,,,,,,6,Cores,Dark Denim,,1,,Tamanhos,10,,1,,,,,,,
,variable,8.96583E+12,Denim Mare Pockets Wide-Leg Pants,1,0,visible,,"Our denim pieces are truly a must-have here. The Denim Mare Pockets Wide-Leg Pants feature a dark wash, modern cuts, pockets, a mid-rise, and a belt loop. Invest in a dark denim top for a perfect outfit.",,,taxable,,1,,,0,0,,,,,1,,,,Uncategorized,,,"https://cdn.shopify.com/s/files/1/0726/8083/3243/files/03140567_352_1-CALCA-JEANS-MARE-CHEIA.png?v=1755138062,https://cdn.shopify.com/s/files/1/0726/8083/3243/files/03140567_352_2-CALCA-JEANS-MARE-CHEIA.png?v=1755138063,https://cdn.shopify.com/s/files/1/0726/8083/3243/files/03140567_352_3-CALCA-JEANS-MARE-CHEIA.png?v=1755138062,https://cdn.shopify.com/s/files/1/0726/8083/3243/files/03140567_352_4-CALCA-JEANS-MARE-CHEIA.png?v=1755138064,https://cdn.shopify.com/s/files/1/0726/8083/3243/files/03140567_352_5-CALCA-JEANS-MARE-CHEIA.png?v=1755138063,https://cdn.shopify.com/s/files/1/0726/8083/3243/files/03140567_352_6-CALCA-JEANS-MARE-CHEIA.png?v=1755138063",,,,,,,,,0,Cores,Denim,0,1,Denim,Tamanhos,"0,2,4,6,8,10",0,1,0,,,,,,
,variation,8965829787867-1,Denim Mare Pockets Wide-Leg Pants,1,0,visible,,,,,taxable,parent,1,,,,0,,,,,0,,,74,,,,,,,8.96583E+12,,,,,,1,Cores,Denim,,1,,Tamanhos,0,,1,,,,,,,
,variation,8965829787867-2,Denim Mare Pockets Wide-Leg Pants,1,0,visible,,,,,taxable,parent,1,,,,0,,,,,0,,,74,,,,,,,8.96583E+12,,,,,,2,Cores,Denim,,1,,Tamanhos,2,,1,,,,,,,
,variation,8965829787867-3,Denim Mare Pockets Wide-Leg Pants,1,0,visible,,,,,taxable,parent,1,,,,0,,,,,0,,,74,,,,,,,8.96583E+12,,,,,,3,Cores,Denim,,1,,Tamanhos,4,,1,,,,,,,
,variation,8965829787867-4,Denim Mare Pockets Wide-Leg Pants,1,0,visible,,,,,taxable,parent,1,,,,0,,,,,0,,,74,,,,,,,8.96583E+12,,,,,,4,Cores,Denim,,1,,Tamanhos,6,,1,,,,,,,
,variation,8965829787867-5,Denim Mare Pockets Wide-Leg Pants,1,0,visible,,,,,taxable,parent,1,,,,0,,,,,0,,,74,,,,,,,8.96583E+12,,,,,,5,Cores,Denim,,1,,Tamanhos,8,,1,,,,,,,
,variation,8965829787867-6,Denim Mare Pockets Wide-Leg Pants,1,0,visible,,,,,taxable,parent,1,,,,0,,,,,0,,,74,,,,,,,8.96583E+12,,,,,,6,Cores,Denim,,1,,Tamanhos,10,,1,,,,,,,
,variable,9.01627E+12,380ml Tropicana Print Thermal Cup,1,0,visible,,"Bring tropical energy into your routine! Our Thermal Cup has a 380ml capacity — perfect for keeping your drink hot for up to 3 hours or cold for up to 5 hours. Its compact design is easy to carry in your purse or backpack, making daily life more convenient.",,,taxable,,1,,,0,0,,,,,1,,,,Uncategorized,,,"https://cdn.shopify.com/s/files/1/0726/8083/3243/files/15.01.0533_471_1_1.png?v=1760993064,https://cdn.shopify.com/s/files/1/0726/8083/3243/files/15.01.0533_471_2_2.png?v=1760993065,https://cdn.shopify.com/s/files/1/0726/8083/3243/files/15.01.0533_471_3_3.png?v=1760993064,https://cdn.shopify.com/s/files/1/0726/8083/3243/files/15.01.0533_471_2_2_840a179c-8048-4500-ad49-fe22b3baf39d.png?v=1762282894",,,,,,,,,0,Cores,Tropicana Print,0,1,Tropicana Print,Tamanhos,U,0,1,U,,,,,,
,variation,9016267178203-1,380ml Tropicana Print Thermal Cup,1,0,visible,,,,,taxable,parent,1,,,,0,,,,,0,,,49,,,,,,,9.01627E+12,,,,,,1,Cores,Tropicana Print,,1,,Tamanhos,U,,1,,,,,,,
,variable,8.96583E+12,Denim Pockets Tailored Pants,1,0,visible,,"A great pair of blue denim is perfect for any occasion. Our Denim Pockets Tailored Pants have a double-belt waistband, high waist, pockets, and a wide hem. Perfect!",,,taxable,,1,,,0,0,,,,,1,,,,Uncategorized,,,"https://cdn.shopify.com/s/files/1/0726/8083/3243/files/03140579_352_1-CALCA-JEANS-ALFAIATARIA.png?v=1755138105,https://cdn.shopify.com/s/files/1/0726/8083/3243/files/03140579_352_2-CALCA-JEANS-ALFAIATARIA.png?v=1755138105,https://cdn.shopify.com/s/files/1/0726/8083/3243/files/03140579_352_3-CALCA-JEANS-ALFAIATARIA.png?v=1755138105,https://cdn.shopify.com/s/files/1/0726/8083/3243/files/03140579_352_4-CALCA-JEANS-ALFAIATARIA.png?v=1755138105,https://cdn.shopify.com/s/files/1/0726/8083/3243/files/03140579_352_5-CALCA-JEANS-ALFAIATARIA.png?v=1755138107,https://cdn.shopify.com/s/files/1/0726/8083/3243/files/03140579_352_6-CALCA-JEANS-ALFAIATARIA.png?v=1755138107,https://cdn.shopify.com/s/files/1/0726/8083/3243/files/03140579_352_7-CALCA-JEANS-ALFAIATARIA.png?v=1755138105,https://cdn.shopify.com/s/files/1/0726/8083/3243/files/03140579_352_8-CALCA-JEANS-ALFAIATARIA.png?v=1755138106",,,,,,,,,0,Cores,Denim,0,1,Denim,Tamanhos,"0,2,4,6,8,10",0,1,0,,,,,,
,variation,8965830475995-1,Denim Pockets Tailored Pants,1,0,visible,,,,,taxable,parent,1,,,,0,,,,,0,,,74,,,,,,,8.96583E+12,,,,,,1,Cores,Denim,,1,,Tamanhos,0,,1,,,,,,,
,variation,8965830475995-2,Denim Pockets Tailored Pants,1,0,visible,,,,,taxable,parent,1,,,,0,,,,,0,,,74,,,,,,,8.96583E+12,,,,,,2,Cores,Denim,,1,,Tamanhos,2,,1,,,,,,,
,variation,8965830475995-3,Denim Pockets Tailored Pants,1,0,visible,,,,,taxable,parent,1,,,,0,,,,,0,,,74,,,,,,,8.96583E+12,,,,,,3,Cores,Denim,,1,,Tamanhos,4,,1,,,,,,,
,variation,8965830475995-4,Denim Pockets Tailored Pants,1,0,visible,,,,,taxable,parent,1,,,,0,,,,,0,,,74,,,,,,,8.96583E+12,,,,,,4,Cores,Denim,,1,,Tamanhos,6,,1,,,,,,,
,variation,8965830475995-5,Denim Pockets Tailored Pants,1,0,visible,,,,,taxable,parent,1,,,,0,,,,,0,,,74,,,,,,,8.96583E+12,,,,,,5,Cores,Denim,,1,,Tamanhos,8,,1,,,,,,,
,variation,8965830475995-6,Denim Pockets Tailored Pants,1,0,visible,,,,,taxable,parent,1,,,,0,,,,,0,,,74,,,,,,,8.96583E+12,,,,,,6,Cores,Denim,,1,,Tamanhos,10,,1,,,,,,,
,variable,8.96583E+12,Indigo Blue Drawstring Waist Side Pockets Tied Hem Pants,1,0,visible,,"That incredible piece for creating casual and comfortable looks. Our Indigo Blue Drawstring Waist Side Pockets Tied Hem Pants feature an elastic waistband for a better fit, a high waist, pockets, a loose fit for movement, a fitted hem with ties, and a small side slit that's pure charm.",,,taxable,,1,,,0,0,,,,,1,,,,Uncategorized,,,"https://cdn.shopify.com/s/files/1/0726/8083/3243/files/03130790_365_1-CALCA-COS-ELASTICO-RECORTES.png?v=1755137839,https://cdn.shopify.com/s/files/1/0726/8083/3243/files/03130790_365_2-CALCA-COS-ELASTICO-RECORTES.png?v=1755137839,https://cdn.shopify.com/s/files/1/0726/8083/3243/files/03130790_365_3-CALCA-COS-ELASTICO-RECORTES.png?v=1755137839,https://cdn.shopify.com/s/files/1/0726/8083/3243/files/03130790_365_4-CALCA-COS-ELASTICO-RECORTES.png?v=1755137839,https://cdn.shopify.com/s/files/1/0726/8083/3243/files/03130790_365_5-CALCA-COS-ELASTICO-RECORTES.png?v=1755137839,https://cdn.shopify.com/s/files/1/0726/8083/3243/files/03130790_365_6-CALCA-COS-ELASTICO-RECORTES.png?v=1755137840",,,,,,,,,0,Cores,Indigo Blue,0,1,Indigo Blue,Tamanhos,"0,2,4,6,8,10",0,1,0,,,,,,
,variation,8965826183387-1,Indigo Blue Drawstring Waist Side Pockets Tied Hem Pants,1,0,visible,,,,,taxable,parent,1,,,,0,,,,,0,,,69,,,,,,,8.96583E+12,,,,,,1,Cores,Indigo Blue,,1,,Tamanhos,0,,1,,,,,,,
,variation,8965826183387-2,Indigo Blue Drawstring Waist Side Pockets Tied Hem Pants,1,0,visible,,,,,taxable,parent,1,,,,0,,,,,0,,,69,,,,,,,8.96583E+12,,,,,,2,Cores,Indigo Blue,,1,,Tamanhos,2,,1,,,,,,,
,variation,8965826183387-3,Indigo Blue Drawstring Waist Side Pockets Tied Hem Pants,1,0,visible,,,,,taxable,parent,1,,,,0,,,,,0,,,69,,,,,,,8.96583E+12,,,,,,3,Cores,Indigo Blue,,1,,Tamanhos,4,,1,,,,,,,
,variation,8965826183387-4,Indigo Blue Drawstring Waist Side Pockets Tied Hem Pants,1,0,visible,,,,,taxable,parent,1,,,,0,,,,,0,,,69,,,,,,,8.96583E+12,,,,,,4,Cores,Indigo Blue,,1,,Tamanhos,6,,1,,,,,,,
,variation,8965826183387-5,Indigo Blue Drawstring Waist Side Pockets Tied Hem Pants,1,0,visible,,,,,taxable,parent,1,,,,0,,,,,0,,,69,,,,,,,8.96583E+12,,,,,,5,Cores,Indigo Blue,,1,,Tamanhos,8,,1,,,,,,,
,variation,8965826183387-6,Indigo Blue Drawstring Waist Side Pockets Tied Hem Pants,1,0,visible,,,,,taxable,parent,1,,,,0,,,,,0,,,69,,,,,,,8.96583E+12,,,,,,6,Cores,Indigo Blue,,1,,Tamanhos,10,,1,,,,,,,
,variable,9.01621E+12,Tulle Vichy Print Pants,1,0,visible,,"Lightness, softness, and good vibes. The Vichy Print Pants are made of tulle, with a loose fit, high waist, and include hot pants for added security when wearing.",,,taxable,,1,,,0,0,,,,,1,,,,Uncategorized,,,"https://cdn.shopify.com/s/files/1/0726/8083/3243/files/03.07.0253_471_1_1.png?v=1760990977,https://cdn.shopify.com/s/files/1/0726/8083/3243/files/03.07.0253_471_2_2.png?v=1760990977,https://cdn.shopify.com/s/files/1/0726/8083/3243/files/03.07.0253_471_3_3.png?v=1760990977,https://cdn.shopify.com/s/files/1/0726/8083/3243/files/03.07.0253_471_4_4.png?v=1760990977,https://cdn.shopify.com/s/files/1/0726/8083/3243/files/03.07.0253_471_5_5.png?v=1760990977,https://cdn.shopify.com/s/files/1/0726/8083/3243/files/03.07.0253_471_6_6.png?v=1760990977",,,,,,,,,0,Cores,Vichy Print,0,1,Vichy Print,Tamanhos,"XXS,XS,S,M,L,XL",0,1,XXS,,,,,,
,variation,9016208425179-1,Tulle Vichy Print Pants,1,0,visible,,,,,taxable,parent,1,,,,0,,,,,0,,,119,,,,,,,9.01621E+12,,,,,,1,Cores,Vichy Print,,1,,Tamanhos,XXS,,1,,,,,,,
,variation,9016208425179-2,Tulle Vichy Print Pants,1,0,visible,,,,,taxable,parent,1,,,,0,,,,,0,,,119,,,,,,,9.01621E+12,,,,,,2,Cores,Vichy Print,,1,,Tamanhos,XS,,1,,,,,,,
,variation,9016208425179-3,Tulle Vichy Print Pants,1,0,visible,,,,,taxable,parent,1,,,,0,,,,,0,,,119,,,,,,,9.01621E+12,,,,,,3,Cores,Vichy Print,,1,,Tamanhos,S,,1,,,,,,,
,variation,9016208425179-4,Tulle Vichy Print Pants,1,0,visible,,,,,taxable,parent,1,,,,0,,,,,0,,,119,,,,,,,9.01621E+12,,,,,,4,Cores,Vichy Print,,1,,Tamanhos,M,,1,,,,,,,
,variation,9016208425179-5,Tulle Vichy Print Pants,1,0,visible,,,,,taxable,parent,1,,,,0,,,,,0,,,119,,,,,,,9.01621E+12,,,,,,5,Cores,Vichy Print,,1,,Tamanhos,L,,1,,,,,,,
,variation,9016208425179-6,Tulle Vichy Print Pants,1,0,visible,,,,,taxable,parent,1,,,,0,,,,,0,,,119,,,,,,,9.01621E+12,,,,,,6,Cores,Vichy Print,,1,,Tamanhos,XL,,1,,,,,,,
