ID,Type,SKU,Name,Published,Is featured?,Visibility in catalog,Short description,Description,Date sale price starts,Date sale price ends,Tax status,Tax class,In stock?,Stock,Low stock amount,Backorders allowed?,Sold individually?,Weight (kg),Length (cm),Width (cm),Height (cm),Allow customer reviews?,Purchase note,Sale price,Regular price,Categories,Tags,Shipping class,Images,Download limit,Download expiry days,Parent,Grouped products,Upsells,Cross-sells,External URL,Button text,Position,Attribute 1 name,Attribute 1 value(s),Attribute 1 visible,Attribute 1 global,Attribute 1 default,Attribute 2 name,Attribute 2 value(s),Attribute 2 visible,Attribute 2 global,Attribute 2 default,Attribute 3 name,Attribute 3 value(s),Attribute 3 visible,Attribute 3 global,Attribute 3 default,Meta: hwp_product_gtin
,variable,,Best Dad By Par - Personalized Photo Polo Shirt,1,0,visible,,"<div data-id=""07918756694720521"">
<div data-id=""07918756694720521"">
<div data-id=""07918756694720521"">
<div data-block-id=""block-75b37e0f-bdf4-4222-93a2-33cba27c8b52"">The Personalized Photo Polo Shirt is a heartfelt Father's Day gift, adorned with the titles ""Best Dad By Par"" or ""Best Papa By Par."" This classic polo design ensures both style and comfort, making it suitable for various occasions. The option to include a cherished photo adds a personal touch, capturing special memories and creating a unique keepsake. This versatile shirt is a meaningful tribute, celebrating your dad's exceptional role and the bond you share.<br><br><strong>MESSAGE:</strong>
</div>
<div data-block-id=""block-75b37e0f-bdf4-4222-93a2-33cba27c8b52"">
<div data-block-id=""block-7d4e6487-154c-45bd-ab95-31fe9a651c69"">
<ul>
<li>Best Dad by par.</li>
<li>Best Papa by par.</li>
<li>Best Daddy by par.<br><br>
</li>
</ul>
</div>
</div>
<p data-mce-style=""text-align: left;""><strong>PRODUCT DETAILS:</strong></p>
</div>
</div>
</div>
<div data-id=""07918756694720521"">
<div data-id=""07918756694720521"">
<ul>
<li>Material: Bird-eye pique fabric with 3-5% Spandex – Lightweight, breathable, moisture-wicking, stretchable, quick-drying fabric that is comfortable to wear as a casual or activewear outfit.</li>
<li>Regular fit allows you to move freely and conveniently.</li>
<li>Pull-on closure with 3-button placket – Classic Polo style yet comfortable to put on and take off.</li>
<li>Double-stitch hems for durability.</li>
<li>Sublimation printing creates vibrant and clear prints on the fabric which won’t come off.</li>
</ul>
</div>
</div>
<style type=""text/css""><!--
br {mso-data-placement:same-cell;}
--></style>
<style type=""text/css""><!--
br {mso-data-placement:same-cell;}
--></style>
<style type=""text/css""><!--
br {mso-data-placement:same-cell;}
--></style>",,,taxable,,1,,,0,0,,,,,1,,,,Polo Shirt,,,"https://cdn.shopify.com/s/files/1/0626/0421/4428/products/Best-Dad-By-Par-Personalized-Photo-Polo-Shirt_1.jpg?v=1710594106,https://cdn.shopify.com/s/files/1/0626/0421/4428/products/Best-Dad-By-Par-Personalized-Photo-Polo-Shirt_2.jpg?v=1710594106,https://cdn.shopify.com/s/files/1/0626/0421/4428/products/tachd_u_d7fbb079-92db-4e0e-8328-0e788fbeb11b.jpg?v=1710594106,https://cdn.shopify.com/s/files/1/0626/0421/4428/products/Best-Dad-By-Par-Personalized-Photo-Polo-Shirt_3.jpg?v=1710594106,https://cdn.shopify.com/s/files/1/0626/0421/4428/products/Best-Dad-By-Par-Personalized-Photo-Polo-Shirt_3.5.jpg?v=1710594106,https://cdn.shopify.com/s/files/1/0626/0421/4428/products/Best-Dad-By-Par-Personalized-Photo-Polo-Shirt_4.jpg?v=1710594106,https://cdn.shopify.com/s/files/1/0626/0421/4428/products/Best-Dad-By-Par-Personalized-Photo-Polo-Shirt_5.jpg?v=1710594106",,,,,,,,,0,Style,All-over Print Polo Shirt,0,1,All-over Print Polo Shirt,Size,"S,M,L,XL,2XL,3XL,4XL,5XL",0,1,S,,,,,,
,variation,,Best Dad By Par - Personalized Photo Polo Shirt,1,0,visible,,,,,taxable,parent,1,,,,0,,,,,0,,,32.95,,,,https://cdn.shopify.com/s/files/1/0626/0421/4428/products/Best-Dad-By-Par-Personalized-Photo-Polo-Shirt_1.jpg?v=1710594106,,,7.90371E+12,,,,,,1,Style,All-over Print Polo Shirt,,1,,Size,S,,1,,,,,,,
,variation,,Best Dad By Par - Personalized Photo Polo Shirt,1,0,visible,,,,,taxable,parent,1,,,,0,,,,,0,,,34.95,,,,https://cdn.shopify.com/s/files/1/0626/0421/4428/products/Best-Dad-By-Par-Personalized-Photo-Polo-Shirt_1.jpg?v=1710594106,,,7.90371E+12,,,,,,2,Style,All-over Print Polo Shirt,,1,,Size,M,,1,,,,,,,
,variation,,Best Dad By Par - Personalized Photo Polo Shirt,1,0,visible,,,,,taxable,parent,1,,,,0,,,,,0,,,36.95,,,,https://cdn.shopify.com/s/files/1/0626/0421/4428/products/Best-Dad-By-Par-Personalized-Photo-Polo-Shirt_1.jpg?v=1710594106,,,7.90371E+12,,,,,,3,Style,All-over Print Polo Shirt,,1,,Size,L,,1,,,,,,,
,variation,,Best Dad By Par - Personalized Photo Polo Shirt,1,0,visible,,,,,taxable,parent,1,,,,0,,,,,0,,,38.95,,,,https://cdn.shopify.com/s/files/1/0626/0421/4428/products/Best-Dad-By-Par-Personalized-Photo-Polo-Shirt_1.jpg?v=1710594106,,,7.90371E+12,,,,,,4,Style,All-over Print Polo Shirt,,1,,Size,XL,,1,,,,,,,
,variation,,Best Dad By Par - Personalized Photo Polo Shirt,1,0,visible,,,,,taxable,parent,1,,,,0,,,,,0,,,38.95,,,,https://cdn.shopify.com/s/files/1/0626/0421/4428/products/Best-Dad-By-Par-Personalized-Photo-Polo-Shirt_1.jpg?v=1710594106,,,7.90371E+12,,,,,,5,Style,All-over Print Polo Shirt,,1,,Size,2XL,,1,,,,,,,
,variation,,Best Dad By Par - Personalized Photo Polo Shirt,1,0,visible,,,,,taxable,parent,1,,,,0,,,,,0,,,40.95,,,,https://cdn.shopify.com/s/files/1/0626/0421/4428/products/Best-Dad-By-Par-Personalized-Photo-Polo-Shirt_1.jpg?v=1710594106,,,7.90371E+12,,,,,,6,Style,All-over Print Polo Shirt,,1,,Size,3XL,,1,,,,,,,
,variation,,Best Dad By Par - Personalized Photo Polo Shirt,1,0,visible,,,,,taxable,parent,1,,,,0,,,,,0,,,42.95,,,,https://cdn.shopify.com/s/files/1/0626/0421/4428/products/Best-Dad-By-Par-Personalized-Photo-Polo-Shirt_1.jpg?v=1710594106,,,7.90371E+12,,,,,,7,Style,All-over Print Polo Shirt,,1,,Size,4XL,,1,,,,,,,
,variation,,Best Dad By Par - Personalized Photo Polo Shirt,1,0,visible,,,,,taxable,parent,1,,,,0,,,,,0,,,42.95,,,,https://cdn.shopify.com/s/files/1/0626/0421/4428/products/Best-Dad-By-Par-Personalized-Photo-Polo-Shirt_1.jpg?v=1710594106,,,7.90371E+12,,,,,,8,Style,All-over Print Polo Shirt,,1,,Size,5XL,,1,,,,,,,
,variable,,"Best Dad Ever Gift For Dad, Grandpa - Personalized Photo Polo Shirt",1,0,visible,,"<div data-id=""07918756694720521"">
<div data-id=""07918756694720521"">
<div data-id=""07918756694720521"">
<div data-block-id=""block-75b37e0f-bdf4-4222-93a2-33cba27c8b52"">
<div data-block-id=""block-7c6e9a7e-f4b9-447a-a1fd-b1664992b1ac"">
<div data-block-id=""block-b9605d8a-252d-4558-850f-1e123cb90be1"">
<div data-block-id=""block-9d14a48a-e444-4a73-bc49-d14ef0813b99"">
<div data-block-id=""block-b2a93716-ac2d-43fc-bac3-d4f28f5ebcea"">
<div data-block-id=""block-531f25f6-8aab-49c5-8f92-df38f15bfd0c"">
<div data-zone-id=""0"" data-line-index=""0"" data-line=""true"">
<div data-zone-id=""0"" data-line-index=""1"" data-line=""true"">
<div data-zone-id=""0"" data-line-index=""1"" data-line=""true"">
<div data-zone-id=""0"" data-line-index=""0"" data-line=""true"">The We Love You Polo Shirt is a perfect gift for dads and grandpas, designed to celebrate the special bond between generations. This customizable shirt features a beloved kids' photo, making it a heartfelt keepsake that showcases your family's love. Crafted for comfort and style, it's ideal for casual outings or family gatherings, allowing your loved ones to wear their cherished memories proudly.</div>
<div data-zone-id=""0"" data-line-index=""1"" data-line=""true""><br></div>
<div data-zone-id=""0"" data-line-index=""2"" data-line=""true"">Whether for a birthday, Father's Day, or just to show appreciation, this polo shirt serves as a meaningful reminder of the joy and connection you share. Gift this unique piece to create lasting memories and let them carry a piece of your family’s love wherever they go!</div>
</div>
</div>
</div>
</div>
</div>
</div>
</div>
</div>
<p data-block-id=""block-0cd9770c-cce7-4d52-8647-3056a6c76c13""><br><strong>MESSAGE:</strong> Best Dad Ever.<br><br><strong>PRODUCT DETAILS:</strong></p>
</div>
</div>
</div>
</div>
<div data-id=""07918756694720521"">
<div data-id=""07918756694720521"">
<ul>
<li>Material: Bird-eye pique fabric with 3-5% Spandex – Lightweight, breathable, moisture-wicking, stretchable quick-drying fabric that is comfortable to wear as a casual or activewear outfit.</li>
<li>Regular fit allows you to move freely and conveniently.</li>
<li>Pull-on closure with 3-button placket – Classic Polo style yet comfortable to put on and take off.</li>
<li>Double-stitch hems for durability.</li>
<li>Sublimation printing creates vibrant and clear prints on the fabric which won’t come off.</li>
</ul>
</div>
</div>
<style type=""text/css""><!--
br {mso-data-placement:same-cell;}
--></style>
<style type=""text/css""><!--
br {mso-data-placement:same-cell;}
--></style>
<style type=""text/css""><!--
br {mso-data-placement:same-cell;}
--></style>",,,taxable,,1,,,0,0,,,,,1,,,,Polo Shirt,,,"https://cdn.shopify.com/s/files/1/0626/0421/4428/files/Best-Dad-Ever-Gift-For-Dad_-Grandpa-Personalized-Photo-Polo-Shirt_1.jpg?v=1742885688,https://cdn.shopify.com/s/files/1/0626/0421/4428/files/Best-Dad-Ever-Gift-For-Dad_-Grandpa-Personalized-Photo-Polo-Shirt_2.jpg?v=1742885688,https://cdn.shopify.com/s/files/1/0626/0421/4428/files/Macorner-Cut-Face-Photo-Guidelines.png?v=1758249178,https://cdn.shopify.com/s/files/1/0626/0421/4428/files/Best-Dad-Ever-Gift-For-Dad_-Grandpa-Personalized-Photo-Polo-Shirt_3.jpg?v=1742885903,https://cdn.shopify.com/s/files/1/0626/0421/4428/files/Best-Dad-Ever-Gift-For-Dad_-Grandpa-Personalized-Photo-Polo-Shirt_4.jpg?v=1742885903,https://cdn.shopify.com/s/files/1/0626/0421/4428/files/Best-Dad-Ever-Gift-For-Dad_-Grandpa-Personalized-Photo-Polo-Shirt_5.jpg?v=1742885903,https://cdn.shopify.com/s/files/1/0626/0421/4428/files/Best-Dad-Ever-Gift-For-Dad_-Grandpa-Personalized-Photo-Polo-Shirt_6.jpg?v=1742885903",,,,,,,,,0,Style,All-over Print Polo Shirt,0,1,All-over Print Polo Shirt,Size,"S,M,L,XL,2XL,3XL,4XL,5XL",0,1,S,,,,,,
,variation,,"Best Dad Ever Gift For Dad, Grandpa - Personalized Photo Polo Shirt",1,0,visible,,,,,taxable,parent,1,,,,0,,,,,0,,,32.95,,,,https://cdn.shopify.com/s/files/1/0626/0421/4428/files/Best-Dad-Ever-Gift-For-Dad_-Grandpa-Personalized-Photo-Polo-Shirt_2.jpg?v=1742885688,,,8.38629E+12,,,,,,1,Style,All-over Print Polo Shirt,,1,,Size,S,,1,,,,,,,
,variation,,"Best Dad Ever Gift For Dad, Grandpa - Personalized Photo Polo Shirt",1,0,visible,,,,,taxable,parent,1,,,,0,,,,,0,,,34.95,,,,https://cdn.shopify.com/s/files/1/0626/0421/4428/files/Best-Dad-Ever-Gift-For-Dad_-Grandpa-Personalized-Photo-Polo-Shirt_2.jpg?v=1742885688,,,8.38629E+12,,,,,,2,Style,All-over Print Polo Shirt,,1,,Size,M,,1,,,,,,,
,variation,,"Best Dad Ever Gift For Dad, Grandpa - Personalized Photo Polo Shirt",1,0,visible,,,,,taxable,parent,1,,,,0,,,,,0,,,36.95,,,,https://cdn.shopify.com/s/files/1/0626/0421/4428/files/Best-Dad-Ever-Gift-For-Dad_-Grandpa-Personalized-Photo-Polo-Shirt_2.jpg?v=1742885688,,,8.38629E+12,,,,,,3,Style,All-over Print Polo Shirt,,1,,Size,L,,1,,,,,,,
,variation,,"Best Dad Ever Gift For Dad, Grandpa - Personalized Photo Polo Shirt",1,0,visible,,,,,taxable,parent,1,,,,0,,,,,0,,,38.95,,,,https://cdn.shopify.com/s/files/1/0626/0421/4428/files/Best-Dad-Ever-Gift-For-Dad_-Grandpa-Personalized-Photo-Polo-Shirt_2.jpg?v=1742885688,,,8.38629E+12,,,,,,4,Style,All-over Print Polo Shirt,,1,,Size,XL,,1,,,,,,,
,variation,,"Best Dad Ever Gift For Dad, Grandpa - Personalized Photo Polo Shirt",1,0,visible,,,,,taxable,parent,1,,,,0,,,,,0,,,38.95,,,,https://cdn.shopify.com/s/files/1/0626/0421/4428/files/Best-Dad-Ever-Gift-For-Dad_-Grandpa-Personalized-Photo-Polo-Shirt_2.jpg?v=1742885688,,,8.38629E+12,,,,,,5,Style,All-over Print Polo Shirt,,1,,Size,2XL,,1,,,,,,,
,variation,,"Best Dad Ever Gift For Dad, Grandpa - Personalized Photo Polo Shirt",1,0,visible,,,,,taxable,parent,1,,,,0,,,,,0,,,40.95,,,,https://cdn.shopify.com/s/files/1/0626/0421/4428/files/Best-Dad-Ever-Gift-For-Dad_-Grandpa-Personalized-Photo-Polo-Shirt_2.jpg?v=1742885688,,,8.38629E+12,,,,,,6,Style,All-over Print Polo Shirt,,1,,Size,3XL,,1,,,,,,,
,variation,,"Best Dad Ever Gift For Dad, Grandpa - Personalized Photo Polo Shirt",1,0,visible,,,,,taxable,parent,1,,,,0,,,,,0,,,42.95,,,,https://cdn.shopify.com/s/files/1/0626/0421/4428/files/Best-Dad-Ever-Gift-For-Dad_-Grandpa-Personalized-Photo-Polo-Shirt_2.jpg?v=1742885688,,,8.38629E+12,,,,,,7,Style,All-over Print Polo Shirt,,1,,Size,4XL,,1,,,,,,,
,variation,,"Best Dad Ever Gift For Dad, Grandpa - Personalized Photo Polo Shirt",1,0,visible,,,,,taxable,parent,1,,,,0,,,,,0,,,42.95,,,,https://cdn.shopify.com/s/files/1/0626/0421/4428/files/Best-Dad-Ever-Gift-For-Dad_-Grandpa-Personalized-Photo-Polo-Shirt_2.jpg?v=1742885688,,,8.38629E+12,,,,,,8,Style,All-over Print Polo Shirt,,1,,Size,5XL,,1,,,,,,,
,variable,,Reel Cool Dad - Personalized Photo Polo Shirt,1,0,visible,,"<div data-id=""07918756694720521"">
<div data-id=""07918756694720521"">
<div data-id=""07918756694720521"">
<div data-block-id=""block-75b37e0f-bdf4-4222-93a2-33cba27c8b52"">
<div data-block-id=""block-7c6e9a7e-f4b9-447a-a1fd-b1664992b1ac"" data-mce-fragment=""1"">
<div data-block-id=""block-b9605d8a-252d-4558-850f-1e123cb90be1"">
<div data-block-id=""block-9d14a48a-e444-4a73-bc49-d14ef0813b99"">
<div data-block-id=""block-b2a93716-ac2d-43fc-bac3-d4f28f5ebcea"">
<div data-block-id=""block-531f25f6-8aab-49c5-8f92-df38f15bfd0c"">
<div data-line=""true"" data-line-index=""0"" data-zone-id=""0"">The Personalized Photo Polo Shirt is an ideal gift for both Father's Day and any occasion. With its playful ""Reel Cool Dad, Reel Cool Grandpa"" message, this shirt is perfect for dads, grandpas, and daddies. It offers personalization with a cherished photo and is made from quality fabric for comfort and durability, making it a versatile and heartfelt wardrobe addition for different paternal figures on any special day.</div>
</div>
</div>
</div>
</div>
</div>
<p data-block-id=""block-0cd9770c-cce7-4d52-8647-3056a6c76c13""><br><strong>MESSAGE: </strong></p>
<div data-block-id=""block-6edfff16-311b-4d6d-9fbf-d5ff2acb09e1"">
<div data-line=""true"" data-line-index=""0"" data-zone-id=""0"">
<ul>
<li>Reel cool dad</li>
<li>Reel cool daddy</li>
<li>Reel cool grandpa</li>
</ul>
</div>
</div>
<div data-block-id=""block-3ea9d97d-e266-4f15-8c6f-67d8d1330007""><br></div>
<div data-block-id=""block-3ea9d97d-e266-4f15-8c6f-67d8d1330007"">
<strong>PRODUCT DETAILS:</strong><br>
</div>
</div>
</div>
</div>
</div>
<div data-id=""07918756694720521"">
<div data-id=""07918756694720521"">
<ul>
<li>Material: Bird-eye pique fabric with 3-5% Spandex – Lightweight, breathable, moisture-wicking, stretchable quick-drying fabric that is comfortable to wear as a casual or activewear outfit.</li>
<li>Regular fit allows you to move freely and conveniently.</li>
<li>Pull-on closure with 3-button placket – Classic Polo style yet comfortable to put on and take off.</li>
<li>Double-stitch hems for durability.</li>
<li>Sublimation printing creates vibrant and clear prints on the fabric which won’t come off.</li>
</ul>
</div>
</div>
<div data-id=""07918756694720521"">
<ul></ul>
<br>
</div>
<style type=""text/css""><!--
br {mso-data-placement:same-cell;}
--></style>
<style type=""text/css""><!--
br {mso-data-placement:same-cell;}
--></style>
<style type=""text/css""><!--
br {mso-data-placement:same-cell;}
--></style>",,,taxable,,1,,,0,0,,,,,1,,,,Polo Shirt,,,"https://cdn.shopify.com/s/files/1/0626/0421/4428/products/Reel-Cool-Dad-Personalized-Photo-Polo-Shirt_1.jpg?v=1710593408,https://cdn.shopify.com/s/files/1/0626/0421/4428/products/Reel-Cool-Dad-Personalized-Photo-Polo-Shirt_2.jpg?v=1710593408,https://cdn.shopify.com/s/files/1/0626/0421/4428/products/tachd_u_bec2cf81-13e0-4ac2-bbb5-5fbe827eaa29.jpg?v=1710593408,https://cdn.shopify.com/s/files/1/0626/0421/4428/products/Reel-Cool-Dad-Personalized-Photo-Polo-Shirt_3.jpg?v=1710593408,https://cdn.shopify.com/s/files/1/0626/0421/4428/products/Reel-Cool-Dad-Personalized-Photo-Polo-Shirt_4.jpg?v=1710593408,https://cdn.shopify.com/s/files/1/0626/0421/4428/products/Reel-Cool-Dad-Personalized-Photo-Polo-Shirt_5.jpg?v=1710593408,https://cdn.shopify.com/s/files/1/0626/0421/4428/products/Reel-Cool-Dad-Personalized-Photo-Polo-Shirt_6.jpg?v=1710593408",,,,,,,,,0,Style,All-over Print Polo Shirt,0,1,All-over Print Polo Shirt,Size,"S,M,L,XL,2XL,3XL,4XL,5XL",0,1,S,,,,,,
,variation,,Reel Cool Dad - Personalized Photo Polo Shirt,1,0,visible,,,,,taxable,parent,1,,,,0,,,,,0,,,32.95,,,,https://cdn.shopify.com/s/files/1/0626/0421/4428/products/Reel-Cool-Dad-Personalized-Photo-Polo-Shirt_1.jpg?v=1710593408,,,7.9037E+12,,,,,,1,Style,All-over Print Polo Shirt,,1,,Size,S,,1,,,,,,,
,variation,,Reel Cool Dad - Personalized Photo Polo Shirt,1,0,visible,,,,,taxable,parent,1,,,,0,,,,,0,,,34.95,,,,https://cdn.shopify.com/s/files/1/0626/0421/4428/products/Reel-Cool-Dad-Personalized-Photo-Polo-Shirt_1.jpg?v=1710593408,,,7.9037E+12,,,,,,2,Style,All-over Print Polo Shirt,,1,,Size,M,,1,,,,,,,
,variation,,Reel Cool Dad - Personalized Photo Polo Shirt,1,0,visible,,,,,taxable,parent,1,,,,0,,,,,0,,,36.95,,,,https://cdn.shopify.com/s/files/1/0626/0421/4428/products/Reel-Cool-Dad-Personalized-Photo-Polo-Shirt_1.jpg?v=1710593408,,,7.9037E+12,,,,,,3,Style,All-over Print Polo Shirt,,1,,Size,L,,1,,,,,,,
,variation,,Reel Cool Dad - Personalized Photo Polo Shirt,1,0,visible,,,,,taxable,parent,1,,,,0,,,,,0,,,38.95,,,,https://cdn.shopify.com/s/files/1/0626/0421/4428/products/Reel-Cool-Dad-Personalized-Photo-Polo-Shirt_1.jpg?v=1710593408,,,7.9037E+12,,,,,,4,Style,All-over Print Polo Shirt,,1,,Size,XL,,1,,,,,,,
,variation,,Reel Cool Dad - Personalized Photo Polo Shirt,1,0,visible,,,,,taxable,parent,1,,,,0,,,,,0,,,38.95,,,,https://cdn.shopify.com/s/files/1/0626/0421/4428/products/Reel-Cool-Dad-Personalized-Photo-Polo-Shirt_1.jpg?v=1710593408,,,7.9037E+12,,,,,,5,Style,All-over Print Polo Shirt,,1,,Size,2XL,,1,,,,,,,
,variation,,Reel Cool Dad - Personalized Photo Polo Shirt,1,0,visible,,,,,taxable,parent,1,,,,0,,,,,0,,,40.95,,,,https://cdn.shopify.com/s/files/1/0626/0421/4428/products/Reel-Cool-Dad-Personalized-Photo-Polo-Shirt_1.jpg?v=1710593408,,,7.9037E+12,,,,,,6,Style,All-over Print Polo Shirt,,1,,Size,3XL,,1,,,,,,,
,variation,,Reel Cool Dad - Personalized Photo Polo Shirt,1,0,visible,,,,,taxable,parent,1,,,,0,,,,,0,,,42.95,,,,https://cdn.shopify.com/s/files/1/0626/0421/4428/products/Reel-Cool-Dad-Personalized-Photo-Polo-Shirt_1.jpg?v=1710593408,,,7.9037E+12,,,,,,7,Style,All-over Print Polo Shirt,,1,,Size,4XL,,1,,,,,,,
,variation,,Reel Cool Dad - Personalized Photo Polo Shirt,1,0,visible,,,,,taxable,parent,1,,,,0,,,,,0,,,42.95,,,,https://cdn.shopify.com/s/files/1/0626/0421/4428/products/Reel-Cool-Dad-Personalized-Photo-Polo-Shirt_1.jpg?v=1710593408,,,7.9037E+12,,,,,,8,Style,All-over Print Polo Shirt,,1,,Size,5XL,,1,,,,,,,
,variable,,Best Team By Par - Personalized Photo Polo Shirt,1,0,visible,,"<div data-id=""07918756694720521"">
<div data-id=""07918756694720521"">
<div data-id=""07918756694720521"">
<div data-block-id=""block-75b37e0f-bdf4-4222-93a2-33cba27c8b52"">
<div data-block-id=""block-7c6e9a7e-f4b9-447a-a1fd-b1664992b1ac"" data-mce-fragment=""1"">
<div data-block-id=""block-b9605d8a-252d-4558-850f-1e123cb90be1"">
<div data-block-id=""block-9d14a48a-e444-4a73-bc49-d14ef0813b99"">
<div data-block-id=""block-b2a93716-ac2d-43fc-bac3-d4f28f5ebcea"">
<div data-block-id=""block-531f25f6-8aab-49c5-8f92-df38f15bfd0c"">
<div data-zone-id=""0"" data-line-index=""0"" data-line=""true"">
<div data-zone-id=""0"" data-line-index=""1"" data-line=""true"">
<div data-zone-id=""0"" data-line-index=""1"" data-line=""true"">
<div data-line=""true"" data-line-index=""0"" data-zone-id=""0"">
<div data-zone-id=""0"" data-line-index=""0"" data-line=""true"">
<div data-zone-id=""0"" data-line-index=""0"" data-line=""true"">
<div data-zone-id=""0"" data-line-index=""0"" data-line=""true"">
<div data-zone-id=""0"" data-line-index=""0"" data-line=""true"">Looking for a unique gift for a friend who loves golf or a member of your golf team? Consider a personalized photo polo shirt! Perfect for birthdays or any special occasion, this stylish shirt can be customized with a favorite photo, name, or special message. Made from high-quality materials, it's designed for comfort and performance on the golf course. Whether they're hitting the greens or just hanging out, this personalized polo shirt will be a cherished addition to their wardrobe. It's a thoughtful and practical gift that combines their love for golf with a personal touch.</div>
</div>
</div>
</div>
</div>
</div>
</div>
</div>
</div>
</div>
</div>
</div>
</div>
<p data-block-id=""block-0cd9770c-cce7-4d52-8647-3056a6c76c13""><br><strong>MESSAGE:</strong> Best team by par.<br><br><strong>PRODUCT DETAILS:</strong></p>
</div>
</div>
</div>
</div>
<div data-id=""07918756694720521"">
<div data-id=""07918756694720521"">
<ul>
<li>Material: Bird-eye pique fabric with 3-5% Spandex – Lightweight, breathable, moisture-wicking, stretchable quick-drying fabric that is comfortable to wear as a casual or activewear outfit.</li>
<li>Regular fit allows you to move freely and conveniently.</li>
<li>Pull-on closure with 3-button placket – Classic Polo style yet comfortable to put on and take off.</li>
<li>Double-stitch hems for durability.</li>
<li>Sublimation printing creates vibrant and clear prints on the fabric which won’t come off.</li>
</ul>
</div>
</div>
<style type=""text/css""><!--
br {mso-data-placement:same-cell;}
--></style>
<style type=""text/css""><!--
br {mso-data-placement:same-cell;}
--></style>
<style type=""text/css""><!--
br {mso-data-placement:same-cell;}
--></style>",,,taxable,,1,,,0,0,,,,,1,,,,Polo Shirt,,,"https://cdn.shopify.com/s/files/1/0626/0421/4428/files/Best-Team-By-Par-Personalized-Photo-Polo-Shirt_1.jpg?v=1718345813,https://cdn.shopify.com/s/files/1/0626/0421/4428/files/Best-Team-By-Par-Personalized-Photo-Polo-Shirt_2.jpg?v=1718345813,https://cdn.shopify.com/s/files/1/0626/0421/4428/files/Tip-to-have-best-quality-Custom-products_63e38a4a-ee40-4bb7-94b6-9f901bd3fad1.jpg?v=1718345813,https://cdn.shopify.com/s/files/1/0626/0421/4428/files/Best-Team-By-Par-Personalized-Photo-Polo-Shirt_3.jpg?v=1718345813,https://cdn.shopify.com/s/files/1/0626/0421/4428/files/Best-Team-By-Par-Personalized-Photo-Polo-Shirt_4.jpg?v=1718345813,https://cdn.shopify.com/s/files/1/0626/0421/4428/files/Best-Team-By-Par-Personalized-Photo-Polo-Shirt_5.jpg?v=1718345813,https://cdn.shopify.com/s/files/1/0626/0421/4428/files/Best-Team-By-Par-Personalized-Photo-Polo-Shirt_6.jpg?v=1718345813",,,,,,,,,0,Style,All-over Print Polo Shirt,0,1,All-over Print Polo Shirt,Size,"S,M,L,XL,2XL,3XL,4XL,5XL",0,1,S,,,,,,
,variation,,Best Team By Par - Personalized Photo Polo Shirt,1,0,visible,,,,,taxable,parent,1,,,,0,,,,,0,,,32.95,,,,https://cdn.shopify.com/s/files/1/0626/0421/4428/files/Best-Team-By-Par-Personalized-Photo-Polo-Shirt_1.jpg?v=1718345813,,,8.15097E+12,,,,,,1,Style,All-over Print Polo Shirt,,1,,Size,S,,1,,,,,,,
,variation,,Best Team By Par - Personalized Photo Polo Shirt,1,0,visible,,,,,taxable,parent,1,,,,0,,,,,0,,,34.95,,,,https://cdn.shopify.com/s/files/1/0626/0421/4428/files/Best-Team-By-Par-Personalized-Photo-Polo-Shirt_1.jpg?v=1718345813,,,8.15097E+12,,,,,,2,Style,All-over Print Polo Shirt,,1,,Size,M,,1,,,,,,,
,variation,,Best Team By Par - Personalized Photo Polo Shirt,1,0,visible,,,,,taxable,parent,1,,,,0,,,,,0,,,36.95,,,,https://cdn.shopify.com/s/files/1/0626/0421/4428/files/Best-Team-By-Par-Personalized-Photo-Polo-Shirt_1.jpg?v=1718345813,,,8.15097E+12,,,,,,3,Style,All-over Print Polo Shirt,,1,,Size,L,,1,,,,,,,
,variation,,Best Team By Par - Personalized Photo Polo Shirt,1,0,visible,,,,,taxable,parent,1,,,,0,,,,,0,,,38.95,,,,https://cdn.shopify.com/s/files/1/0626/0421/4428/files/Best-Team-By-Par-Personalized-Photo-Polo-Shirt_1.jpg?v=1718345813,,,8.15097E+12,,,,,,4,Style,All-over Print Polo Shirt,,1,,Size,XL,,1,,,,,,,
,variation,,Best Team By Par - Personalized Photo Polo Shirt,1,0,visible,,,,,taxable,parent,1,,,,0,,,,,0,,,38.95,,,,https://cdn.shopify.com/s/files/1/0626/0421/4428/files/Best-Team-By-Par-Personalized-Photo-Polo-Shirt_1.jpg?v=1718345813,,,8.15097E+12,,,,,,5,Style,All-over Print Polo Shirt,,1,,Size,2XL,,1,,,,,,,
,variation,,Best Team By Par - Personalized Photo Polo Shirt,1,0,visible,,,,,taxable,parent,1,,,,0,,,,,0,,,40.95,,,,https://cdn.shopify.com/s/files/1/0626/0421/4428/files/Best-Team-By-Par-Personalized-Photo-Polo-Shirt_1.jpg?v=1718345813,,,8.15097E+12,,,,,,6,Style,All-over Print Polo Shirt,,1,,Size,3XL,,1,,,,,,,
,variation,,Best Team By Par - Personalized Photo Polo Shirt,1,0,visible,,,,,taxable,parent,1,,,,0,,,,,0,,,42.95,,,,https://cdn.shopify.com/s/files/1/0626/0421/4428/files/Best-Team-By-Par-Personalized-Photo-Polo-Shirt_1.jpg?v=1718345813,,,8.15097E+12,,,,,,7,Style,All-over Print Polo Shirt,,1,,Size,4XL,,1,,,,,,,
,variation,,Best Team By Par - Personalized Photo Polo Shirt,1,0,visible,,,,,taxable,parent,1,,,,0,,,,,0,,,42.95,,,,https://cdn.shopify.com/s/files/1/0626/0421/4428/files/Best-Team-By-Par-Personalized-Photo-Polo-Shirt_1.jpg?v=1718345813,,,8.15097E+12,,,,,,8,Style,All-over Print Polo Shirt,,1,,Size,5XL,,1,,,,,,,
,variable,,Best Dad Ever - Personalized Photo Polo Shirt,1,0,visible,,"<div data-id=""07918756694720521"">
<div data-id=""07918756694720521"">
<div data-id=""07918756694720521"">
<div data-block-id=""block-75b37e0f-bdf4-4222-93a2-33cba27c8b52"">
<div data-block-id=""block-7c6e9a7e-f4b9-447a-a1fd-b1664992b1ac"" data-mce-fragment=""1"">
<div data-block-id=""block-b9605d8a-252d-4558-850f-1e123cb90be1"">
<div data-block-id=""block-9d14a48a-e444-4a73-bc49-d14ef0813b99"">
<div data-block-id=""block-b2a93716-ac2d-43fc-bac3-d4f28f5ebcea"">
<div data-block-id=""block-531f25f6-8aab-49c5-8f92-df38f15bfd0c"">
<div data-zone-id=""0"" data-line-index=""0"" data-line=""true"">
<div data-zone-id=""0"" data-line-index=""1"" data-line=""true"">
<div data-zone-id=""0"" data-line-index=""1"" data-line=""true"">
<div data-line=""true"" data-line-index=""0"" data-zone-id=""0"">
<div data-line=""true"" data-line-index=""0"" data-zone-id=""0"">Make Dad's Day extra special with our Personalized Photo Polo Shirt. Whether it's his birthday or Father's Day, this unique gift allows you to feature a cherished photo of the kids right on the shirt. Crafted with quality materials, it's not just a shirt but a heartfelt keepsake he'll proudly wear. Ideal for dads, daddies, and father figures who value personalized gifts that capture the love and joy of family moments.</div>
</div>
</div>
</div>
</div>
</div>
</div>
</div>
</div>
</div>
<p data-block-id=""block-0cd9770c-cce7-4d52-8647-3056a6c76c13""><br><strong>MESSAGE: </strong></p>
<div data-zone-id=""0"" data-line-index=""0"" data-line=""true"">
<div data-line=""true"" data-line-index=""0"" data-zone-id=""0"">
<ul>
<li>Best dad ever.</li>
<li>Best daddy ever.</li>
</ul>
</div>
</div>
<div data-zone-id=""0"" data-line-index=""2"" data-line=""true""><br></div>
<div data-block-id=""block-3ea9d97d-e266-4f15-8c6f-67d8d1330007"">
<strong> PRODUCT DETAILS:</strong><br>
</div>
</div>
</div>
</div>
</div>
<div data-id=""07918756694720521"">
<div data-id=""07918756694720521"">
<ul>
<li>Material: Bird-eye pique fabric with 3-5% Spandex – Lightweight, breathable, moisture-wicking, stretchable quick-drying fabric that is comfortable to wear as a casual or activewear outfit.</li>
<li>Regular fit allows you to move freely and conveniently.</li>
<li>Pull-on closure with 3-button placket – Classic Polo style yet comfortable to put on and take off.</li>
<li>Double-stitch hems for durability.</li>
<li>Sublimation printing creates vibrant and clear prints on the fabric which won’t come off.</li>
</ul>
</div>
</div>
<style type=""text/css""><!--
br {mso-data-placement:same-cell;}
--></style>
<style type=""text/css""><!--
br {mso-data-placement:same-cell;}
--></style>
<style type=""text/css""><!--
br {mso-data-placement:same-cell;}
--></style>",,,taxable,,1,,,0,0,,,,,1,,,,Polo Shirt,,,"https://cdn.shopify.com/s/files/1/0626/0421/4428/files/Best-Dad-Ever-Personalized-Photo-Polo-Shirt_1.jpg?v=1718353526,https://cdn.shopify.com/s/files/1/0626/0421/4428/files/Best-Dad-Ever-Personalized-Photo-Polo-Shirt_2.jpg?v=1718353526,https://cdn.shopify.com/s/files/1/0626/0421/4428/files/tachd_u_4a5722d5-fed3-450b-b24a-6e541d524d93.jpg?v=1718353526,https://cdn.shopify.com/s/files/1/0626/0421/4428/files/Best-Dad-Ever-Personalized-Photo-Polo-Shirt_3.jpg?v=1718353526,https://cdn.shopify.com/s/files/1/0626/0421/4428/files/Best-Dad-Ever-Personalized-Photo-Polo-Shirt_4.jpg?v=1718353526,https://cdn.shopify.com/s/files/1/0626/0421/4428/files/Best-Dad-Ever-Personalized-Photo-Polo-Shirt_5.jpg?v=1718353526,https://cdn.shopify.com/s/files/1/0626/0421/4428/files/Best-Dad-Ever-Personalized-Photo-Polo-Shirt_6.jpg?v=1718353526",,,,,,,,,0,Style,All-over Print Polo Shirt,0,1,All-over Print Polo Shirt,Size,"S,M,L,XL,2XL,3XL,4XL,5XL",0,1,S,,,,,,
,variation,,Best Dad Ever - Personalized Photo Polo Shirt,1,0,visible,,,,,taxable,parent,1,,,,0,,,,,0,,,32.95,,,,https://cdn.shopify.com/s/files/1/0626/0421/4428/files/Best-Dad-Ever-Personalized-Photo-Polo-Shirt_1.jpg?v=1718353526,,,8.15128E+12,,,,,,1,Style,All-over Print Polo Shirt,,1,,Size,S,,1,,,,,,,
,variation,,Best Dad Ever - Personalized Photo Polo Shirt,1,0,visible,,,,,taxable,parent,1,,,,0,,,,,0,,,34.95,,,,https://cdn.shopify.com/s/files/1/0626/0421/4428/files/Best-Dad-Ever-Personalized-Photo-Polo-Shirt_1.jpg?v=1718353526,,,8.15128E+12,,,,,,2,Style,All-over Print Polo Shirt,,1,,Size,M,,1,,,,,,,
,variation,,Best Dad Ever - Personalized Photo Polo Shirt,1,0,visible,,,,,taxable,parent,1,,,,0,,,,,0,,,36.95,,,,https://cdn.shopify.com/s/files/1/0626/0421/4428/files/Best-Dad-Ever-Personalized-Photo-Polo-Shirt_1.jpg?v=1718353526,,,8.15128E+12,,,,,,3,Style,All-over Print Polo Shirt,,1,,Size,L,,1,,,,,,,
,variation,,Best Dad Ever - Personalized Photo Polo Shirt,1,0,visible,,,,,taxable,parent,1,,,,0,,,,,0,,,38.95,,,,https://cdn.shopify.com/s/files/1/0626/0421/4428/files/Best-Dad-Ever-Personalized-Photo-Polo-Shirt_1.jpg?v=1718353526,,,8.15128E+12,,,,,,4,Style,All-over Print Polo Shirt,,1,,Size,XL,,1,,,,,,,
,variation,,Best Dad Ever - Personalized Photo Polo Shirt,1,0,visible,,,,,taxable,parent,1,,,,0,,,,,0,,,38.95,,,,https://cdn.shopify.com/s/files/1/0626/0421/4428/files/Best-Dad-Ever-Personalized-Photo-Polo-Shirt_1.jpg?v=1718353526,,,8.15128E+12,,,,,,5,Style,All-over Print Polo Shirt,,1,,Size,2XL,,1,,,,,,,
,variation,,Best Dad Ever - Personalized Photo Polo Shirt,1,0,visible,,,,,taxable,parent,1,,,,0,,,,,0,,,40.95,,,,https://cdn.shopify.com/s/files/1/0626/0421/4428/files/Best-Dad-Ever-Personalized-Photo-Polo-Shirt_1.jpg?v=1718353526,,,8.15128E+12,,,,,,6,Style,All-over Print Polo Shirt,,1,,Size,3XL,,1,,,,,,,
,variation,,Best Dad Ever - Personalized Photo Polo Shirt,1,0,visible,,,,,taxable,parent,1,,,,0,,,,,0,,,42.95,,,,https://cdn.shopify.com/s/files/1/0626/0421/4428/files/Best-Dad-Ever-Personalized-Photo-Polo-Shirt_1.jpg?v=1718353526,,,8.15128E+12,,,,,,7,Style,All-over Print Polo Shirt,,1,,Size,4XL,,1,,,,,,,
,variation,,Best Dad Ever - Personalized Photo Polo Shirt,1,0,visible,,,,,taxable,parent,1,,,,0,,,,,0,,,42.95,,,,https://cdn.shopify.com/s/files/1/0626/0421/4428/files/Best-Dad-Ever-Personalized-Photo-Polo-Shirt_1.jpg?v=1718353526,,,8.15128E+12,,,,,,8,Style,All-over Print Polo Shirt,,1,,Size,5XL,,1,,,,,,,
,variable,,I Love My Wife - Personalized Photo Polo Shirt,1,0,visible,,"<div data-id=""07918756694720521"">
<div data-id=""07918756694720521"">
<div data-id=""07918756694720521"">
<div data-block-id=""block-75b37e0f-bdf4-4222-93a2-33cba27c8b52"">
<div data-block-id=""block-7c6e9a7e-f4b9-447a-a1fd-b1664992b1ac"" data-mce-fragment=""1"">
<div data-block-id=""block-b9605d8a-252d-4558-850f-1e123cb90be1"">
<div data-block-id=""block-9d14a48a-e444-4a73-bc49-d14ef0813b99"">
<div data-block-id=""block-b2a93716-ac2d-43fc-bac3-d4f28f5ebcea"">
<div data-block-id=""block-531f25f6-8aab-49c5-8f92-df38f15bfd0c"">
<div data-zone-id=""0"" data-line-index=""0"" data-line=""true"">
<div data-zone-id=""0"" data-line-index=""1"" data-line=""true"">
<div data-zone-id=""0"" data-line-index=""1"" data-line=""true"">
<div data-line=""true"" data-line-index=""0"" data-zone-id=""0"">
<div data-line=""true"" data-line-index=""0"" data-zone-id=""0"">
<div data-line=""true"" data-line-index=""1"" data-zone-id=""0"">
<div data-line=""true"" data-line-index=""0"" data-zone-id=""0"">Looking for a playful yet thoughtful anniversary gift for your husband or partner? This personalized polo shirt is the perfect choice! Emblazoned with the cheeky statement 'I Love My Wife', it combines humor with heartfelt sentiment. Made with high-quality materials, it's not just a shirt but a lasting memento of your love and the special bond you share. Ideal for husbands and men who appreciate a good laugh and a touch of romance.""</div>
</div>
</div>
</div>
</div>
</div>
</div>
</div>
</div>
</div>
</div>
</div>
<p data-block-id=""block-0cd9770c-cce7-4d52-8647-3056a6c76c13""><br><strong>MESSAGE: </strong></p>
<div data-line=""true"" data-line-index=""0"" data-zone-id=""0"">
<ul>
<li>I love my wife.</li>
<li>I love my girlfriend.</li>
<li>I love my girl.</li>
</ul>
</div>
<div data-zone-id=""0"" data-line-index=""2"" data-line=""true""><br></div>
<div data-block-id=""block-3ea9d97d-e266-4f15-8c6f-67d8d1330007"">
<strong> PRODUCT DETAILS:</strong><br>
</div>
</div>
</div>
</div>
</div>
<div data-id=""07918756694720521"">
<div data-id=""07918756694720521"">
<ul>
<li>Material: Bird-eye pique fabric with 3-5% Spandex – Lightweight, breathable, moisture-wicking, stretchable quick-drying fabric that is comfortable to wear as a casual or activewear outfit.</li>
<li>Regular fit allows you to move freely and conveniently.</li>
<li>Pull-on closure with 3-button placket – Classic Polo style yet comfortable to put on and take off.</li>
<li>Double-stitch hems for durability.</li>
<li>Sublimation printing creates vibrant and clear prints on the fabric which won’t come off.</li>
</ul>
</div>
</div>
<style type=""text/css""><!--
br {mso-data-placement:same-cell;}
--></style>
<style type=""text/css""><!--
br {mso-data-placement:same-cell;}
--></style>
<style type=""text/css""><!--
br {mso-data-placement:same-cell;}
--></style>",,,taxable,,1,,,0,0,,,,,1,,,,Polo Shirt,,,"https://cdn.shopify.com/s/files/1/0626/0421/4428/files/I-Love-My-Wife-Personalized-Photo-Polo-Shirt1.jpg?v=1718353146,https://cdn.shopify.com/s/files/1/0626/0421/4428/files/I-Love-My-Wife-Personalized-Photo-Polo-Shirt2.jpg?v=1718353146,https://cdn.shopify.com/s/files/1/0626/0421/4428/files/tachd_u_41fb7a3f-395e-48ce-8a5d-9036e5072d42.jpg?v=1718353146,https://cdn.shopify.com/s/files/1/0626/0421/4428/files/I-Love-My-Wife-Personalized-Photo-Polo-Shirt3.jpg?v=1718353146,https://cdn.shopify.com/s/files/1/0626/0421/4428/files/I-Love-My-Wife-Personalized-Photo-Polo-Shirt4.jpg?v=1718353146,https://cdn.shopify.com/s/files/1/0626/0421/4428/files/I-Love-My-Wife-Personalized-Photo-Polo-Shirt5.jpg?v=1718353146,https://cdn.shopify.com/s/files/1/0626/0421/4428/files/I-Love-My-Wife-Personalized-Photo-Polo-Shirt6.jpg?v=1718353146",,,,,,,,,0,Style,All-over Print Polo Shirt,0,1,All-over Print Polo Shirt,Size,"S,M,L,XL,2XL,3XL,4XL,5XL",0,1,S,,,,,,
,variation,,I Love My Wife - Personalized Photo Polo Shirt,1,0,visible,,,,,taxable,parent,1,,,,0,,,,,0,,,32.95,,,,https://cdn.shopify.com/s/files/1/0626/0421/4428/files/I-Love-My-Wife-Personalized-Photo-Polo-Shirt1.jpg?v=1718353146,,,8.15125E+12,,,,,,1,Style,All-over Print Polo Shirt,,1,,Size,S,,1,,,,,,,
,variation,,I Love My Wife - Personalized Photo Polo Shirt,1,0,visible,,,,,taxable,parent,1,,,,0,,,,,0,,,34.95,,,,https://cdn.shopify.com/s/files/1/0626/0421/4428/files/I-Love-My-Wife-Personalized-Photo-Polo-Shirt1.jpg?v=1718353146,,,8.15125E+12,,,,,,2,Style,All-over Print Polo Shirt,,1,,Size,M,,1,,,,,,,
,variation,,I Love My Wife - Personalized Photo Polo Shirt,1,0,visible,,,,,taxable,parent,1,,,,0,,,,,0,,,36.95,,,,https://cdn.shopify.com/s/files/1/0626/0421/4428/files/I-Love-My-Wife-Personalized-Photo-Polo-Shirt1.jpg?v=1718353146,,,8.15125E+12,,,,,,3,Style,All-over Print Polo Shirt,,1,,Size,L,,1,,,,,,,
,variation,,I Love My Wife - Personalized Photo Polo Shirt,1,0,visible,,,,,taxable,parent,1,,,,0,,,,,0,,,38.95,,,,https://cdn.shopify.com/s/files/1/0626/0421/4428/files/I-Love-My-Wife-Personalized-Photo-Polo-Shirt1.jpg?v=1718353146,,,8.15125E+12,,,,,,4,Style,All-over Print Polo Shirt,,1,,Size,XL,,1,,,,,,,
,variation,,I Love My Wife - Personalized Photo Polo Shirt,1,0,visible,,,,,taxable,parent,1,,,,0,,,,,0,,,38.95,,,,https://cdn.shopify.com/s/files/1/0626/0421/4428/files/I-Love-My-Wife-Personalized-Photo-Polo-Shirt1.jpg?v=1718353146,,,8.15125E+12,,,,,,5,Style,All-over Print Polo Shirt,,1,,Size,2XL,,1,,,,,,,
,variation,,I Love My Wife - Personalized Photo Polo Shirt,1,0,visible,,,,,taxable,parent,1,,,,0,,,,,0,,,40.95,,,,https://cdn.shopify.com/s/files/1/0626/0421/4428/files/I-Love-My-Wife-Personalized-Photo-Polo-Shirt1.jpg?v=1718353146,,,8.15125E+12,,,,,,6,Style,All-over Print Polo Shirt,,1,,Size,3XL,,1,,,,,,,
,variation,,I Love My Wife - Personalized Photo Polo Shirt,1,0,visible,,,,,taxable,parent,1,,,,0,,,,,0,,,42.95,,,,https://cdn.shopify.com/s/files/1/0626/0421/4428/files/I-Love-My-Wife-Personalized-Photo-Polo-Shirt1.jpg?v=1718353146,,,8.15125E+12,,,,,,7,Style,All-over Print Polo Shirt,,1,,Size,4XL,,1,,,,,,,
,variation,,I Love My Wife - Personalized Photo Polo Shirt,1,0,visible,,,,,taxable,parent,1,,,,0,,,,,0,,,42.95,,,,https://cdn.shopify.com/s/files/1/0626/0421/4428/files/I-Love-My-Wife-Personalized-Photo-Polo-Shirt1.jpg?v=1718353146,,,8.15125E+12,,,,,,8,Style,All-over Print Polo Shirt,,1,,Size,5XL,,1,,,,,,,
,variable,,"Legend, Husband, Dad, Papa - Personalized Polo Shirt",1,0,visible,,"<div data-id=""07918756694720521"">
<div data-id=""07918756694720521"">
<div data-id=""07918756694720521"">
<div data-block-id=""block-75b37e0f-bdf4-4222-93a2-33cba27c8b52"">
<div data-mce-fragment=""1"" data-block-id=""block-7c6e9a7e-f4b9-447a-a1fd-b1664992b1ac"">
<div data-block-id=""block-b9605d8a-252d-4558-850f-1e123cb90be1"">
<div data-block-id=""block-9d14a48a-e444-4a73-bc49-d14ef0813b99"">
<div data-block-id=""block-b2a93716-ac2d-43fc-bac3-d4f28f5ebcea"">
<div data-block-id=""block-531f25f6-8aab-49c5-8f92-df38f15bfd0c"">
<div data-zone-id=""0"" data-line-index=""0"" data-line=""true"">
<div data-zone-id=""0"" data-line-index=""1"" data-line=""true"">
<div data-zone-id=""0"" data-line-index=""1"" data-line=""true"">Treat the special father figures in your life to our Personalized Polo Shirt this Father's Day. Perfect for papas, grandpas, and dads alike, this shirt combines comfort with style. With its customizable design, it's a thoughtful gift that allows them to showcase their unique personality and pride in fatherhood.</div>
</div>
</div>
</div>
</div>
</div>
</div>
</div>
<p data-block-id=""block-0cd9770c-cce7-4d52-8647-3056a6c76c13""><br><strong>MESSAGE: </strong><br></p>
<div data-zone-id=""0"" data-line-index=""0"" data-line=""true"">
<ul>
<li>Legend since...</li>
<li>Husband since...</li>
<li>Dad since...</li>
<li>Papa since...<br><br>
</li>
</ul>
</div>
<div data-block-id=""block-3ea9d97d-e266-4f15-8c6f-67d8d1330007"">
<strong> PRODUCT DETAILS:</strong><br>
</div>
</div>
</div>
</div>
</div>
<div data-id=""07918756694720521"">
<div data-id=""07918756694720521"">
<ul>
<li>Material: Bird-eye pique fabric with 3-5% Spandex – Lightweight, breathable, moisture-wicking, stretchable quick-drying fabric that is comfortable to wear as a casual or activewear outfit.</li>
<li>Regular fit allows you to move freely and conveniently.</li>
<li>Pull-on closure with 3-button placket – Classic Polo style yet comfortable to put on and take off.</li>
<li>Double-stitch hems for durability.</li>
<li>Sublimation printing creates vibrant and clear prints on the fabric which won’t come off.</li>
</ul>
</div>
</div>
<div data-id=""07918756694720521"">
<ul></ul>
<br>
</div>
<style type=""text/css""><!--
br {mso-data-placement:same-cell;}
--></style>
<style type=""text/css""><!--
br {mso-data-placement:same-cell;}
--></style>
<style type=""text/css""><!--
br {mso-data-placement:same-cell;}
--></style>",,,taxable,,1,,,0,0,,,,,1,,,,Polo Shirt,,,"https://cdn.shopify.com/s/files/1/0626/0421/4428/files/Legend_-Husband_-Dad_-Papa-Personalized-Polo-Shirt_1.jpg?v=1719544280,https://cdn.shopify.com/s/files/1/0626/0421/4428/files/Legend_-Husband_-Dad_-Papa-Personalized-Polo-Shirt_2.jpg?v=1719544280,https://cdn.shopify.com/s/files/1/0626/0421/4428/files/Legend_-Husband_-Dad_-Papa-Personalized-Polo-Shirt_3.jpg?v=1719544280,https://cdn.shopify.com/s/files/1/0626/0421/4428/files/Legend_-Husband_-Dad_-Papa-Personalized-Polo-Shirt_4.jpg?v=1719544280,https://cdn.shopify.com/s/files/1/0626/0421/4428/files/Legend_-Husband_-Dad_-Papa-Personalized-Polo-Shirt_5.jpg?v=1719544280",,,,,,,,,0,Style,All-over Print Polo Shirt,0,1,All-over Print Polo Shirt,Size,"S,M,L,XL,2XL,3XL,4XL,5XL",0,1,S,,,,,,
,variation,,"Legend, Husband, Dad, Papa - Personalized Polo Shirt",1,0,visible,,,,,taxable,parent,1,,,,0,,,,,0,,,32.95,,,,https://cdn.shopify.com/s/files/1/0626/0421/4428/files/Legend_-Husband_-Dad_-Papa-Personalized-Polo-Shirt_1.jpg?v=1719544280,,,8.17384E+12,,,,,,1,Style,All-over Print Polo Shirt,,1,,Size,S,,1,,,,,,,
,variation,,"Legend, Husband, Dad, Papa - Personalized Polo Shirt",1,0,visible,,,,,taxable,parent,1,,,,0,,,,,0,,,34.95,,,,https://cdn.shopify.com/s/files/1/0626/0421/4428/files/Legend_-Husband_-Dad_-Papa-Personalized-Polo-Shirt_1.jpg?v=1719544280,,,8.17384E+12,,,,,,2,Style,All-over Print Polo Shirt,,1,,Size,M,,1,,,,,,,
,variation,,"Legend, Husband, Dad, Papa - Personalized Polo Shirt",1,0,visible,,,,,taxable,parent,1,,,,0,,,,,0,,,36.95,,,,https://cdn.shopify.com/s/files/1/0626/0421/4428/files/Legend_-Husband_-Dad_-Papa-Personalized-Polo-Shirt_1.jpg?v=1719544280,,,8.17384E+12,,,,,,3,Style,All-over Print Polo Shirt,,1,,Size,L,,1,,,,,,,
,variation,,"Legend, Husband, Dad, Papa - Personalized Polo Shirt",1,0,visible,,,,,taxable,parent,1,,,,0,,,,,0,,,38.95,,,,https://cdn.shopify.com/s/files/1/0626/0421/4428/files/Legend_-Husband_-Dad_-Papa-Personalized-Polo-Shirt_1.jpg?v=1719544280,,,8.17384E+12,,,,,,4,Style,All-over Print Polo Shirt,,1,,Size,XL,,1,,,,,,,
,variation,,"Legend, Husband, Dad, Papa - Personalized Polo Shirt",1,0,visible,,,,,taxable,parent,1,,,,0,,,,,0,,,38.95,,,,https://cdn.shopify.com/s/files/1/0626/0421/4428/files/Legend_-Husband_-Dad_-Papa-Personalized-Polo-Shirt_1.jpg?v=1719544280,,,8.17384E+12,,,,,,5,Style,All-over Print Polo Shirt,,1,,Size,2XL,,1,,,,,,,
,variation,,"Legend, Husband, Dad, Papa - Personalized Polo Shirt",1,0,visible,,,,,taxable,parent,1,,,,0,,,,,0,,,40.95,,,,https://cdn.shopify.com/s/files/1/0626/0421/4428/files/Legend_-Husband_-Dad_-Papa-Personalized-Polo-Shirt_1.jpg?v=1719544280,,,8.17384E+12,,,,,,6,Style,All-over Print Polo Shirt,,1,,Size,3XL,,1,,,,,,,
,variation,,"Legend, Husband, Dad, Papa - Personalized Polo Shirt",1,0,visible,,,,,taxable,parent,1,,,,0,,,,,0,,,42.95,,,,https://cdn.shopify.com/s/files/1/0626/0421/4428/files/Legend_-Husband_-Dad_-Papa-Personalized-Polo-Shirt_1.jpg?v=1719544280,,,8.17384E+12,,,,,,7,Style,All-over Print Polo Shirt,,1,,Size,4XL,,1,,,,,,,
,variation,,"Legend, Husband, Dad, Papa - Personalized Polo Shirt",1,0,visible,,,,,taxable,parent,1,,,,0,,,,,0,,,42.95,,,,https://cdn.shopify.com/s/files/1/0626/0421/4428/files/Legend_-Husband_-Dad_-Papa-Personalized-Polo-Shirt_1.jpg?v=1719544280,,,8.17384E+12,,,,,,8,Style,All-over Print Polo Shirt,,1,,Size,5XL,,1,,,,,,,
,variable,,Golf Lovers Golf Dad Custom Funny Face - Personalized Photo Polo Shirt,1,0,visible,,"<div data-id=""07918756694720521"">
<div data-id=""07918756694720521"">
<div data-id=""07918756694720521"">
<div data-block-id=""block-75b37e0f-bdf4-4222-93a2-33cba27c8b52"">
<div data-block-id=""block-7c6e9a7e-f4b9-447a-a1fd-b1664992b1ac"">
<div data-block-id=""block-b9605d8a-252d-4558-850f-1e123cb90be1"">
<div data-block-id=""block-9d14a48a-e444-4a73-bc49-d14ef0813b99"">
<div data-block-id=""block-b2a93716-ac2d-43fc-bac3-d4f28f5ebcea"">
<div data-block-id=""block-531f25f6-8aab-49c5-8f92-df38f15bfd0c"">
<div data-line=""true"" data-line-index=""0"" data-zone-id=""0"">
<div data-line=""true"" data-line-index=""1"" data-zone-id=""0"">
<div data-line=""true"" data-line-index=""1"" data-zone-id=""0"">
<div data-line=""true"" data-line-index=""0"" data-zone-id=""0"">
<div data-line=""true"" data-line-index=""0"" data-zone-id=""0"">
<div data-zone-id=""0"" data-line-index=""0"" data-line=""true"">
<div data-zone-id=""0"" data-line-index=""0"" data-line=""true"">The Personalized Photo Polo Shirt is a heartfelt Father's Day gift, adorned with the babies' photos. This classic polo design ensures both style and comfort, making it suitable for various occasions. The option to include a cherished photo adds a personal touch, capturing special memories and creating a unique keepsake. This versatile shirt is a meaningful tribute, celebrating your dad's exceptional role and the bond you share.</div>
</div>
</div>
</div>
</div>
</div>
</div>
</div>
</div>
</div>
</div>
</div>
<p data-block-id=""block-0cd9770c-cce7-4d52-8647-3056a6c76c13""><br><strong>PRODUCT DETAILS:</strong></p>
</div>
</div>
</div>
</div>
<div data-id=""07918756694720521"">
<div data-id=""07918756694720521"">
<ul>
<li>Material: Bird-eye pique fabric with 3-5% Spandex – Lightweight, breathable, moisture-wicking, stretchable quick-drying fabric that is comfortable to wear as a casual or activewear outfit.</li>
<li>Regular fit allows you to move freely and conveniently.</li>
<li>Pull-on closure with 3-button placket – Classic Polo style yet comfortable to put on and take off.</li>
<li>Double-stitch hems for durability.</li>
<li>Sublimation printing creates vibrant and clear prints on the fabric which won’t come off.</li>
</ul>
</div>
</div>",,,taxable,,1,,,0,0,,,,,1,,,,Polo Shirt,,,"https://cdn.shopify.com/s/files/1/0626/0421/4428/files/Golf-Lovers-Golf-Dad-Custom-Funny-Face-Personalized-Photo-Polo-Shirt_1.jpg?v=1745497764,https://cdn.shopify.com/s/files/1/0626/0421/4428/files/Golf-Lovers-Golf-Dad-Custom-Funny-Face-Personalized-Photo-Polo-Shirt_2.jpg?v=1745497773,https://cdn.shopify.com/s/files/1/0626/0421/4428/files/Macorner-Cut-Face-Photo-Guidelines.png?v=1758249178,https://cdn.shopify.com/s/files/1/0626/0421/4428/files/Golf-Lovers-Golf-Dad-Custom-Funny-Face-Personalized-Photo-Polo-Shirt_3.jpg?v=1745497811,https://cdn.shopify.com/s/files/1/0626/0421/4428/files/Golf-Lovers-Golf-Dad-Custom-Funny-Face-Personalized-Photo-Polo-Shirt_4.jpg?v=1745497811,https://cdn.shopify.com/s/files/1/0626/0421/4428/files/Golf-Lovers-Golf-Dad-Custom-Funny-Face-Personalized-Photo-Polo-Shirt_5.jpg?v=1745497811",,,,,,,,,0,Style,All-over Print Polo Shirt,0,1,All-over Print Polo Shirt,Size,"S,M,L,XL,2XL,3XL,4XL,5XL",0,1,S,,,,,,
,variation,,Golf Lovers Golf Dad Custom Funny Face - Personalized Photo Polo Shirt,1,0,visible,,,,,taxable,parent,1,,,,0,,,,,0,,,32.95,,,,https://cdn.shopify.com/s/files/1/0626/0421/4428/files/Golf-Lovers-Golf-Dad-Custom-Funny-Face-Personalized-Photo-Polo-Shirt_1.jpg?v=1745497764,,,8.41431E+12,,,,,,1,Style,All-over Print Polo Shirt,,1,,Size,S,,1,,,,,,,
,variation,,Golf Lovers Golf Dad Custom Funny Face - Personalized Photo Polo Shirt,1,0,visible,,,,,taxable,parent,1,,,,0,,,,,0,,,34.95,,,,https://cdn.shopify.com/s/files/1/0626/0421/4428/files/Golf-Lovers-Golf-Dad-Custom-Funny-Face-Personalized-Photo-Polo-Shirt_1.jpg?v=1745497764,,,8.41431E+12,,,,,,2,Style,All-over Print Polo Shirt,,1,,Size,M,,1,,,,,,,
,variation,,Golf Lovers Golf Dad Custom Funny Face - Personalized Photo Polo Shirt,1,0,visible,,,,,taxable,parent,1,,,,0,,,,,0,,,36.95,,,,https://cdn.shopify.com/s/files/1/0626/0421/4428/files/Golf-Lovers-Golf-Dad-Custom-Funny-Face-Personalized-Photo-Polo-Shirt_1.jpg?v=1745497764,,,8.41431E+12,,,,,,3,Style,All-over Print Polo Shirt,,1,,Size,L,,1,,,,,,,
,variation,,Golf Lovers Golf Dad Custom Funny Face - Personalized Photo Polo Shirt,1,0,visible,,,,,taxable,parent,1,,,,0,,,,,0,,,38.95,,,,https://cdn.shopify.com/s/files/1/0626/0421/4428/files/Golf-Lovers-Golf-Dad-Custom-Funny-Face-Personalized-Photo-Polo-Shirt_1.jpg?v=1745497764,,,8.41431E+12,,,,,,4,Style,All-over Print Polo Shirt,,1,,Size,XL,,1,,,,,,,
,variation,,Golf Lovers Golf Dad Custom Funny Face - Personalized Photo Polo Shirt,1,0,visible,,,,,taxable,parent,1,,,,0,,,,,0,,,38.95,,,,https://cdn.shopify.com/s/files/1/0626/0421/4428/files/Golf-Lovers-Golf-Dad-Custom-Funny-Face-Personalized-Photo-Polo-Shirt_1.jpg?v=1745497764,,,8.41431E+12,,,,,,5,Style,All-over Print Polo Shirt,,1,,Size,2XL,,1,,,,,,,
,variation,,Golf Lovers Golf Dad Custom Funny Face - Personalized Photo Polo Shirt,1,0,visible,,,,,taxable,parent,1,,,,0,,,,,0,,,40.95,,,,https://cdn.shopify.com/s/files/1/0626/0421/4428/files/Golf-Lovers-Golf-Dad-Custom-Funny-Face-Personalized-Photo-Polo-Shirt_1.jpg?v=1745497764,,,8.41431E+12,,,,,,6,Style,All-over Print Polo Shirt,,1,,Size,3XL,,1,,,,,,,
,variation,,Golf Lovers Golf Dad Custom Funny Face - Personalized Photo Polo Shirt,1,0,visible,,,,,taxable,parent,1,,,,0,,,,,0,,,42.95,,,,https://cdn.shopify.com/s/files/1/0626/0421/4428/files/Golf-Lovers-Golf-Dad-Custom-Funny-Face-Personalized-Photo-Polo-Shirt_1.jpg?v=1745497764,,,8.41431E+12,,,,,,7,Style,All-over Print Polo Shirt,,1,,Size,4XL,,1,,,,,,,
,variation,,Golf Lovers Golf Dad Custom Funny Face - Personalized Photo Polo Shirt,1,0,visible,,,,,taxable,parent,1,,,,0,,,,,0,,,42.95,,,,https://cdn.shopify.com/s/files/1/0626/0421/4428/files/Golf-Lovers-Golf-Dad-Custom-Funny-Face-Personalized-Photo-Polo-Shirt_1.jpg?v=1745497764,,,8.41431E+12,,,,,,8,Style,All-over Print Polo Shirt,,1,,Size,5XL,,1,,,,,,,
,variable,,I Love My Hot Wife - Personalized Photo Polo Shirt,1,0,visible,,"<div data-id=""07918756694720521"">
<div data-id=""07918756694720521"">
<div data-id=""07918756694720521"">
<div data-block-id=""block-75b37e0f-bdf4-4222-93a2-33cba27c8b52"">
<div data-block-id=""block-7c6e9a7e-f4b9-447a-a1fd-b1664992b1ac"" data-mce-fragment=""1"">
<div data-block-id=""block-b9605d8a-252d-4558-850f-1e123cb90be1"">
<div data-block-id=""block-9d14a48a-e444-4a73-bc49-d14ef0813b99"">
<div data-block-id=""block-b2a93716-ac2d-43fc-bac3-d4f28f5ebcea"">
<div data-block-id=""block-531f25f6-8aab-49c5-8f92-df38f15bfd0c"">
<div data-zone-id=""0"" data-line-index=""0"" data-line=""true"">
<div data-zone-id=""0"" data-line-index=""1"" data-line=""true"">
<div data-zone-id=""0"" data-line-index=""1"" data-line=""true"">
<div data-line=""true"" data-line-index=""0"" data-zone-id=""0"">
<div data-line=""true"" data-line-index=""0"" data-zone-id=""0"">Treat your husband to his birthday gift he'll never forget. This custom I Love My Hot Wife Photo Polo Shirt is made especially for him and will be sure to get him in the mood to relax and enjoy golfing!</div>
</div>
</div>
</div>
</div>
</div>
</div>
</div>
</div>
</div>
<p data-block-id=""block-0cd9770c-cce7-4d52-8647-3056a6c76c13""><br><strong>MESSAGE: </strong></p>
<ul>
<li>I Love My Hot Wife.</li>
<li>I Love My Hot Girlfriend.</li>
</ul>
<div data-zone-id=""0"" data-line-index=""2"" data-line=""true""><br></div>
<div data-block-id=""block-3ea9d97d-e266-4f15-8c6f-67d8d1330007"">
<strong> PRODUCT DETAILS:</strong><br>
</div>
</div>
</div>
</div>
</div>
<div data-id=""07918756694720521"">
<div data-id=""07918756694720521"">
<ul>
<li>Material: Bird-eye pique fabric with 3-5% Spandex – Lightweight, breathable, moisture-wicking, stretchable quick-drying fabric that is comfortable to wear as a casual or activewear outfit.</li>
<li>Regular fit allows you to move freely and conveniently.</li>
<li>Pull-on closure with 3-button placket – Classic Polo style yet comfortable to put on and take off.</li>
<li>Double-stitch hems for durability.</li>
<li>Sublimation printing creates vibrant and clear prints on the fabric which won’t come off.</li>
</ul>
</div>
</div>
<style type=""text/css""><!--
br {mso-data-placement:same-cell;}
--></style>
<style type=""text/css""><!--
br {mso-data-placement:same-cell;}
--></style>
<style type=""text/css""><!--
br {mso-data-placement:same-cell;}
--></style>",,,taxable,,1,,,0,0,,,,,1,,,,Polo Shirt,,,"https://cdn.shopify.com/s/files/1/0626/0421/4428/files/I-Love-My-Hot-Wife-Personalized-Photo-Polo-Shirt_1.jpg?v=1718353275,https://cdn.shopify.com/s/files/1/0626/0421/4428/files/I-Love-My-Hot-Wife-Personalized-Photo-Polo-Shirt_2.jpg?v=1718353275,https://cdn.shopify.com/s/files/1/0626/0421/4428/files/Untitled-2_3abb7e46-4adc-421f-8931-8323895e26f4.jpg?v=1718353275,https://cdn.shopify.com/s/files/1/0626/0421/4428/files/I-Love-My-Hot-Wife-Personalized-Photo-Polo-Shirt_3.jpg?v=1718353275,https://cdn.shopify.com/s/files/1/0626/0421/4428/files/I-Love-My-Hot-Wife-Personalized-Photo-Polo-Shirt_4.jpg?v=1718353275,https://cdn.shopify.com/s/files/1/0626/0421/4428/files/I-Love-My-Hot-Wife-Personalized-Photo-Polo-Shirt_5.jpg?v=1718353275,https://cdn.shopify.com/s/files/1/0626/0421/4428/files/I-Love-My-Hot-Wife-Personalized-Photo-Polo-Shirt_6.jpg?v=1718353275",,,,,,,,,0,Style,All-over Print Polo Shirt,0,1,All-over Print Polo Shirt,Size,"S,M,L,XL,2XL,3XL,4XL,5XL",0,1,S,,,,,,
,variation,,I Love My Hot Wife - Personalized Photo Polo Shirt,1,0,visible,,,,,taxable,parent,1,,,,0,,,,,0,,,32.95,,,,https://cdn.shopify.com/s/files/1/0626/0421/4428/files/I-Love-My-Hot-Wife-Personalized-Photo-Polo-Shirt_1.jpg?v=1718353275,,,8.15127E+12,,,,,,1,Style,All-over Print Polo Shirt,,1,,Size,S,,1,,,,,,,
,variation,,I Love My Hot Wife - Personalized Photo Polo Shirt,1,0,visible,,,,,taxable,parent,1,,,,0,,,,,0,,,34.95,,,,https://cdn.shopify.com/s/files/1/0626/0421/4428/files/I-Love-My-Hot-Wife-Personalized-Photo-Polo-Shirt_1.jpg?v=1718353275,,,8.15127E+12,,,,,,2,Style,All-over Print Polo Shirt,,1,,Size,M,,1,,,,,,,
,variation,,I Love My Hot Wife - Personalized Photo Polo Shirt,1,0,visible,,,,,taxable,parent,1,,,,0,,,,,0,,,36.95,,,,https://cdn.shopify.com/s/files/1/0626/0421/4428/files/I-Love-My-Hot-Wife-Personalized-Photo-Polo-Shirt_1.jpg?v=1718353275,,,8.15127E+12,,,,,,3,Style,All-over Print Polo Shirt,,1,,Size,L,,1,,,,,,,
,variation,,I Love My Hot Wife - Personalized Photo Polo Shirt,1,0,visible,,,,,taxable,parent,1,,,,0,,,,,0,,,38.95,,,,https://cdn.shopify.com/s/files/1/0626/0421/4428/files/I-Love-My-Hot-Wife-Personalized-Photo-Polo-Shirt_1.jpg?v=1718353275,,,8.15127E+12,,,,,,4,Style,All-over Print Polo Shirt,,1,,Size,XL,,1,,,,,,,
,variation,,I Love My Hot Wife - Personalized Photo Polo Shirt,1,0,visible,,,,,taxable,parent,1,,,,0,,,,,0,,,38.95,,,,https://cdn.shopify.com/s/files/1/0626/0421/4428/files/I-Love-My-Hot-Wife-Personalized-Photo-Polo-Shirt_1.jpg?v=1718353275,,,8.15127E+12,,,,,,5,Style,All-over Print Polo Shirt,,1,,Size,2XL,,1,,,,,,,
,variation,,I Love My Hot Wife - Personalized Photo Polo Shirt,1,0,visible,,,,,taxable,parent,1,,,,0,,,,,0,,,40.95,,,,https://cdn.shopify.com/s/files/1/0626/0421/4428/files/I-Love-My-Hot-Wife-Personalized-Photo-Polo-Shirt_1.jpg?v=1718353275,,,8.15127E+12,,,,,,6,Style,All-over Print Polo Shirt,,1,,Size,3XL,,1,,,,,,,
,variation,,I Love My Hot Wife - Personalized Photo Polo Shirt,1,0,visible,,,,,taxable,parent,1,,,,0,,,,,0,,,42.95,,,,https://cdn.shopify.com/s/files/1/0626/0421/4428/files/I-Love-My-Hot-Wife-Personalized-Photo-Polo-Shirt_1.jpg?v=1718353275,,,8.15127E+12,,,,,,7,Style,All-over Print Polo Shirt,,1,,Size,4XL,,1,,,,,,,
,variation,,I Love My Hot Wife - Personalized Photo Polo Shirt,1,0,visible,,,,,taxable,parent,1,,,,0,,,,,0,,,42.95,,,,https://cdn.shopify.com/s/files/1/0626/0421/4428/files/I-Love-My-Hot-Wife-Personalized-Photo-Polo-Shirt_1.jpg?v=1718353275,,,8.15127E+12,,,,,,8,Style,All-over Print Polo Shirt,,1,,Size,5XL,,1,,,,,,,
,variable,,Custom Polo Shirt With Funny Face Hawaiian Pattern - Personalized Photo Polo Shirt,1,0,visible,,"<div data-id=""07918756694720521"">
<div data-id=""07918756694720521"">
<div data-id=""07918756694720521"">
<div data-block-id=""block-75b37e0f-bdf4-4222-93a2-33cba27c8b52"">
<div data-block-id=""block-7c6e9a7e-f4b9-447a-a1fd-b1664992b1ac"" data-mce-fragment=""1"">
<div data-block-id=""block-b9605d8a-252d-4558-850f-1e123cb90be1"">
<div data-block-id=""block-9d14a48a-e444-4a73-bc49-d14ef0813b99"">
<div data-block-id=""block-b2a93716-ac2d-43fc-bac3-d4f28f5ebcea"">
<div data-block-id=""block-531f25f6-8aab-49c5-8f92-df38f15bfd0c"">
<div data-zone-id=""0"" data-line-index=""0"" data-line=""true"">
<div data-zone-id=""0"" data-line-index=""1"" data-line=""true"">
<div data-zone-id=""0"" data-line-index=""1"" data-line=""true"">
<div data-line=""true"" data-line-index=""0"" data-zone-id=""0"">
<div data-line=""true"" data-line-index=""0"" data-zone-id=""0"">
<div data-line=""true"" data-line-index=""0"" data-zone-id=""0"">Elevate your style with our ""Custom Polo Shirt With Funny Face Hawaiian Pattern"" - Personalized Photo Polo Shirt. This unique and playful polo shirt combines personalized faces with a vibrant hawaiian pattern, creating a fun and fashionable look.</div>
<div data-line=""true"" data-line-index=""1"" data-zone-id=""0"">Customize the shirt with your own or a loved one's face, adding a touch of humor and individuality to your wardrobe. The hawaiian pattern adds a tropical and lively flair, making it perfect for casual outings, vacations, or simply adding some joy to your everyday wear.<br><br>
</div>
<div data-line=""true"" data-line-index=""2"" data-zone-id=""0"">Made for men with a sense of humor and style, this personalized polo shirt is an ideal gift for husbands, boyfriends, or any man who appreciates a good laugh and distinctive fashion. It's a great way to showcase your personality and create a memorable and eye-catching outfit.<br><br>
</div>
<div data-line=""true"" data-line-index=""3"" data-zone-id=""0"">Whether you're hitting the beach, attending a summer barbecue, or just want to stand out with a unique polo shirt, this personalized creation is the perfect choice. Embrace the fun side of fashion and make a statement with the ""Custom Polo Shirt With Funny Face Hawaiian Pattern.""</div>
</div>
</div>
</div>
</div>
</div>
</div>
</div>
</div>
</div>
</div>
<p data-block-id=""block-0cd9770c-cce7-4d52-8647-3056a6c76c13""><br><strong>MESSAGE</strong>: Funny Gift For Men.</p>
<div data-zone-id=""0"" data-line-index=""2"" data-line=""true""><br></div>
<div data-block-id=""block-3ea9d97d-e266-4f15-8c6f-67d8d1330007"">
<strong> PRODUCT DETAILS:</strong><br>
</div>
</div>
</div>
</div>
</div>
<div data-id=""07918756694720521"">
<div data-id=""07918756694720521"">
<ul>
<li>Material: Bird-eye pique fabric with 3-5% Spandex – Lightweight, breathable, moisture-wicking, stretchable quick-drying fabric that is comfortable to wear as a casual or activewear outfit.</li>
<li>Regular fit allows you to move freely and conveniently.</li>
<li>Pull-on closure with 3-button placket – Classic Polo style yet comfortable to put on and take off.</li>
<li>Double-stitch hems for durability.</li>
<li>Sublimation printing creates vibrant and clear prints on the fabric which won’t come off.</li>
</ul>
</div>
</div>
<style type=""text/css""><!--
br {mso-data-placement:same-cell;}
--></style>
<style type=""text/css""><!--
br {mso-data-placement:same-cell;}
--></style>
<style type=""text/css""><!--
br {mso-data-placement:same-cell;}
--></style>",,,taxable,,1,,,0,0,,,,,1,,,,Polo Shirt,,,"https://cdn.shopify.com/s/files/1/0626/0421/4428/files/Custom-Polo-Shirt-With-Funny-Face-Hawaiian-Pattern-Personalized-Photo-Polo-Shirt_1.jpg?v=1718353381,https://cdn.shopify.com/s/files/1/0626/0421/4428/files/Custom-Polo-Shirt-With-Funny-Face-Hawaiian-Pattern-Personalized-Photo-Polo-Shirt_2.jpg?v=1718353381,https://cdn.shopify.com/s/files/1/0626/0421/4428/files/tachd_u_1aa96c79-0007-4489-86c8-5eb41091cd73.jpg?v=1718353381,https://cdn.shopify.com/s/files/1/0626/0421/4428/files/Custom-Polo-Shirt-With-Funny-Face-Hawaiian-Pattern-Personalized-Photo-Polo-Shirt_3.jpg?v=1718353381,https://cdn.shopify.com/s/files/1/0626/0421/4428/files/Custom-Polo-Shirt-With-Funny-Face-Hawaiian-Pattern-Personalized-Photo-Polo-Shirt_4.jpg?v=1718353381,https://cdn.shopify.com/s/files/1/0626/0421/4428/files/Custom-Polo-Shirt-With-Funny-Face-Hawaiian-Pattern-Personalized-Photo-Polo-Shirt_5.jpg?v=1718353381,https://cdn.shopify.com/s/files/1/0626/0421/4428/files/Custom-Polo-Shirt-With-Funny-Face-Hawaiian-Pattern-Personalized-Photo-Polo-Shirt_6.jpg?v=1718353381,https://cdn.shopify.com/s/files/1/0626/0421/4428/files/Custom-Polo-Shirt-With-Funny-Face-Hawaiian-Pattern-Personalized-Photo-Polo-Shirt_7.jpg?v=1718353381",,,,,,,,,0,Style,All-over Print Polo Shirt,0,1,All-over Print Polo Shirt,Size,"S,M,L,XL,2XL,3XL,4XL,5XL",0,1,S,,,,,,
,variation,,Custom Polo Shirt With Funny Face Hawaiian Pattern - Personalized Photo Polo Shirt,1,0,visible,,,,,taxable,parent,1,,,,0,,,,,0,,,32.95,,,,https://cdn.shopify.com/s/files/1/0626/0421/4428/files/Custom-Polo-Shirt-With-Funny-Face-Hawaiian-Pattern-Personalized-Photo-Polo-Shirt_1.jpg?v=1718353381,,,8.15128E+12,,,,,,1,Style,All-over Print Polo Shirt,,1,,Size,S,,1,,,,,,,
,variation,,Custom Polo Shirt With Funny Face Hawaiian Pattern - Personalized Photo Polo Shirt,1,0,visible,,,,,taxable,parent,1,,,,0,,,,,0,,,34.95,,,,https://cdn.shopify.com/s/files/1/0626/0421/4428/files/Custom-Polo-Shirt-With-Funny-Face-Hawaiian-Pattern-Personalized-Photo-Polo-Shirt_1.jpg?v=1718353381,,,8.15128E+12,,,,,,2,Style,All-over Print Polo Shirt,,1,,Size,M,,1,,,,,,,
,variation,,Custom Polo Shirt With Funny Face Hawaiian Pattern - Personalized Photo Polo Shirt,1,0,visible,,,,,taxable,parent,1,,,,0,,,,,0,,,36.95,,,,https://cdn.shopify.com/s/files/1/0626/0421/4428/files/Custom-Polo-Shirt-With-Funny-Face-Hawaiian-Pattern-Personalized-Photo-Polo-Shirt_1.jpg?v=1718353381,,,8.15128E+12,,,,,,3,Style,All-over Print Polo Shirt,,1,,Size,L,,1,,,,,,,
,variation,,Custom Polo Shirt With Funny Face Hawaiian Pattern - Personalized Photo Polo Shirt,1,0,visible,,,,,taxable,parent,1,,,,0,,,,,0,,,38.95,,,,https://cdn.shopify.com/s/files/1/0626/0421/4428/files/Custom-Polo-Shirt-With-Funny-Face-Hawaiian-Pattern-Personalized-Photo-Polo-Shirt_1.jpg?v=1718353381,,,8.15128E+12,,,,,,4,Style,All-over Print Polo Shirt,,1,,Size,XL,,1,,,,,,,
,variation,,Custom Polo Shirt With Funny Face Hawaiian Pattern - Personalized Photo Polo Shirt,1,0,visible,,,,,taxable,parent,1,,,,0,,,,,0,,,38.95,,,,https://cdn.shopify.com/s/files/1/0626/0421/4428/files/Custom-Polo-Shirt-With-Funny-Face-Hawaiian-Pattern-Personalized-Photo-Polo-Shirt_1.jpg?v=1718353381,,,8.15128E+12,,,,,,5,Style,All-over Print Polo Shirt,,1,,Size,2XL,,1,,,,,,,
,variation,,Custom Polo Shirt With Funny Face Hawaiian Pattern - Personalized Photo Polo Shirt,1,0,visible,,,,,taxable,parent,1,,,,0,,,,,0,,,40.95,,,,https://cdn.shopify.com/s/files/1/0626/0421/4428/files/Custom-Polo-Shirt-With-Funny-Face-Hawaiian-Pattern-Personalized-Photo-Polo-Shirt_1.jpg?v=1718353381,,,8.15128E+12,,,,,,6,Style,All-over Print Polo Shirt,,1,,Size,3XL,,1,,,,,,,
,variation,,Custom Polo Shirt With Funny Face Hawaiian Pattern - Personalized Photo Polo Shirt,1,0,visible,,,,,taxable,parent,1,,,,0,,,,,0,,,42.95,,,,https://cdn.shopify.com/s/files/1/0626/0421/4428/files/Custom-Polo-Shirt-With-Funny-Face-Hawaiian-Pattern-Personalized-Photo-Polo-Shirt_1.jpg?v=1718353381,,,8.15128E+12,,,,,,7,Style,All-over Print Polo Shirt,,1,,Size,4XL,,1,,,,,,,
,variation,,Custom Polo Shirt With Funny Face Hawaiian Pattern - Personalized Photo Polo Shirt,1,0,visible,,,,,taxable,parent,1,,,,0,,,,,0,,,42.95,,,,https://cdn.shopify.com/s/files/1/0626/0421/4428/files/Custom-Polo-Shirt-With-Funny-Face-Hawaiian-Pattern-Personalized-Photo-Polo-Shirt_1.jpg?v=1718353381,,,8.15128E+12,,,,,,8,Style,All-over Print Polo Shirt,,1,,Size,5XL,,1,,,,,,,
,variable,,Best Dad Ever - Personalized Polo Shirt,1,0,visible,,"<div data-id=""07918756694720521"">
<div data-id=""07918756694720521"">
<div data-id=""07918756694720521"">
<div data-block-id=""block-75b37e0f-bdf4-4222-93a2-33cba27c8b52"" class=""ql-block"">The Personalized Polo Shirt, featuring the heartfelt message ""Best Dad Ever,"" is a perfect Father's Day gift. Crafted in the classic polo style, it blends comfort with timeless design, suitable for various occasions. Personalize it with your dad's name for an extra touch. This shirt is not just a piece of clothing; it's a meaningful and lasting tribute, expressing gratitude and celebrating the exceptional role of the ""Best Dad Ever.""</div>
<div data-block-id=""block-75b37e0f-bdf4-4222-93a2-33cba27c8b52"" class=""ql-block""></div>
<div data-block-id=""block-75b37e0f-bdf4-4222-93a2-33cba27c8b52"" class=""ql-block""></div>
<p data-block-id=""block-75b37e0f-bdf4-4222-93a2-33cba27c8b52"" class=""ql-block""><strong>MESSAGE:</strong></p>
<p data-block-id=""block-75b37e0f-bdf4-4222-93a2-33cba27c8b52"" class=""ql-block"">Best Dad ever.</p>
<p data-mce-style=""text-align: left;""><strong>PRODUCT DETAILS:</strong></p>
</div>
</div>
</div>
<div data-id=""07918756694720521"">
<div data-id=""07918756694720521"">
<ul>
<li>Material: Bird-eye pique fabric with 3-5% Spandex – Lightweight, breathable, moisture-wicking, stretchable quick-drying fabric that is comfortable to wear as a casual or activewear outfit.</li>
<li>Regular fit allows you to move freely and conveniently.</li>
<li>Pull-on closure with 3-button placket – Classic Polo style yet comfortable to put on and take off.</li>
<li>Double-stitch hems for durability.</li>
<li>Sublimation printing creates vibrant and clear prints on the fabric which won’t come off.</li>
</ul>
</div>
</div>
<div data-id=""07918756694720521"">
<ul></ul>
</div>
<style type=""text/css""><!--
br {mso-data-placement:same-cell;}
--></style>
<style type=""text/css""><!--
br {mso-data-placement:same-cell;}
--></style>
<style type=""text/css""><!--
br {mso-data-placement:same-cell;}
--></style>",,,taxable,,1,,,0,0,,,,,1,,,,Polo Shirt,,,"https://cdn.shopify.com/s/files/1/0626/0421/4428/products/Best-Dad-Ever-Personalized-Polo-Shirt_1.jpg?v=1710594092,https://cdn.shopify.com/s/files/1/0626/0421/4428/products/Best-Dad-Ever-Personalized-Polo-Shirt_2.jpg?v=1710594092,https://cdn.shopify.com/s/files/1/0626/0421/4428/products/Best-Dad-Ever-Personalized-Polo-Shirt_3.jpg?v=1710594092,https://cdn.shopify.com/s/files/1/0626/0421/4428/products/Best-Dad-Ever-Personalized-Polo-Shirt_4.jpg?v=1710594092,https://cdn.shopify.com/s/files/1/0626/0421/4428/products/Best-Dad-Ever-Personalized-Polo-Shirt_5.jpg?v=1710594092,https://cdn.shopify.com/s/files/1/0626/0421/4428/products/Best-Dad-Ever-Personalized-Polo-Shirt_6.jpg?v=1710594092",,,,,,,,,0,Style,All-over Print Polo Shirt,0,1,All-over Print Polo Shirt,Size,"S,M,L,XL,2XL,3XL,4XL,5XL",0,1,S,,,,,,
,variation,,Best Dad Ever - Personalized Polo Shirt,1,0,visible,,,,,taxable,parent,1,,,,0,,,,,0,,,32.95,,,,https://cdn.shopify.com/s/files/1/0626/0421/4428/products/Best-Dad-Ever-Personalized-Polo-Shirt_1.jpg?v=1710594092,,,7.90371E+12,,,,,,1,Style,All-over Print Polo Shirt,,1,,Size,S,,1,,,,,,,
,variation,,Best Dad Ever - Personalized Polo Shirt,1,0,visible,,,,,taxable,parent,1,,,,0,,,,,0,,,34.95,,,,https://cdn.shopify.com/s/files/1/0626/0421/4428/products/Best-Dad-Ever-Personalized-Polo-Shirt_1.jpg?v=1710594092,,,7.90371E+12,,,,,,2,Style,All-over Print Polo Shirt,,1,,Size,M,,1,,,,,,,
,variation,,Best Dad Ever - Personalized Polo Shirt,1,0,visible,,,,,taxable,parent,1,,,,0,,,,,0,,,36.95,,,,https://cdn.shopify.com/s/files/1/0626/0421/4428/products/Best-Dad-Ever-Personalized-Polo-Shirt_1.jpg?v=1710594092,,,7.90371E+12,,,,,,3,Style,All-over Print Polo Shirt,,1,,Size,L,,1,,,,,,,
,variation,,Best Dad Ever - Personalized Polo Shirt,1,0,visible,,,,,taxable,parent,1,,,,0,,,,,0,,,38.95,,,,https://cdn.shopify.com/s/files/1/0626/0421/4428/products/Best-Dad-Ever-Personalized-Polo-Shirt_1.jpg?v=1710594092,,,7.90371E+12,,,,,,4,Style,All-over Print Polo Shirt,,1,,Size,XL,,1,,,,,,,
,variation,,Best Dad Ever - Personalized Polo Shirt,1,0,visible,,,,,taxable,parent,1,,,,0,,,,,0,,,38.95,,,,https://cdn.shopify.com/s/files/1/0626/0421/4428/products/Best-Dad-Ever-Personalized-Polo-Shirt_1.jpg?v=1710594092,,,7.90371E+12,,,,,,5,Style,All-over Print Polo Shirt,,1,,Size,2XL,,1,,,,,,,
,variation,,Best Dad Ever - Personalized Polo Shirt,1,0,visible,,,,,taxable,parent,1,,,,0,,,,,0,,,40.95,,,,https://cdn.shopify.com/s/files/1/0626/0421/4428/products/Best-Dad-Ever-Personalized-Polo-Shirt_1.jpg?v=1710594092,,,7.90371E+12,,,,,,6,Style,All-over Print Polo Shirt,,1,,Size,3XL,,1,,,,,,,
,variation,,Best Dad Ever - Personalized Polo Shirt,1,0,visible,,,,,taxable,parent,1,,,,0,,,,,0,,,42.95,,,,https://cdn.shopify.com/s/files/1/0626/0421/4428/products/Best-Dad-Ever-Personalized-Polo-Shirt_1.jpg?v=1710594092,,,7.90371E+12,,,,,,7,Style,All-over Print Polo Shirt,,1,,Size,4XL,,1,,,,,,,
,variation,,Best Dad Ever - Personalized Polo Shirt,1,0,visible,,,,,taxable,parent,1,,,,0,,,,,0,,,42.95,,,,https://cdn.shopify.com/s/files/1/0626/0421/4428/products/Best-Dad-Ever-Personalized-Polo-Shirt_1.jpg?v=1710594092,,,7.90371E+12,,,,,,8,Style,All-over Print Polo Shirt,,1,,Size,5XL,,1,,,,,,,
,variable,,Best Dog Dad Ever - Personalized Photo Polo Shirt,1,0,visible,,"<div data-id=""07918756694720521"">
<div data-id=""07918756694720521"">
<div data-id=""07918756694720521"">
<div data-block-id=""block-75b37e0f-bdf4-4222-93a2-33cba27c8b52"">
<div data-block-id=""block-7c6e9a7e-f4b9-447a-a1fd-b1664992b1ac"" data-mce-fragment=""1"">
<div data-block-id=""block-b9605d8a-252d-4558-850f-1e123cb90be1"">
<div data-block-id=""block-9d14a48a-e444-4a73-bc49-d14ef0813b99"">
<div data-block-id=""block-b2a93716-ac2d-43fc-bac3-d4f28f5ebcea"">
<div data-block-id=""block-531f25f6-8aab-49c5-8f92-df38f15bfd0c"">
<div data-zone-id=""0"" data-line-index=""0"" data-line=""true"">
<div data-zone-id=""0"" data-line-index=""1"" data-line=""true"">
<div data-zone-id=""0"" data-line-index=""1"" data-line=""true"">
<div data-line=""true"" data-line-index=""0"" data-zone-id=""0"">
<div data-zone-id=""0"" data-line-index=""0"" data-line=""true"">
<div data-zone-id=""0"" data-line-index=""0"" data-line=""true"">Our Personalized Photo Polo Shirt is the ultimate gift for dog dads and owners, perfect for birthdays, Father's Day, or any occasion. Made with high-quality materials, this polo shirt features a customizable photo of your beloved furry friend, making it a unique and heartfelt present. Whether worn casually or on special occasions, it's sure to become a cherished favorite in any dog dad's wardrobe. Celebrate the special bond between man and canine companion with this thoughtful and stylish gift.</div>
</div>
</div>
</div>
</div>
</div>
</div>
</div>
</div>
</div>
</div>
<p data-block-id=""block-0cd9770c-cce7-4d52-8647-3056a6c76c13""><br><strong>MESSAGE:</strong> Best dog dad ever.<br><br><strong>PRODUCT DETAILS:</strong></p>
</div>
</div>
</div>
</div>
<div data-id=""07918756694720521"">
<div data-id=""07918756694720521"">
<ul>
<li>Material: Bird-eye pique fabric with 3-5% Spandex – Lightweight, breathable, moisture-wicking, stretchable quick-drying fabric that is comfortable to wear as a casual or activewear outfit.</li>
<li>Regular fit allows you to move freely and conveniently.</li>
<li>Pull-on closure with 3-button placket – Classic Polo style yet comfortable to put on and take off.</li>
<li>Double-stitch hems for durability.</li>
<li>Sublimation printing creates vibrant and clear prints on the fabric which won’t come off.</li>
</ul>
</div>
</div>
<style type=""text/css""><!--
br {mso-data-placement:same-cell;}
--></style>
<style type=""text/css""><!--
br {mso-data-placement:same-cell;}
--></style>
<style type=""text/css""><!--
br {mso-data-placement:same-cell;}
--></style>",,,taxable,,1,,,0,0,,,,,1,,,,Polo Shirt,,,"https://cdn.shopify.com/s/files/1/0626/0421/4428/files/Best-Dog-Dad-Ever-Personalized-Photo-Polo-Shirt_1.jpg?v=1718350111,https://cdn.shopify.com/s/files/1/0626/0421/4428/files/Best-Dog-Dad-Ever-Personalized-Photo-Polo-Shirt_2.jpg?v=1718350111,https://cdn.shopify.com/s/files/1/0626/0421/4428/files/tachd_u_552e08bb-1978-4d70-88c5-8170b2eef3a3.jpg?v=1718350111,https://cdn.shopify.com/s/files/1/0626/0421/4428/files/Best-Dog-Dad-Ever-Personalized-Photo-Polo-Shirt_3.jpg?v=1718350111,https://cdn.shopify.com/s/files/1/0626/0421/4428/files/Best-Dog-Dad-Ever-Personalized-Photo-Polo-Shirt_4.jpg?v=1718350111,https://cdn.shopify.com/s/files/1/0626/0421/4428/files/Best-Dog-Dad-Ever-Personalized-Photo-Polo-Shirt_5.jpg?v=1718350111,https://cdn.shopify.com/s/files/1/0626/0421/4428/files/Best-Dog-Dad-Ever-Personalized-Photo-Polo-Shirt_6.jpg?v=1718350111",,,,,,,,,0,Style,All-over Print Polo Shirt,0,1,All-over Print Polo Shirt,Size,"S,M,L,XL,2XL,3XL,4XL,5XL",0,1,S,,,,,,
,variation,,Best Dog Dad Ever - Personalized Photo Polo Shirt,1,0,visible,,,,,taxable,parent,1,,,,0,,,,,0,,,32.95,,,,https://cdn.shopify.com/s/files/1/0626/0421/4428/files/Best-Dog-Dad-Ever-Personalized-Photo-Polo-Shirt_1.jpg?v=1718350111,,,8.15113E+12,,,,,,1,Style,All-over Print Polo Shirt,,1,,Size,S,,1,,,,,,,
,variation,,Best Dog Dad Ever - Personalized Photo Polo Shirt,1,0,visible,,,,,taxable,parent,1,,,,0,,,,,0,,,34.95,,,,https://cdn.shopify.com/s/files/1/0626/0421/4428/files/Best-Dog-Dad-Ever-Personalized-Photo-Polo-Shirt_1.jpg?v=1718350111,,,8.15113E+12,,,,,,2,Style,All-over Print Polo Shirt,,1,,Size,M,,1,,,,,,,
,variation,,Best Dog Dad Ever - Personalized Photo Polo Shirt,1,0,visible,,,,,taxable,parent,1,,,,0,,,,,0,,,36.95,,,,https://cdn.shopify.com/s/files/1/0626/0421/4428/files/Best-Dog-Dad-Ever-Personalized-Photo-Polo-Shirt_1.jpg?v=1718350111,,,8.15113E+12,,,,,,3,Style,All-over Print Polo Shirt,,1,,Size,L,,1,,,,,,,
,variation,,Best Dog Dad Ever - Personalized Photo Polo Shirt,1,0,visible,,,,,taxable,parent,1,,,,0,,,,,0,,,38.95,,,,https://cdn.shopify.com/s/files/1/0626/0421/4428/files/Best-Dog-Dad-Ever-Personalized-Photo-Polo-Shirt_1.jpg?v=1718350111,,,8.15113E+12,,,,,,4,Style,All-over Print Polo Shirt,,1,,Size,XL,,1,,,,,,,
,variation,,Best Dog Dad Ever - Personalized Photo Polo Shirt,1,0,visible,,,,,taxable,parent,1,,,,0,,,,,0,,,38.95,,,,https://cdn.shopify.com/s/files/1/0626/0421/4428/files/Best-Dog-Dad-Ever-Personalized-Photo-Polo-Shirt_1.jpg?v=1718350111,,,8.15113E+12,,,,,,5,Style,All-over Print Polo Shirt,,1,,Size,2XL,,1,,,,,,,
,variation,,Best Dog Dad Ever - Personalized Photo Polo Shirt,1,0,visible,,,,,taxable,parent,1,,,,0,,,,,0,,,40.95,,,,https://cdn.shopify.com/s/files/1/0626/0421/4428/files/Best-Dog-Dad-Ever-Personalized-Photo-Polo-Shirt_1.jpg?v=1718350111,,,8.15113E+12,,,,,,6,Style,All-over Print Polo Shirt,,1,,Size,3XL,,1,,,,,,,
,variation,,Best Dog Dad Ever - Personalized Photo Polo Shirt,1,0,visible,,,,,taxable,parent,1,,,,0,,,,,0,,,42.95,,,,https://cdn.shopify.com/s/files/1/0626/0421/4428/files/Best-Dog-Dad-Ever-Personalized-Photo-Polo-Shirt_1.jpg?v=1718350111,,,8.15113E+12,,,,,,7,Style,All-over Print Polo Shirt,,1,,Size,4XL,,1,,,,,,,
,variation,,Best Dog Dad Ever - Personalized Photo Polo Shirt,1,0,visible,,,,,taxable,parent,1,,,,0,,,,,0,,,42.95,,,,https://cdn.shopify.com/s/files/1/0626/0421/4428/files/Best-Dog-Dad-Ever-Personalized-Photo-Polo-Shirt_1.jpg?v=1718350111,,,8.15113E+12,,,,,,8,Style,All-over Print Polo Shirt,,1,,Size,5XL,,1,,,,,,,
,variable,,My Lucky Golf Shirt - Personalized Photo Polo Shirt,1,0,visible,,"<div data-id=""07918756694720521"">
<div data-id=""07918756694720521"">
<div data-id=""07918756694720521"">
<div data-block-id=""block-75b37e0f-bdf4-4222-93a2-33cba27c8b52"">
<div data-block-id=""block-7c6e9a7e-f4b9-447a-a1fd-b1664992b1ac"">
<div data-block-id=""block-b9605d8a-252d-4558-850f-1e123cb90be1"">
<div data-block-id=""block-9d14a48a-e444-4a73-bc49-d14ef0813b99"">
<div data-block-id=""block-b2a93716-ac2d-43fc-bac3-d4f28f5ebcea"">
<div data-block-id=""block-531f25f6-8aab-49c5-8f92-df38f15bfd0c"">
<div data-line=""true"" data-line-index=""0"" data-zone-id=""0"">
<div data-line=""true"" data-line-index=""1"" data-zone-id=""0"">
<div data-line=""true"" data-line-index=""1"" data-zone-id=""0"">
<div data-line=""true"" data-line-index=""0"" data-zone-id=""0"">
<div data-line=""true"" data-line-index=""0"" data-zone-id=""0"">
<div data-zone-id=""0"" data-line-index=""0"" data-line=""true"">
<div data-zone-id=""0"" data-line-index=""0"" data-line=""true"">
<div data-zone-id=""0"" data-line-index=""0"" data-line=""true"">Lucky Golf Shirt is a stylish, moisture-wicking polo designed for comfort on the course. It features a custom caricature of a golfer in action, adding a fun and personal touch. Made from breathable fabric, it ensures flexibility for every swing. The bold ""Lucky Golf Shirt"" text makes it a standout piece. Perfect for golf lovers, this unique polo brings confidence and style to every game!<br><br><strong>MESSAGE: </strong>My Lucky Golf Shirt.</div>
</div>
</div>
</div>
</div>
</div>
</div>
</div>
</div>
</div>
</div>
</div>
</div>
<p data-block-id=""block-0cd9770c-cce7-4d52-8647-3056a6c76c13""><br><strong>PRODUCT DETAILS:</strong></p>
</div>
</div>
</div>
</div>
<div data-id=""07918756694720521"">
<div data-id=""07918756694720521"">
<ul>
<li>Material: Bird-eye pique fabric with 3-5% Spandex – Lightweight, breathable, moisture-wicking, stretchable quick-drying fabric that is comfortable to wear as a casual or activewear outfit.</li>
<li>Regular fit allows you to move freely and conveniently.</li>
<li>Pull-on closure with 3-button placket – Classic Polo style yet comfortable to put on and take off.</li>
<li>Double-stitch hems for durability.</li>
<li>Sublimation printing creates vibrant and clear prints on the fabric which won’t come off.</li>
</ul>
</div>
</div>",,,taxable,,1,,,0,0,,,,,1,,,,Polo Shirt,,,"https://cdn.shopify.com/s/files/1/0626/0421/4428/files/My-Lucky-Golf-Shirt-Personalized-Photo-Polo-Shirt_1.jpg?v=1745637528,https://cdn.shopify.com/s/files/1/0626/0421/4428/files/My-Lucky-Golf-Shirt-Personalized-Photo-Polo-Shirt_2.jpg?v=1745637528,https://cdn.shopify.com/s/files/1/0626/0421/4428/files/Macorner-Cut-Face-Photo-Guidelines.png?v=1758249178,https://cdn.shopify.com/s/files/1/0626/0421/4428/files/My-Lucky-Golf-Shirt-Personalized-Photo-Polo-Shirt_3.jpg?v=1745637548,https://cdn.shopify.com/s/files/1/0626/0421/4428/files/My-Lucky-Golf-Shirt-Personalized-Photo-Polo-Shirt_4.jpg?v=1745637548,https://cdn.shopify.com/s/files/1/0626/0421/4428/files/My-Lucky-Golf-Shirt-Personalized-Photo-Polo-Shirt_5.jpg?v=1745637548",,,,,,,,,0,Style,All-over Print Polo Shirt,0,1,All-over Print Polo Shirt,Size,"S,M,L,XL,2XL,3XL,4XL,5XL",0,1,S,,,,,,
,variation,,My Lucky Golf Shirt - Personalized Photo Polo Shirt,1,0,visible,,,,,taxable,parent,1,,,,0,,,,,0,,,32.95,,,,https://cdn.shopify.com/s/files/1/0626/0421/4428/files/My-Lucky-Golf-Shirt-Personalized-Photo-Polo-Shirt_1.jpg?v=1745637528,,,8.41506E+12,,,,,,1,Style,All-over Print Polo Shirt,,1,,Size,S,,1,,,,,,,
,variation,,My Lucky Golf Shirt - Personalized Photo Polo Shirt,1,0,visible,,,,,taxable,parent,1,,,,0,,,,,0,,,34.95,,,,https://cdn.shopify.com/s/files/1/0626/0421/4428/files/My-Lucky-Golf-Shirt-Personalized-Photo-Polo-Shirt_1.jpg?v=1745637528,,,8.41506E+12,,,,,,2,Style,All-over Print Polo Shirt,,1,,Size,M,,1,,,,,,,
,variation,,My Lucky Golf Shirt - Personalized Photo Polo Shirt,1,0,visible,,,,,taxable,parent,1,,,,0,,,,,0,,,36.95,,,,https://cdn.shopify.com/s/files/1/0626/0421/4428/files/My-Lucky-Golf-Shirt-Personalized-Photo-Polo-Shirt_1.jpg?v=1745637528,,,8.41506E+12,,,,,,3,Style,All-over Print Polo Shirt,,1,,Size,L,,1,,,,,,,
,variation,,My Lucky Golf Shirt - Personalized Photo Polo Shirt,1,0,visible,,,,,taxable,parent,1,,,,0,,,,,0,,,38.95,,,,https://cdn.shopify.com/s/files/1/0626/0421/4428/files/My-Lucky-Golf-Shirt-Personalized-Photo-Polo-Shirt_1.jpg?v=1745637528,,,8.41506E+12,,,,,,4,Style,All-over Print Polo Shirt,,1,,Size,XL,,1,,,,,,,
,variation,,My Lucky Golf Shirt - Personalized Photo Polo Shirt,1,0,visible,,,,,taxable,parent,1,,,,0,,,,,0,,,38.95,,,,https://cdn.shopify.com/s/files/1/0626/0421/4428/files/My-Lucky-Golf-Shirt-Personalized-Photo-Polo-Shirt_1.jpg?v=1745637528,,,8.41506E+12,,,,,,5,Style,All-over Print Polo Shirt,,1,,Size,2XL,,1,,,,,,,
,variation,,My Lucky Golf Shirt - Personalized Photo Polo Shirt,1,0,visible,,,,,taxable,parent,1,,,,0,,,,,0,,,40.95,,,,https://cdn.shopify.com/s/files/1/0626/0421/4428/files/My-Lucky-Golf-Shirt-Personalized-Photo-Polo-Shirt_1.jpg?v=1745637528,,,8.41506E+12,,,,,,6,Style,All-over Print Polo Shirt,,1,,Size,3XL,,1,,,,,,,
,variation,,My Lucky Golf Shirt - Personalized Photo Polo Shirt,1,0,visible,,,,,taxable,parent,1,,,,0,,,,,0,,,42.95,,,,https://cdn.shopify.com/s/files/1/0626/0421/4428/files/My-Lucky-Golf-Shirt-Personalized-Photo-Polo-Shirt_1.jpg?v=1745637528,,,8.41506E+12,,,,,,7,Style,All-over Print Polo Shirt,,1,,Size,4XL,,1,,,,,,,
,variation,,My Lucky Golf Shirt - Personalized Photo Polo Shirt,1,0,visible,,,,,taxable,parent,1,,,,0,,,,,0,,,42.95,,,,https://cdn.shopify.com/s/files/1/0626/0421/4428/files/My-Lucky-Golf-Shirt-Personalized-Photo-Polo-Shirt_1.jpg?v=1745637528,,,8.41506E+12,,,,,,8,Style,All-over Print Polo Shirt,,1,,Size,5XL,,1,,,,,,,
,variable,,Father's Day Gift Best Dad Ever - Personalized Photo Polo Shirt,1,0,visible,,"<div data-id=""07918756694720521"">
<div data-id=""07918756694720521"">
<div data-id=""07918756694720521"">
<div data-block-id=""block-75b37e0f-bdf4-4222-93a2-33cba27c8b52"">
<div data-block-id=""block-7c6e9a7e-f4b9-447a-a1fd-b1664992b1ac"" data-mce-fragment=""1"">
<div data-block-id=""block-b9605d8a-252d-4558-850f-1e123cb90be1"">
<div data-block-id=""block-9d14a48a-e444-4a73-bc49-d14ef0813b99"">
<div data-block-id=""block-b2a93716-ac2d-43fc-bac3-d4f28f5ebcea"">
<div data-block-id=""block-531f25f6-8aab-49c5-8f92-df38f15bfd0c"">
<div data-zone-id=""0"" data-line-index=""0"" data-line=""true"">
<div data-zone-id=""0"" data-line-index=""1"" data-line=""true"">
<div data-zone-id=""0"" data-line-index=""1"" data-line=""true"">
<div data-line=""true"" data-line-index=""0"" data-zone-id=""0"">
<div data-line=""true"" data-line-index=""0"" data-zone-id=""0"">
<div data-line=""true"" data-line-index=""0"" data-zone-id=""0"">
<div data-line=""true"" data-line-index=""0"" data-zone-id=""0"">The Personalized Photo Polo Shirt is a heartfelt Father's Day gift, adorned with the titles ""Best Dad Ever"". This classic polo design ensures both style and comfort, making it suitable for various occasions. The option to include a cherished photo adds a personal touch, capturing special memories and creating a unique keepsake. This versatile shirt is a meaningful tribute, celebrating your dad's exceptional role and the bond you share.</div>
</div>
</div>
</div>
</div>
</div>
</div>
</div>
</div>
</div>
</div>
</div>
<p data-block-id=""block-0cd9770c-cce7-4d52-8647-3056a6c76c13""><br><strong>MESSAGE:</strong> Best Dad Ever.<br><br><strong>PRODUCT DETAILS:</strong></p>
</div>
</div>
</div>
</div>
<div data-id=""07918756694720521"">
<div data-id=""07918756694720521"">
<ul>
<li>Material: Bird-eye pique fabric with 3-5% Spandex – Lightweight, breathable, moisture-wicking, stretchable quick-drying fabric that is comfortable to wear as a casual or activewear outfit.</li>
<li>Regular fit allows you to move freely and conveniently.</li>
<li>Pull-on closure with 3-button placket – Classic Polo style yet comfortable to put on and take off.</li>
<li>Double-stitch hems for durability.</li>
<li>Sublimation printing creates vibrant and clear prints on the fabric which won’t come off.</li>
</ul>
</div>
</div>
<style type=""text/css""><!--
br {mso-data-placement:same-cell;}
--></style>
<style type=""text/css""><!--
br {mso-data-placement:same-cell;}
--></style>
<style type=""text/css""><!--
br {mso-data-placement:same-cell;}
--></style>",,,taxable,,1,,,0,0,,,,,1,,,,Polo Shirt,,,"https://cdn.shopify.com/s/files/1/0626/0421/4428/files/Fathers-Day-Gift-Best-Dad-Ever-Personalized-Photo-Polo-Shirt_1.jpg?v=1718353299,https://cdn.shopify.com/s/files/1/0626/0421/4428/files/Fathers-Day-Gift-Best-Dad-Ever-Personalized-Photo-Polo-Shirt_2.jpg?v=1718353299,https://cdn.shopify.com/s/files/1/0626/0421/4428/files/tachd_u_425fc90f-253c-498b-94b5-92d2571c2ac4.jpg?v=1718353299,https://cdn.shopify.com/s/files/1/0626/0421/4428/files/Fathers-Day-Gift-Best-Dad-Ever-Personalized-Photo-Polo-Shirt_3.jpg?v=1718353299,https://cdn.shopify.com/s/files/1/0626/0421/4428/files/Fathers-Day-Gift-Best-Dad-Ever-Personalized-Photo-Polo-Shirt_4.jpg?v=1718353299,https://cdn.shopify.com/s/files/1/0626/0421/4428/files/Fathers-Day-Gift-Best-Dad-Ever-Personalized-Photo-Polo-Shirt_5.jpg?v=1718353299,https://cdn.shopify.com/s/files/1/0626/0421/4428/files/Fathers-Day-Gift-Best-Dad-Ever-Personalized-Photo-Polo-Shirt_6.jpg?v=1718353299",,,,,,,,,0,Style,All-over Print Polo Shirt,0,1,All-over Print Polo Shirt,Size,"S,M,L,XL,2XL,3XL,4XL,5XL",0,1,S,,,,,,
,variation,,Father's Day Gift Best Dad Ever - Personalized Photo Polo Shirt,1,0,visible,,,,,taxable,parent,1,,,,0,,,,,0,,,32.95,,,,https://cdn.shopify.com/s/files/1/0626/0421/4428/files/Fathers-Day-Gift-Best-Dad-Ever-Personalized-Photo-Polo-Shirt_1.jpg?v=1718353299,,,8.15127E+12,,,,,,1,Style,All-over Print Polo Shirt,,1,,Size,S,,1,,,,,,,
,variation,,Father's Day Gift Best Dad Ever - Personalized Photo Polo Shirt,1,0,visible,,,,,taxable,parent,1,,,,0,,,,,0,,,34.95,,,,https://cdn.shopify.com/s/files/1/0626/0421/4428/files/Fathers-Day-Gift-Best-Dad-Ever-Personalized-Photo-Polo-Shirt_1.jpg?v=1718353299,,,8.15127E+12,,,,,,2,Style,All-over Print Polo Shirt,,1,,Size,M,,1,,,,,,,
,variation,,Father's Day Gift Best Dad Ever - Personalized Photo Polo Shirt,1,0,visible,,,,,taxable,parent,1,,,,0,,,,,0,,,36.95,,,,https://cdn.shopify.com/s/files/1/0626/0421/4428/files/Fathers-Day-Gift-Best-Dad-Ever-Personalized-Photo-Polo-Shirt_1.jpg?v=1718353299,,,8.15127E+12,,,,,,3,Style,All-over Print Polo Shirt,,1,,Size,L,,1,,,,,,,
,variation,,Father's Day Gift Best Dad Ever - Personalized Photo Polo Shirt,1,0,visible,,,,,taxable,parent,1,,,,0,,,,,0,,,38.95,,,,https://cdn.shopify.com/s/files/1/0626/0421/4428/files/Fathers-Day-Gift-Best-Dad-Ever-Personalized-Photo-Polo-Shirt_1.jpg?v=1718353299,,,8.15127E+12,,,,,,4,Style,All-over Print Polo Shirt,,1,,Size,XL,,1,,,,,,,
,variation,,Father's Day Gift Best Dad Ever - Personalized Photo Polo Shirt,1,0,visible,,,,,taxable,parent,1,,,,0,,,,,0,,,38.95,,,,https://cdn.shopify.com/s/files/1/0626/0421/4428/files/Fathers-Day-Gift-Best-Dad-Ever-Personalized-Photo-Polo-Shirt_1.jpg?v=1718353299,,,8.15127E+12,,,,,,5,Style,All-over Print Polo Shirt,,1,,Size,2XL,,1,,,,,,,
,variation,,Father's Day Gift Best Dad Ever - Personalized Photo Polo Shirt,1,0,visible,,,,,taxable,parent,1,,,,0,,,,,0,,,40.95,,,,https://cdn.shopify.com/s/files/1/0626/0421/4428/files/Fathers-Day-Gift-Best-Dad-Ever-Personalized-Photo-Polo-Shirt_1.jpg?v=1718353299,,,8.15127E+12,,,,,,6,Style,All-over Print Polo Shirt,,1,,Size,3XL,,1,,,,,,,
,variation,,Father's Day Gift Best Dad Ever - Personalized Photo Polo Shirt,1,0,visible,,,,,taxable,parent,1,,,,0,,,,,0,,,42.95,,,,https://cdn.shopify.com/s/files/1/0626/0421/4428/files/Fathers-Day-Gift-Best-Dad-Ever-Personalized-Photo-Polo-Shirt_1.jpg?v=1718353299,,,8.15127E+12,,,,,,7,Style,All-over Print Polo Shirt,,1,,Size,4XL,,1,,,,,,,
,variation,,Father's Day Gift Best Dad Ever - Personalized Photo Polo Shirt,1,0,visible,,,,,taxable,parent,1,,,,0,,,,,0,,,42.95,,,,https://cdn.shopify.com/s/files/1/0626/0421/4428/files/Fathers-Day-Gift-Best-Dad-Ever-Personalized-Photo-Polo-Shirt_1.jpg?v=1718353299,,,8.15127E+12,,,,,,8,Style,All-over Print Polo Shirt,,1,,Size,5XL,,1,,,,,,,
,variable,,Best Dad Ever - Personalized Photo Polo Shirt,1,0,visible,,"<div data-id=""07918756694720521"">
<div data-id=""07918756694720521"">
<div data-id=""07918756694720521"">
<div data-block-id=""block-75b37e0f-bdf4-4222-93a2-33cba27c8b52"">
<div data-block-id=""block-7c6e9a7e-f4b9-447a-a1fd-b1664992b1ac"">
<div data-block-id=""block-b9605d8a-252d-4558-850f-1e123cb90be1"">
<div data-block-id=""block-9d14a48a-e444-4a73-bc49-d14ef0813b99"">
<div data-block-id=""block-b2a93716-ac2d-43fc-bac3-d4f28f5ebcea"">
<div data-block-id=""block-531f25f6-8aab-49c5-8f92-df38f15bfd0c"">
<div data-line=""true"" data-line-index=""0"" data-zone-id=""0"">
<div data-line=""true"" data-line-index=""1"" data-zone-id=""0"">
<div data-line=""true"" data-line-index=""1"" data-zone-id=""0"">
<div data-line=""true"" data-line-index=""0"" data-zone-id=""0"">
<div data-line=""true"" data-line-index=""0"" data-zone-id=""0"">
<div data-zone-id=""0"" data-line-index=""0"" data-line=""true"">
<div data-zone-id=""0"" data-line-index=""0"" data-line=""true"">
<div data-zone-id=""0"" data-line-index=""0"" data-line=""true"">
<div data-zone-id=""0"" data-line-index=""0"" data-line=""true"">Show your dad just how much he means to you with this personalized Photo Polo Shirt, ingrained with the heartfelt sentiment of being the Best Dad Ever. Customizable with a special photo of your choosing, this polo shirt offers the perfect blend of style, sentiment, and memories for a gift that truly celebrates the amazing dad in your life. This wonderful shirt is perfect for Father's Day, birthdays, anniversaries, or any occasion that requires a heartwarming, personal touch.</div>
<div data-zone-id=""0"" data-line-index=""1"" data-line=""true""><br></div>
<div data-zone-id=""0"" data-line-index=""2"" data-line=""true"">Crafted from comfortable material, this polo shirt also boasts a high-quality print of your memorable photo. Every time dad puts on this shirt, he'll be reminded of the special bond you share and the cherished memories you've created together. It's more than just a gesture, it's an expression of love and appreciation wrapped into a single thoughtful gift. Don't miss out on gifting this personalized photo polo shirt – a unique and meaningful present that suits him perfectly and enhances any gift-giving occasion!</div>
<br><strong>MESSAGE: </strong>Best Dad Ever.</div>
</div>
</div>
</div>
</div>
</div>
</div>
</div>
</div>
</div>
</div>
</div>
</div>
<p data-block-id=""block-0cd9770c-cce7-4d52-8647-3056a6c76c13""><br><strong>PRODUCT DETAILS:</strong></p>
</div>
</div>
</div>
</div>
<div data-id=""07918756694720521"">
<div data-id=""07918756694720521"">
<ul>
<li>Material: Bird-eye pique fabric with 3-5% Spandex – Lightweight, breathable, moisture-wicking, stretchable quick-drying fabric that is comfortable to wear as a casual or activewear outfit.</li>
<li>Regular fit allows you to move freely and conveniently.</li>
<li>Pull-on closure with 3-button placket – Classic Polo style yet comfortable to put on and take off.</li>
<li>Double-stitch hems for durability.</li>
<li>Sublimation printing creates vibrant and clear prints on the fabric which won’t come off.</li>
</ul>
</div>
</div>",,,taxable,,1,,,0,0,,,,,1,,,,Polo Shirt,,,"https://cdn.shopify.com/s/files/1/0626/0421/4428/files/Best-Dad-Ever-Personalized-Photo-Polo-Shirt_1_6352f89a-517f-430d-9b52-42e479796fb1.jpg?v=1745813687,https://cdn.shopify.com/s/files/1/0626/0421/4428/files/Best-Dad-Ever-Personalized-Photo-Polo-Shirt_2_fec6b2dd-3942-441b-9593-b32543d38d13.jpg?v=1745813687,https://cdn.shopify.com/s/files/1/0626/0421/4428/files/Macorner-Cut-Face-Photo-Guidelines.png?v=1758249178,https://cdn.shopify.com/s/files/1/0626/0421/4428/files/Best-Dad-Ever-Personalized-Photo-Polo-Shirt_3_7431e10d-2624-4366-8cdb-37778c65db95.jpg?v=1745813789,https://cdn.shopify.com/s/files/1/0626/0421/4428/files/Best-Dad-Ever-Personalized-Photo-Polo-Shirt_4_c8395ffb-a1c6-4cd7-b74a-aec95d25e062.jpg?v=1745813789,https://cdn.shopify.com/s/files/1/0626/0421/4428/files/Best-Dad-Ever-Personalized-Photo-Polo-Shirt_5_68b87acb-0602-4f1f-88b1-6918c79ce6e0.jpg?v=1745813789",,,,,,,,,0,Style,All-over Print Polo Shirt,0,1,All-over Print Polo Shirt,Size,"S,M,L,XL,2XL,3XL,4XL,5XL",0,1,S,,,,,,
,variation,,Best Dad Ever - Personalized Photo Polo Shirt,1,0,visible,,,,,taxable,parent,1,,,,0,,,,,0,,,32.95,,,,https://cdn.shopify.com/s/files/1/0626/0421/4428/files/Best-Dad-Ever-Personalized-Photo-Polo-Shirt_1_6352f89a-517f-430d-9b52-42e479796fb1.jpg?v=1745813687,,,8.41578E+12,,,,,,1,Style,All-over Print Polo Shirt,,1,,Size,S,,1,,,,,,,
,variation,,Best Dad Ever - Personalized Photo Polo Shirt,1,0,visible,,,,,taxable,parent,1,,,,0,,,,,0,,,34.95,,,,https://cdn.shopify.com/s/files/1/0626/0421/4428/files/Best-Dad-Ever-Personalized-Photo-Polo-Shirt_1_6352f89a-517f-430d-9b52-42e479796fb1.jpg?v=1745813687,,,8.41578E+12,,,,,,2,Style,All-over Print Polo Shirt,,1,,Size,M,,1,,,,,,,
,variation,,Best Dad Ever - Personalized Photo Polo Shirt,1,0,visible,,,,,taxable,parent,1,,,,0,,,,,0,,,36.95,,,,https://cdn.shopify.com/s/files/1/0626/0421/4428/files/Best-Dad-Ever-Personalized-Photo-Polo-Shirt_1_6352f89a-517f-430d-9b52-42e479796fb1.jpg?v=1745813687,,,8.41578E+12,,,,,,3,Style,All-over Print Polo Shirt,,1,,Size,L,,1,,,,,,,
,variation,,Best Dad Ever - Personalized Photo Polo Shirt,1,0,visible,,,,,taxable,parent,1,,,,0,,,,,0,,,38.95,,,,https://cdn.shopify.com/s/files/1/0626/0421/4428/files/Best-Dad-Ever-Personalized-Photo-Polo-Shirt_1_6352f89a-517f-430d-9b52-42e479796fb1.jpg?v=1745813687,,,8.41578E+12,,,,,,4,Style,All-over Print Polo Shirt,,1,,Size,XL,,1,,,,,,,
,variation,,Best Dad Ever - Personalized Photo Polo Shirt,1,0,visible,,,,,taxable,parent,1,,,,0,,,,,0,,,38.95,,,,https://cdn.shopify.com/s/files/1/0626/0421/4428/files/Best-Dad-Ever-Personalized-Photo-Polo-Shirt_1_6352f89a-517f-430d-9b52-42e479796fb1.jpg?v=1745813687,,,8.41578E+12,,,,,,5,Style,All-over Print Polo Shirt,,1,,Size,2XL,,1,,,,,,,
,variation,,Best Dad Ever - Personalized Photo Polo Shirt,1,0,visible,,,,,taxable,parent,1,,,,0,,,,,0,,,40.95,,,,https://cdn.shopify.com/s/files/1/0626/0421/4428/files/Best-Dad-Ever-Personalized-Photo-Polo-Shirt_1_6352f89a-517f-430d-9b52-42e479796fb1.jpg?v=1745813687,,,8.41578E+12,,,,,,6,Style,All-over Print Polo Shirt,,1,,Size,3XL,,1,,,,,,,
,variation,,Best Dad Ever - Personalized Photo Polo Shirt,1,0,visible,,,,,taxable,parent,1,,,,0,,,,,0,,,42.95,,,,https://cdn.shopify.com/s/files/1/0626/0421/4428/files/Best-Dad-Ever-Personalized-Photo-Polo-Shirt_1_6352f89a-517f-430d-9b52-42e479796fb1.jpg?v=1745813687,,,8.41578E+12,,,,,,7,Style,All-over Print Polo Shirt,,1,,Size,4XL,,1,,,,,,,
,variation,,Best Dad Ever - Personalized Photo Polo Shirt,1,0,visible,,,,,taxable,parent,1,,,,0,,,,,0,,,42.95,,,,https://cdn.shopify.com/s/files/1/0626/0421/4428/files/Best-Dad-Ever-Personalized-Photo-Polo-Shirt_1_6352f89a-517f-430d-9b52-42e479796fb1.jpg?v=1745813687,,,8.41578E+12,,,,,,8,Style,All-over Print Polo Shirt,,1,,Size,5XL,,1,,,,,,,
,variable,,The Best Dad In The Galaxy - Personalized Photo Polo Shirt,1,0,visible,,"<div data-id=""07918756694720521"">
<div data-id=""07918756694720521"">
<div data-id=""07918756694720521"">
<div data-block-id=""block-75b37e0f-bdf4-4222-93a2-33cba27c8b52"">
<div data-block-id=""block-7c6e9a7e-f4b9-447a-a1fd-b1664992b1ac"" data-mce-fragment=""1"">
<div data-block-id=""block-b9605d8a-252d-4558-850f-1e123cb90be1"">
<div data-block-id=""block-9d14a48a-e444-4a73-bc49-d14ef0813b99"">
<div data-block-id=""block-b2a93716-ac2d-43fc-bac3-d4f28f5ebcea"">
<div data-block-id=""block-531f25f6-8aab-49c5-8f92-df38f15bfd0c"">
<div data-zone-id=""0"" data-line-index=""0"" data-line=""true"">
<div data-zone-id=""0"" data-line-index=""1"" data-line=""true"">
<div data-zone-id=""0"" data-line-index=""1"" data-line=""true"">
<div data-line=""true"" data-line-index=""0"" data-zone-id=""0"">
<div data-zone-id=""0"" data-line-index=""0"" data-line=""true"">
<div data-zone-id=""0"" data-line-index=""0"" data-line=""true"">
<div data-zone-id=""0"" data-line-index=""0"" data-line=""true"">Our Personalized Photo Polo Shirt is the ideal gift for dad on Father's Day, birthdays, or any special occasion. Crafted with care and attention to detail, this polo shirt features a customizable photo that captures cherished memories. It's a thoughtful way to celebrate the bond between father and child, allowing dad to proudly display his favorite moments wherever he goes. Whether he's out for a casual outing or dressing up for a special event, this personalized polo shirt is sure to make him smile and feel appreciated.</div>
</div>
</div>
</div>
</div>
</div>
</div>
</div>
</div>
</div>
</div>
</div>
<p data-block-id=""block-0cd9770c-cce7-4d52-8647-3056a6c76c13""><br><strong>MESSAGE:</strong> The best dad in the galaxy.<br><br><strong>PRODUCT DETAILS:</strong></p>
</div>
</div>
</div>
</div>
<div data-id=""07918756694720521"">
<div data-id=""07918756694720521"">
<ul>
<li>Material: Bird-eye pique fabric with 3-5% Spandex – Lightweight, breathable, moisture-wicking, stretchable quick-drying fabric that is comfortable to wear as a casual or activewear outfit.</li>
<li>Regular fit allows you to move freely and conveniently.</li>
<li>Pull-on closure with 3-button placket – Classic Polo style yet comfortable to put on and take off.</li>
<li>Double-stitch hems for durability.</li>
<li>Sublimation printing creates vibrant and clear prints on the fabric which won’t come off.</li>
</ul>
</div>
</div>
<style type=""text/css""><!--
br {mso-data-placement:same-cell;}
--></style>
<style type=""text/css""><!--
br {mso-data-placement:same-cell;}
--></style>
<style type=""text/css""><!--
br {mso-data-placement:same-cell;}
--></style>",,,taxable,,1,,,0,0,,,,,1,,,,Polo Shirt,,,"https://cdn.shopify.com/s/files/1/0626/0421/4428/files/The-Best-Dad-In-The-Galaxy-Personalized-Photo-Polo-Shirt1.jpg?v=1718348799,https://cdn.shopify.com/s/files/1/0626/0421/4428/files/The-Best-Dad-In-The-Galaxy-Personalized-Photo-Polo-Shirt2.jpg?v=1718348799,https://cdn.shopify.com/s/files/1/0626/0421/4428/files/tachd_u_4c94ef2b-2d90-4a44-bcc3-28029dd510fc.jpg?v=1718348799,https://cdn.shopify.com/s/files/1/0626/0421/4428/files/The-Best-Dad-In-The-Galaxy-Personalized-Photo-Polo-Shirt3.jpg?v=1718348799,https://cdn.shopify.com/s/files/1/0626/0421/4428/files/The-Best-Dad-In-The-Galaxy-Personalized-Photo-Polo-Shirt4.jpg?v=1718348799,https://cdn.shopify.com/s/files/1/0626/0421/4428/files/The-Best-Dad-In-The-Galaxy-Personalized-Photo-Polo-Shirt5.jpg?v=1718348799,https://cdn.shopify.com/s/files/1/0626/0421/4428/files/The-Best-Dad-In-The-Galaxy-Personalized-Photo-Polo-Shirt65.jpg?v=1718348799",,,,,,,,,0,Style,All-over Print Polo Shirt,0,1,All-over Print Polo Shirt,Size,"S,M,L,XL,2XL,3XL,4XL,5XL",0,1,S,,,,,,
,variation,,The Best Dad In The Galaxy - Personalized Photo Polo Shirt,1,0,visible,,,,,taxable,parent,1,,,,0,,,,,0,,,32.95,,,,https://cdn.shopify.com/s/files/1/0626/0421/4428/files/The-Best-Dad-In-The-Galaxy-Personalized-Photo-Polo-Shirt1.jpg?v=1718348799,,,8.15108E+12,,,,,,1,Style,All-over Print Polo Shirt,,1,,Size,S,,1,,,,,,,
,variation,,The Best Dad In The Galaxy - Personalized Photo Polo Shirt,1,0,visible,,,,,taxable,parent,1,,,,0,,,,,0,,,34.95,,,,https://cdn.shopify.com/s/files/1/0626/0421/4428/files/The-Best-Dad-In-The-Galaxy-Personalized-Photo-Polo-Shirt1.jpg?v=1718348799,,,8.15108E+12,,,,,,2,Style,All-over Print Polo Shirt,,1,,Size,M,,1,,,,,,,
,variation,,The Best Dad In The Galaxy - Personalized Photo Polo Shirt,1,0,visible,,,,,taxable,parent,1,,,,0,,,,,0,,,36.95,,,,https://cdn.shopify.com/s/files/1/0626/0421/4428/files/The-Best-Dad-In-The-Galaxy-Personalized-Photo-Polo-Shirt1.jpg?v=1718348799,,,8.15108E+12,,,,,,3,Style,All-over Print Polo Shirt,,1,,Size,L,,1,,,,,,,
,variation,,The Best Dad In The Galaxy - Personalized Photo Polo Shirt,1,0,visible,,,,,taxable,parent,1,,,,0,,,,,0,,,38.95,,,,https://cdn.shopify.com/s/files/1/0626/0421/4428/files/The-Best-Dad-In-The-Galaxy-Personalized-Photo-Polo-Shirt1.jpg?v=1718348799,,,8.15108E+12,,,,,,4,Style,All-over Print Polo Shirt,,1,,Size,XL,,1,,,,,,,
,variation,,The Best Dad In The Galaxy - Personalized Photo Polo Shirt,1,0,visible,,,,,taxable,parent,1,,,,0,,,,,0,,,38.95,,,,https://cdn.shopify.com/s/files/1/0626/0421/4428/files/The-Best-Dad-In-The-Galaxy-Personalized-Photo-Polo-Shirt1.jpg?v=1718348799,,,8.15108E+12,,,,,,5,Style,All-over Print Polo Shirt,,1,,Size,2XL,,1,,,,,,,
,variation,,The Best Dad In The Galaxy - Personalized Photo Polo Shirt,1,0,visible,,,,,taxable,parent,1,,,,0,,,,,0,,,40.95,,,,https://cdn.shopify.com/s/files/1/0626/0421/4428/files/The-Best-Dad-In-The-Galaxy-Personalized-Photo-Polo-Shirt1.jpg?v=1718348799,,,8.15108E+12,,,,,,6,Style,All-over Print Polo Shirt,,1,,Size,3XL,,1,,,,,,,
,variation,,The Best Dad In The Galaxy - Personalized Photo Polo Shirt,1,0,visible,,,,,taxable,parent,1,,,,0,,,,,0,,,42.95,,,,https://cdn.shopify.com/s/files/1/0626/0421/4428/files/The-Best-Dad-In-The-Galaxy-Personalized-Photo-Polo-Shirt1.jpg?v=1718348799,,,8.15108E+12,,,,,,7,Style,All-over Print Polo Shirt,,1,,Size,4XL,,1,,,,,,,
,variation,,The Best Dad In The Galaxy - Personalized Photo Polo Shirt,1,0,visible,,,,,taxable,parent,1,,,,0,,,,,0,,,42.95,,,,https://cdn.shopify.com/s/files/1/0626/0421/4428/files/The-Best-Dad-In-The-Galaxy-Personalized-Photo-Polo-Shirt1.jpg?v=1718348799,,,8.15108E+12,,,,,,8,Style,All-over Print Polo Shirt,,1,,Size,5XL,,1,,,,,,,
,variable,,Blessed To Be Grandpa - Personalized Photo Polo Shirt,1,0,visible,,"<div data-id=""07918756694720521"">
<div data-id=""07918756694720521"">
<div data-id=""07918756694720521"">
<div data-block-id=""block-75b37e0f-bdf4-4222-93a2-33cba27c8b52"">
<div data-block-id=""block-7c6e9a7e-f4b9-447a-a1fd-b1664992b1ac"" data-mce-fragment=""1"">
<div data-block-id=""block-b9605d8a-252d-4558-850f-1e123cb90be1"">
<div data-block-id=""block-9d14a48a-e444-4a73-bc49-d14ef0813b99"">
<div data-block-id=""block-b2a93716-ac2d-43fc-bac3-d4f28f5ebcea"">
<div data-block-id=""block-531f25f6-8aab-49c5-8f92-df38f15bfd0c"">
<div data-zone-id=""0"" data-line-index=""0"" data-line=""true"">
<div data-zone-id=""0"" data-line-index=""1"" data-line=""true"">
<div data-zone-id=""0"" data-line-index=""1"" data-line=""true"">
<div data-line=""true"" data-line-index=""0"" data-zone-id=""0"">
<div data-zone-id=""0"" data-line-index=""0"" data-line=""true"">
<div data-zone-id=""0"" data-line-index=""0"" data-line=""true"">
<div data-zone-id=""0"" data-line-index=""0"" data-line=""true"">
<div data-zone-id=""0"" data-line-index=""0"" data-line=""true"">
<div data-zone-id=""0"" data-line-index=""0"" data-line=""true"">
<div data-zone-id=""0"" data-line-index=""0"" data-line=""true"">Get ready to celebrate Independence Day in patriotic style with our Personalized Photo Polo Shirt. This festive Hawaiian shirt features a fun and colorful pattern that's perfect for showing off your American pride as a grandpa on the 4th of July.</div>
<div data-zone-id=""0"" data-line-index=""1"" data-line=""true""><br></div>
<div data-zone-id=""0"" data-line-index=""2"" data-line=""true"">Customize the shirt with your own photo to create a unique and eye-catching design that will make you stand out at any 4th of July celebration. Whether you're attending a BBQ, fireworks display, or family gathering, this personalized Hawaiian shirt is sure to be a hit and spark conversations. It's perfect gift for grandpa, father or even uncle on any occasions like Father's Day, Grandparents' Day, or their birthday!</div>
<div data-zone-id=""0"" data-line-index=""3"" data-line=""true""><br></div>
<div data-zone-id=""0"" data-line-index=""4"" data-line=""true"">Crafted from high-quality material, this shirt is stylish and comfortable to wear, making it the ideal choice for celebrating America's birthday in comfort and style.</div>
<div data-zone-id=""0"" data-line-index=""5"" data-line=""true""><br></div>
<div data-zone-id=""0"" data-line-index=""6"" data-line=""true"">Order now and surprise your friends and family with this fun and personalized 4th of July polo shirt. It's the perfect way to celebrate Independence Day and showcase your pride in a creative and festive way!</div>
<br><strong>MESSAGE:</strong> Blessed to be Grandpa.<br><br><strong>PRODUCT DETAILS:</strong>
</div>
</div>
</div>
</div>
</div>
</div>
</div>
</div>
</div>
</div>
</div>
</div>
</div>
</div>
</div>
</div>
</div>
</div>
<div data-id=""07918756694720521"">
<div data-id=""07918756694720521"">
<ul>
<li>Material: Bird-eye pique fabric with 3-5% Spandex – Lightweight, breathable, moisture-wicking, stretchable quick-drying fabric that is comfortable to wear as a casual or activewear outfit.</li>
<li>Regular fit allows you to move freely and conveniently.</li>
<li>Pull-on closure with 3-button placket – Classic Polo style yet comfortable to put on and take off.</li>
<li>Double-stitch hems for durability.</li>
<li>Sublimation printing creates vibrant and clear prints on the fabric which won’t come off.</li>
</ul>
</div>
</div>
<style type=""text/css""><!--
br {mso-data-placement:same-cell;}
--></style>
<style type=""text/css""><!--
br {mso-data-placement:same-cell;}
--></style>
<style type=""text/css""><!--
br {mso-data-placement:same-cell;}
--></style>",,,taxable,,1,,,0,0,,,,,1,,,,Polo Shirt,,,"https://cdn.shopify.com/s/files/1/0626/0421/4428/files/Blessed-To-Be-Grandpa-Personalized-Photo-Polo-Shirt_1.jpg?v=1718343508,https://cdn.shopify.com/s/files/1/0626/0421/4428/files/Blessed-To-Be-Grandpa-Personalized-Photo-Polo-Shirt_2.jpg?v=1718343509,https://cdn.shopify.com/s/files/1/0626/0421/4428/files/tachd_u_e241d8a8-365f-4d4b-93c2-c975bd89f3a2.jpg?v=1718343509,https://cdn.shopify.com/s/files/1/0626/0421/4428/files/Blessed-To-Be-Grandpa-Personalized-Photo-Polo-Shirt_3.jpg?v=1718343509,https://cdn.shopify.com/s/files/1/0626/0421/4428/files/Blessed-To-Be-Grandpa-Personalized-Photo-Polo-Shirt_4.jpg?v=1718343509,https://cdn.shopify.com/s/files/1/0626/0421/4428/files/Blessed-To-Be-Grandpa-Personalized-Photo-Polo-Shirt_5.jpg?v=1718343509,https://cdn.shopify.com/s/files/1/0626/0421/4428/files/Blessed-To-Be-Grandpa-Personalized-Photo-Polo-Shirt_6.jpg?v=1718343509",,,,,,,,,0,Style,All-over Print Polo Shirt,0,1,All-over Print Polo Shirt,Size,"S,M,L,XL,2XL,3XL,4XL,5XL",0,1,S,,,,,,
,variation,,Blessed To Be Grandpa - Personalized Photo Polo Shirt,1,0,visible,,,,,taxable,parent,1,,,,0,,,,,0,,,32.95,,,,https://cdn.shopify.com/s/files/1/0626/0421/4428/files/Blessed-To-Be-Grandpa-Personalized-Photo-Polo-Shirt_1.jpg?v=1718343508,,,8.15093E+12,,,,,,1,Style,All-over Print Polo Shirt,,1,,Size,S,,1,,,,,,,
,variation,,Blessed To Be Grandpa - Personalized Photo Polo Shirt,1,0,visible,,,,,taxable,parent,1,,,,0,,,,,0,,,34.95,,,,https://cdn.shopify.com/s/files/1/0626/0421/4428/files/Blessed-To-Be-Grandpa-Personalized-Photo-Polo-Shirt_1.jpg?v=1718343508,,,8.15093E+12,,,,,,2,Style,All-over Print Polo Shirt,,1,,Size,M,,1,,,,,,,
,variation,,Blessed To Be Grandpa - Personalized Photo Polo Shirt,1,0,visible,,,,,taxable,parent,1,,,,0,,,,,0,,,36.95,,,,https://cdn.shopify.com/s/files/1/0626/0421/4428/files/Blessed-To-Be-Grandpa-Personalized-Photo-Polo-Shirt_1.jpg?v=1718343508,,,8.15093E+12,,,,,,3,Style,All-over Print Polo Shirt,,1,,Size,L,,1,,,,,,,
,variation,,Blessed To Be Grandpa - Personalized Photo Polo Shirt,1,0,visible,,,,,taxable,parent,1,,,,0,,,,,0,,,38.95,,,,https://cdn.shopify.com/s/files/1/0626/0421/4428/files/Blessed-To-Be-Grandpa-Personalized-Photo-Polo-Shirt_1.jpg?v=1718343508,,,8.15093E+12,,,,,,4,Style,All-over Print Polo Shirt,,1,,Size,XL,,1,,,,,,,
,variation,,Blessed To Be Grandpa - Personalized Photo Polo Shirt,1,0,visible,,,,,taxable,parent,1,,,,0,,,,,0,,,38.95,,,,https://cdn.shopify.com/s/files/1/0626/0421/4428/files/Blessed-To-Be-Grandpa-Personalized-Photo-Polo-Shirt_1.jpg?v=1718343508,,,8.15093E+12,,,,,,5,Style,All-over Print Polo Shirt,,1,,Size,2XL,,1,,,,,,,
,variation,,Blessed To Be Grandpa - Personalized Photo Polo Shirt,1,0,visible,,,,,taxable,parent,1,,,,0,,,,,0,,,40.95,,,,https://cdn.shopify.com/s/files/1/0626/0421/4428/files/Blessed-To-Be-Grandpa-Personalized-Photo-Polo-Shirt_1.jpg?v=1718343508,,,8.15093E+12,,,,,,6,Style,All-over Print Polo Shirt,,1,,Size,3XL,,1,,,,,,,
,variation,,Blessed To Be Grandpa - Personalized Photo Polo Shirt,1,0,visible,,,,,taxable,parent,1,,,,0,,,,,0,,,42.95,,,,https://cdn.shopify.com/s/files/1/0626/0421/4428/files/Blessed-To-Be-Grandpa-Personalized-Photo-Polo-Shirt_1.jpg?v=1718343508,,,8.15093E+12,,,,,,7,Style,All-over Print Polo Shirt,,1,,Size,4XL,,1,,,,,,,
,variation,,Blessed To Be Grandpa - Personalized Photo Polo Shirt,1,0,visible,,,,,taxable,parent,1,,,,0,,,,,0,,,42.95,,,,https://cdn.shopify.com/s/files/1/0626/0421/4428/files/Blessed-To-Be-Grandpa-Personalized-Photo-Polo-Shirt_1.jpg?v=1718343508,,,8.15093E+12,,,,,,8,Style,All-over Print Polo Shirt,,1,,Size,5XL,,1,,,,,,,
,variable,,"Dad, You're A Slam Dunk - Personalized Photo Polo Shirt",1,0,visible,,"<div data-id=""07918756694720521"">
<div data-id=""07918756694720521"">
<div data-id=""07918756694720521"">
<div class=""ql-block"" data-block-id=""block-75b37e0f-bdf4-4222-93a2-33cba27c8b52"">
<div data-mce-fragment=""1"" data-block-id=""block-7c6e9a7e-f4b9-447a-a1fd-b1664992b1ac"" class=""ql-block"">
<div class=""ql-block"" data-block-id=""block-b9605d8a-252d-4558-850f-1e123cb90be1"">
<div class=""ql-block"" data-block-id=""block-9d14a48a-e444-4a73-bc49-d14ef0813b99"">
<div class=""ql-block"" data-block-id=""block-b2a93716-ac2d-43fc-bac3-d4f28f5ebcea"">
<div class=""ql-block"" data-block-id=""block-531f25f6-8aab-49c5-8f92-df38f15bfd0c"">The Personalized Photo Polo Shirt, a perfect Father's Day gift, features a playful message: ""Dad, you're a slam dunk."" Ideal for dads, daddies, and papas who love basketball, this shirt is not only heartfelt but also offers the option for a personal touch with a customized photo. Made from quality material, it ensures comfort and durability for everyday wear. A stylish and meaningful expression of appreciation for their slam dunk skills and fatherhood.</div>
</div>
</div>
</div>
</div>
<p class=""ql-block"" data-block-id=""block-0cd9770c-cce7-4d52-8647-3056a6c76c13""><br><strong>MESSAGE: </strong></p>
<div class=""ql-block"" data-block-id=""block-6edfff16-311b-4d6d-9fbf-d5ff2acb09e1"">Dad</div>
<div class=""ql-block"" data-block-id=""block-3ea9d97d-e266-4f15-8c6f-67d8d1330007"">You're a slam dunk!</div>
<div class=""ql-block"" data-block-id=""block-3ea9d97d-e266-4f15-8c6f-67d8d1330007""></div>
<div class=""ql-block"" data-block-id=""block-3ea9d97d-e266-4f15-8c6f-67d8d1330007"">
<strong>PRODUCT DETAILS:</strong><br>
</div>
</div>
</div>
</div>
</div>
<div data-id=""07918756694720521"">
<div data-id=""07918756694720521"">
<ul>
<li>Material: Bird-eye pique fabric with 3-5% Spandex – Lightweight, breathable, moisture-wicking, stretchable quick-drying fabric that is comfortable to wear as a casual or activewear outfit.</li>
<li>Regular fit allows you to move freely and conveniently.</li>
<li>Pull-on closure with 3-button placket – Classic Polo style yet comfortable to put on and take off.</li>
<li>Double-stitch hems for durability.</li>
<li>Sublimation printing creates vibrant and clear prints on the fabric which won’t come off.</li>
</ul>
</div>
</div>
<div data-id=""07918756694720521"">
<ul></ul>
</div>
<style type=""text/css""><!--
br {mso-data-placement:same-cell;}
--></style>
<style type=""text/css""><!--
br {mso-data-placement:same-cell;}
--></style>
<style type=""text/css""><!--
br {mso-data-placement:same-cell;}
--></style>",,,taxable,,1,,,0,0,,,,,1,,,,Polo Shirt,,,"https://cdn.shopify.com/s/files/1/0626/0421/4428/products/Dad_-You_Re-A-Slam-Dunk-Personalized-Photo-Polo-Shirt_1.jpg?v=1710593827,https://cdn.shopify.com/s/files/1/0626/0421/4428/products/Dad_-You_Re-A-Slam-Dunk-Personalized-Photo-Polo-Shirt_2.jpg?v=1710593827,https://cdn.shopify.com/s/files/1/0626/0421/4428/products/tachd_u_b3f6b328-48c3-45ad-bc6e-6c57a0e72e76.jpg?v=1710593827,https://cdn.shopify.com/s/files/1/0626/0421/4428/products/Dad_-You_Re-A-Slam-Dunk-Personalized-Photo-Polo-Shirt_3.jpg?v=1710593827,https://cdn.shopify.com/s/files/1/0626/0421/4428/products/Dad_-You_Re-A-Slam-Dunk-Personalized-Photo-Polo-Shirt_4.jpg?v=1710593827,https://cdn.shopify.com/s/files/1/0626/0421/4428/products/Dad_-You_Re-A-Slam-Dunk-Personalized-Photo-Polo-Shirt_5.jpg?v=1710593827,https://cdn.shopify.com/s/files/1/0626/0421/4428/products/Dad_-You_Re-A-Slam-Dunk-Personalized-Photo-Polo-Shirt_6.jpg?v=1710593827",,,,,,,,,0,Style,All-over Print Polo Shirt,0,1,All-over Print Polo Shirt,Size,"S,M,L,XL,2XL,3XL,4XL,5XL",0,1,S,,,,,,
,variation,,"Dad, You're A Slam Dunk - Personalized Photo Polo Shirt",1,0,visible,,,,,taxable,parent,1,,,,0,,,,,0,,,32.95,,,,https://cdn.shopify.com/s/files/1/0626/0421/4428/products/Dad_-You_Re-A-Slam-Dunk-Personalized-Photo-Polo-Shirt_1.jpg?v=1710593827,,,7.90371E+12,,,,,,1,Style,All-over Print Polo Shirt,,1,,Size,S,,1,,,,,,,
,variation,,"Dad, You're A Slam Dunk - Personalized Photo Polo Shirt",1,0,visible,,,,,taxable,parent,1,,,,0,,,,,0,,,34.95,,,,https://cdn.shopify.com/s/files/1/0626/0421/4428/products/Dad_-You_Re-A-Slam-Dunk-Personalized-Photo-Polo-Shirt_1.jpg?v=1710593827,,,7.90371E+12,,,,,,2,Style,All-over Print Polo Shirt,,1,,Size,M,,1,,,,,,,
,variation,,"Dad, You're A Slam Dunk - Personalized Photo Polo Shirt",1,0,visible,,,,,taxable,parent,1,,,,0,,,,,0,,,36.95,,,,https://cdn.shopify.com/s/files/1/0626/0421/4428/products/Dad_-You_Re-A-Slam-Dunk-Personalized-Photo-Polo-Shirt_1.jpg?v=1710593827,,,7.90371E+12,,,,,,3,Style,All-over Print Polo Shirt,,1,,Size,L,,1,,,,,,,
,variation,,"Dad, You're A Slam Dunk - Personalized Photo Polo Shirt",1,0,visible,,,,,taxable,parent,1,,,,0,,,,,0,,,38.95,,,,https://cdn.shopify.com/s/files/1/0626/0421/4428/products/Dad_-You_Re-A-Slam-Dunk-Personalized-Photo-Polo-Shirt_1.jpg?v=1710593827,,,7.90371E+12,,,,,,4,Style,All-over Print Polo Shirt,,1,,Size,XL,,1,,,,,,,
,variation,,"Dad, You're A Slam Dunk - Personalized Photo Polo Shirt",1,0,visible,,,,,taxable,parent,1,,,,0,,,,,0,,,38.95,,,,https://cdn.shopify.com/s/files/1/0626/0421/4428/products/Dad_-You_Re-A-Slam-Dunk-Personalized-Photo-Polo-Shirt_1.jpg?v=1710593827,,,7.90371E+12,,,,,,5,Style,All-over Print Polo Shirt,,1,,Size,2XL,,1,,,,,,,
,variation,,"Dad, You're A Slam Dunk - Personalized Photo Polo Shirt",1,0,visible,,,,,taxable,parent,1,,,,0,,,,,0,,,40.95,,,,https://cdn.shopify.com/s/files/1/0626/0421/4428/products/Dad_-You_Re-A-Slam-Dunk-Personalized-Photo-Polo-Shirt_1.jpg?v=1710593827,,,7.90371E+12,,,,,,6,Style,All-over Print Polo Shirt,,1,,Size,3XL,,1,,,,,,,
,variation,,"Dad, You're A Slam Dunk - Personalized Photo Polo Shirt",1,0,visible,,,,,taxable,parent,1,,,,0,,,,,0,,,42.95,,,,https://cdn.shopify.com/s/files/1/0626/0421/4428/products/Dad_-You_Re-A-Slam-Dunk-Personalized-Photo-Polo-Shirt_1.jpg?v=1710593827,,,7.90371E+12,,,,,,7,Style,All-over Print Polo Shirt,,1,,Size,4XL,,1,,,,,,,
,variation,,"Dad, You're A Slam Dunk - Personalized Photo Polo Shirt",1,0,visible,,,,,taxable,parent,1,,,,0,,,,,0,,,42.95,,,,https://cdn.shopify.com/s/files/1/0626/0421/4428/products/Dad_-You_Re-A-Slam-Dunk-Personalized-Photo-Polo-Shirt_1.jpg?v=1710593827,,,7.90371E+12,,,,,,8,Style,All-over Print Polo Shirt,,1,,Size,5XL,,1,,,,,,,
,variable,,Golf Argyle Pattern Vintage Style For Golf Lovers Gift For Men - Custom Golf Shirt,1,0,visible,,"<div data-id=""07918756694720521"">
<div data-id=""07918756694720521"">
<div data-id=""07918756694720521"">
<div data-block-id=""block-75b37e0f-bdf4-4222-93a2-33cba27c8b52"" class=""ql-block"">
<div class=""ql-block"" data-block-id=""block-7c6e9a7e-f4b9-447a-a1fd-b1664992b1ac"" data-mce-fragment=""1"">
<div data-block-id=""block-b9605d8a-252d-4558-850f-1e123cb90be1"" class=""ql-block"">
<div data-block-id=""block-9d14a48a-e444-4a73-bc49-d14ef0813b99"" class=""ql-block"">
<div data-block-id=""block-b2a93716-ac2d-43fc-bac3-d4f28f5ebcea"" class=""ql-block"">
<div data-block-id=""block-531f25f6-8aab-49c5-8f92-df38f15bfd0c"" class=""ql-block"">
<div data-block-id=""block-da104865-b071-4cf1-9e05-b7f8fb879e07"" class=""ql-block"">
<div data-block-id=""block-9f9f2582-304c-484d-b027-ad9d6792a4b9"" class=""ql-block"">Elevate your golf game with our Custom Golf Shirt, a personalized gift tailored for golf lovers who appreciate timeless style on and off the course. Crafted with meticulous attention to detail, this shirt boasts a classic vintage vibe adorned with a sophisticated argyle pattern, adding a touch of elegance to every swing.</div>
<div data-block-id=""block-5a46604d-8589-4175-a921-c7f3aa4399e4"" class=""ql-block"">Customize the shirt with a name or initials, creating a bespoke garment that speaks directly to the recipient's love for the game. Whether it's for a birthday, Father's Day, or any special occasion, this shirt is sure to impress even the most discerning golfer.</div>
<div data-block-id=""block-bf5e6a9c-fb5a-4bb7-bec1-6a097cfeb316"" class=""ql-block"">Ideal for both men and women, our Custom Golf Shirt seamlessly blends functionality with fashion, ensuring optimal performance while exuding effortless style. Whether teeing off with friends or hitting the driving range, this shirt is a must-have addition to any golfer's wardrobe.</div>
<div data-block-id=""block-86f8d042-b86c-4d54-a5e8-b92a37b5c771"" class=""ql-block"">Give the gift of personalized luxury with our Custom Golf Shirt—a timeless and thoughtful gesture that celebrates the passion and camaraderie of golf in style.<br><br>
</div>
</div>
</div>
</div>
</div>
</div>
</div>
</div>
<p data-mce-style=""text-align: left;""><strong>PRODUCT DETAILS:</strong></p>
</div>
</div>
</div>
<div data-id=""07918756694720521"">
<div data-id=""07918756694720521"">
<ul>
<li>Material: Bird-eye pique fabric with 3-5% Spandex – Lightweight, breathable, moisture-wicking, stretchable quick-drying fabric that is comfortable to wear as a casual or activewear outfit.</li>
<li>Regular fit allows you to move freely and conveniently.</li>
<li>Pull-on closure with 3-button placket – Classic Polo style yet comfortable to put on and take off.</li>
<li>Double-stitch hems for durability.</li>
<li>Sublimation printing creates vibrant and clear prints on the fabric which won’t come off.</li>
</ul>
</div>
</div>
<div data-id=""07918756694720521"">
<ul></ul>
<br>
</div>
<style type=""text/css""><!--
br {mso-data-placement:same-cell;}
--></style>
<style type=""text/css""><!--
br {mso-data-placement:same-cell;}
--></style>
<style type=""text/css""><!--
br {mso-data-placement:same-cell;}
--></style>",,,taxable,,1,,,0,0,,,,,1,,,,Polo Shirt,,,"https://cdn.shopify.com/s/files/1/0626/0421/4428/products/Golf-Argyle-Pattern-Vintage-Style-For-Golf-Lovers-Gift-For-Men-Custom-Golf-Shirt_1.jpg?v=1710593597,https://cdn.shopify.com/s/files/1/0626/0421/4428/products/Golf-Argyle-Pattern-Vintage-Style-For-Golf-Lovers-Gift-For-Men-Custom-Golf-Shirt_2.jpg?v=1710593597,https://cdn.shopify.com/s/files/1/0626/0421/4428/products/Golf-Argyle-Pattern-Vintage-Style-For-Golf-Lovers-Gift-For-Men-Custom-Golf-Shirt_3.jpg?v=1710593597,https://cdn.shopify.com/s/files/1/0626/0421/4428/products/Golf-Argyle-Pattern-Vintage-Style-For-Golf-Lovers-Gift-For-Men-Custom-Golf-Shirt_4.jpg?v=1710593597,https://cdn.shopify.com/s/files/1/0626/0421/4428/products/Golf-Argyle-Pattern-Vintage-Style-For-Golf-Lovers-Gift-For-Men-Custom-Golf-Shirt_5.jpg?v=1710593597,https://cdn.shopify.com/s/files/1/0626/0421/4428/products/Golf-Argyle-Pattern-Vintage-Style-For-Golf-Lovers-Gift-For-Men-Custom-Golf-Shirt_6.jpg?v=1710593597",,,,,,,,,0,Style,All-over Print Polo Shirt,0,1,All-over Print Polo Shirt,Size,"S,M,L,XL,2XL,3XL,4XL,5XL",0,1,S,,,,,,
,variation,,Golf Argyle Pattern Vintage Style For Golf Lovers Gift For Men - Custom Golf Shirt,1,0,visible,,,,,taxable,parent,1,,,,0,,,,,0,,,32.95,,,,https://cdn.shopify.com/s/files/1/0626/0421/4428/products/Golf-Argyle-Pattern-Vintage-Style-For-Golf-Lovers-Gift-For-Men-Custom-Golf-Shirt_1.jpg?v=1710593597,,,7.90371E+12,,,,,,1,Style,All-over Print Polo Shirt,,1,,Size,S,,1,,,,,,,
,variation,,Golf Argyle Pattern Vintage Style For Golf Lovers Gift For Men - Custom Golf Shirt,1,0,visible,,,,,taxable,parent,1,,,,0,,,,,0,,,34.95,,,,https://cdn.shopify.com/s/files/1/0626/0421/4428/products/Golf-Argyle-Pattern-Vintage-Style-For-Golf-Lovers-Gift-For-Men-Custom-Golf-Shirt_1.jpg?v=1710593597,,,7.90371E+12,,,,,,2,Style,All-over Print Polo Shirt,,1,,Size,M,,1,,,,,,,
,variation,,Golf Argyle Pattern Vintage Style For Golf Lovers Gift For Men - Custom Golf Shirt,1,0,visible,,,,,taxable,parent,1,,,,0,,,,,0,,,36.95,,,,https://cdn.shopify.com/s/files/1/0626/0421/4428/products/Golf-Argyle-Pattern-Vintage-Style-For-Golf-Lovers-Gift-For-Men-Custom-Golf-Shirt_1.jpg?v=1710593597,,,7.90371E+12,,,,,,3,Style,All-over Print Polo Shirt,,1,,Size,L,,1,,,,,,,
,variation,,Golf Argyle Pattern Vintage Style For Golf Lovers Gift For Men - Custom Golf Shirt,1,0,visible,,,,,taxable,parent,1,,,,0,,,,,0,,,38.95,,,,https://cdn.shopify.com/s/files/1/0626/0421/4428/products/Golf-Argyle-Pattern-Vintage-Style-For-Golf-Lovers-Gift-For-Men-Custom-Golf-Shirt_1.jpg?v=1710593597,,,7.90371E+12,,,,,,4,Style,All-over Print Polo Shirt,,1,,Size,XL,,1,,,,,,,
,variation,,Golf Argyle Pattern Vintage Style For Golf Lovers Gift For Men - Custom Golf Shirt,1,0,visible,,,,,taxable,parent,1,,,,0,,,,,0,,,38.95,,,,https://cdn.shopify.com/s/files/1/0626/0421/4428/products/Golf-Argyle-Pattern-Vintage-Style-For-Golf-Lovers-Gift-For-Men-Custom-Golf-Shirt_1.jpg?v=1710593597,,,7.90371E+12,,,,,,5,Style,All-over Print Polo Shirt,,1,,Size,2XL,,1,,,,,,,
,variation,,Golf Argyle Pattern Vintage Style For Golf Lovers Gift For Men - Custom Golf Shirt,1,0,visible,,,,,taxable,parent,1,,,,0,,,,,0,,,40.95,,,,https://cdn.shopify.com/s/files/1/0626/0421/4428/products/Golf-Argyle-Pattern-Vintage-Style-For-Golf-Lovers-Gift-For-Men-Custom-Golf-Shirt_1.jpg?v=1710593597,,,7.90371E+12,,,,,,6,Style,All-over Print Polo Shirt,,1,,Size,3XL,,1,,,,,,,
,variation,,Golf Argyle Pattern Vintage Style For Golf Lovers Gift For Men - Custom Golf Shirt,1,0,visible,,,,,taxable,parent,1,,,,0,,,,,0,,,42.95,,,,https://cdn.shopify.com/s/files/1/0626/0421/4428/products/Golf-Argyle-Pattern-Vintage-Style-For-Golf-Lovers-Gift-For-Men-Custom-Golf-Shirt_1.jpg?v=1710593597,,,7.90371E+12,,,,,,7,Style,All-over Print Polo Shirt,,1,,Size,4XL,,1,,,,,,,
,variation,,Golf Argyle Pattern Vintage Style For Golf Lovers Gift For Men - Custom Golf Shirt,1,0,visible,,,,,taxable,parent,1,,,,0,,,,,0,,,42.95,,,,https://cdn.shopify.com/s/files/1/0626/0421/4428/products/Golf-Argyle-Pattern-Vintage-Style-For-Golf-Lovers-Gift-For-Men-Custom-Golf-Shirt_1.jpg?v=1710593597,,,7.90371E+12,,,,,,8,Style,All-over Print Polo Shirt,,1,,Size,5XL,,1,,,,,,,
,variable,,Best Dad By Par Golf Polo Gift For Golf Dad - Custom Golf Shirt,1,0,visible,,"<div data-id=""07918756694720521"">
<div data-id=""07918756694720521"">
<div data-id=""07918756694720521"">
<div data-block-id=""block-75b37e0f-bdf4-4222-93a2-33cba27c8b52"" class=""ql-block"">
<div class=""ql-block"" data-block-id=""block-7c6e9a7e-f4b9-447a-a1fd-b1664992b1ac"" data-mce-fragment=""1"">
<div data-block-id=""block-b9605d8a-252d-4558-850f-1e123cb90be1"" class=""ql-block"">
<div data-block-id=""block-9d14a48a-e444-4a73-bc49-d14ef0813b99"" class=""ql-block"">
<div data-block-id=""block-b2a93716-ac2d-43fc-bac3-d4f28f5ebcea"" class=""ql-block"">
<div data-block-id=""block-4cb001e1-41ad-4900-a83e-5056494b3173"" class=""ql-block"">Embrace the everyday love for Dad with our ""Best Dad By Par"" Custom Golf Shirt. This unique and heartfelt shirt goes beyond the traditional Father's Day gift, expressing continuous appreciation for the wonderful dad in your life.<br><br>This golf polo shirt becomes a meaningful and personalized gift for Dad. The thoughtful message and unique design make it a perfect expression of love, gratitude, and admiration. The polo shirt is crafted not only to be a garment but a statement piece that Dad can wear proudly, knowing he is cherished every single day.<br><br>Ideal for Father's Day, birthdays, or any occasion where you want to show your love, this custom polo shirt adds a personal touch to your gift-giving. Dad can wear it with pride, knowing that his role as a father is celebrated daily.<br><br>Surprise Dad with a gift that transcends the calendar – a token of your love that he can wear proudly and feel appreciated every time he puts it on. The ""Dear Dad, Forget Father's Day, We Love You Every Day"" Custom Polo Shirt is a heartfelt reminder of the enduring love and gratitude you hold for the extraordinary dad in your life.<br><br><strong>MESSAGE:</strong><br><br>Perfect Gift For Dad, Husband.<br><br>
</div>
</div>
</div>
</div>
</div>
</div>
<p data-mce-style=""text-align: left;""><strong>PRODUCT DETAILS:</strong></p>
</div>
</div>
</div>
<div data-id=""07918756694720521"">
<div data-id=""07918756694720521"">
<ul>
<li>Material: Bird-eye pique fabric with 3-5% Spandex – Lightweight, breathable, moisture-wicking, stretchable quick-drying fabric that is comfortable to wear as a casual or activewear outfit.</li>
<li>Regular fit allows you to move freely and conveniently.</li>
<li>Pull-on closure with 3-button placket – Classic Polo style yet comfortable to put on and take off.</li>
<li>Double-stitch hems for durability.</li>
<li>Sublimation printing creates vibrant and clear prints on the fabric which won’t come off.</li>
</ul>
</div>
</div>
<div data-id=""07918756694720521"">
<ul></ul>
</div>
<style type=""text/css""><!--
br {mso-data-placement:same-cell;}
--></style>
<style type=""text/css""><!--
br {mso-data-placement:same-cell;}
--></style>
<style type=""text/css""><!--
br {mso-data-placement:same-cell;}
--></style>",,,taxable,,1,,,0,0,,,,,1,,,,Polo Shirt,,,"https://cdn.shopify.com/s/files/1/0626/0421/4428/products/Best-Dad-By-Par-Golf-Polo-Gift-For-Golf-Dad-Custom-Golf-Shirt_1.jpg?v=1710593773,https://cdn.shopify.com/s/files/1/0626/0421/4428/products/Best-Dad-By-Par-Golf-Polo-Gift-For-Golf-Dad-Custom-Golf-Shirt_2.jpg?v=1710593773,https://cdn.shopify.com/s/files/1/0626/0421/4428/products/Best-Dad-By-Par-Golf-Polo-Gift-For-Golf-Dad-Custom-Golf-Shirt_3.jpg?v=1710593773,https://cdn.shopify.com/s/files/1/0626/0421/4428/products/Best-Dad-By-Par-Golf-Polo-Gift-For-Golf-Dad-Custom-Golf-Shirt_4.jpg?v=1710593773,https://cdn.shopify.com/s/files/1/0626/0421/4428/products/Best-Dad-By-Par-Golf-Polo-Gift-For-Golf-Dad-Custom-Golf-Shirt_5.jpg?v=1710593773",,,,,,,,,0,Style,All-over Print Polo Shirt,0,1,All-over Print Polo Shirt,Size,"S,M,L,XL,2XL,3XL,4XL,5XL",0,1,S,,,,,,
,variation,,Best Dad By Par Golf Polo Gift For Golf Dad - Custom Golf Shirt,1,0,visible,,,,,taxable,parent,1,,,,0,,,,,0,,,32.95,,,,https://cdn.shopify.com/s/files/1/0626/0421/4428/products/Best-Dad-By-Par-Golf-Polo-Gift-For-Golf-Dad-Custom-Golf-Shirt_1.jpg?v=1710593773,,,7.90371E+12,,,,,,1,Style,All-over Print Polo Shirt,,1,,Size,S,,1,,,,,,,
,variation,,Best Dad By Par Golf Polo Gift For Golf Dad - Custom Golf Shirt,1,0,visible,,,,,taxable,parent,1,,,,0,,,,,0,,,34.95,,,,https://cdn.shopify.com/s/files/1/0626/0421/4428/products/Best-Dad-By-Par-Golf-Polo-Gift-For-Golf-Dad-Custom-Golf-Shirt_1.jpg?v=1710593773,,,7.90371E+12,,,,,,2,Style,All-over Print Polo Shirt,,1,,Size,M,,1,,,,,,,
,variation,,Best Dad By Par Golf Polo Gift For Golf Dad - Custom Golf Shirt,1,0,visible,,,,,taxable,parent,1,,,,0,,,,,0,,,36.95,,,,https://cdn.shopify.com/s/files/1/0626/0421/4428/products/Best-Dad-By-Par-Golf-Polo-Gift-For-Golf-Dad-Custom-Golf-Shirt_1.jpg?v=1710593773,,,7.90371E+12,,,,,,3,Style,All-over Print Polo Shirt,,1,,Size,L,,1,,,,,,,
,variation,,Best Dad By Par Golf Polo Gift For Golf Dad - Custom Golf Shirt,1,0,visible,,,,,taxable,parent,1,,,,0,,,,,0,,,38.95,,,,https://cdn.shopify.com/s/files/1/0626/0421/4428/products/Best-Dad-By-Par-Golf-Polo-Gift-For-Golf-Dad-Custom-Golf-Shirt_1.jpg?v=1710593773,,,7.90371E+12,,,,,,4,Style,All-over Print Polo Shirt,,1,,Size,XL,,1,,,,,,,
,variation,,Best Dad By Par Golf Polo Gift For Golf Dad - Custom Golf Shirt,1,0,visible,,,,,taxable,parent,1,,,,0,,,,,0,,,38.95,,,,https://cdn.shopify.com/s/files/1/0626/0421/4428/products/Best-Dad-By-Par-Golf-Polo-Gift-For-Golf-Dad-Custom-Golf-Shirt_1.jpg?v=1710593773,,,7.90371E+12,,,,,,5,Style,All-over Print Polo Shirt,,1,,Size,2XL,,1,,,,,,,
,variation,,Best Dad By Par Golf Polo Gift For Golf Dad - Custom Golf Shirt,1,0,visible,,,,,taxable,parent,1,,,,0,,,,,0,,,40.95,,,,https://cdn.shopify.com/s/files/1/0626/0421/4428/products/Best-Dad-By-Par-Golf-Polo-Gift-For-Golf-Dad-Custom-Golf-Shirt_1.jpg?v=1710593773,,,7.90371E+12,,,,,,6,Style,All-over Print Polo Shirt,,1,,Size,3XL,,1,,,,,,,
,variation,,Best Dad By Par Golf Polo Gift For Golf Dad - Custom Golf Shirt,1,0,visible,,,,,taxable,parent,1,,,,0,,,,,0,,,42.95,,,,https://cdn.shopify.com/s/files/1/0626/0421/4428/products/Best-Dad-By-Par-Golf-Polo-Gift-For-Golf-Dad-Custom-Golf-Shirt_1.jpg?v=1710593773,,,7.90371E+12,,,,,,7,Style,All-over Print Polo Shirt,,1,,Size,4XL,,1,,,,,,,
,variation,,Best Dad By Par Golf Polo Gift For Golf Dad - Custom Golf Shirt,1,0,visible,,,,,taxable,parent,1,,,,0,,,,,0,,,42.95,,,,https://cdn.shopify.com/s/files/1/0626/0421/4428/products/Best-Dad-By-Par-Golf-Polo-Gift-For-Golf-Dad-Custom-Golf-Shirt_1.jpg?v=1710593773,,,7.90371E+12,,,,,,8,Style,All-over Print Polo Shirt,,1,,Size,5XL,,1,,,,,,,
,variable,,Custom Name Golf Ball Pattern Line Vintage Style For Golf Lovers - Custom Golf Shirt,1,0,visible,,"<div data-id=""07918756694720521"">
<div data-id=""07918756694720521"">
<div data-id=""07918756694720521"">
<div data-block-id=""block-75b37e0f-bdf4-4222-93a2-33cba27c8b52"" class=""ql-block"">
<div class=""ql-block"" data-block-id=""block-7c6e9a7e-f4b9-447a-a1fd-b1664992b1ac"" data-mce-fragment=""1"">
<div data-block-id=""block-b9605d8a-252d-4558-850f-1e123cb90be1"" class=""ql-block"">
<div data-block-id=""block-9d14a48a-e444-4a73-bc49-d14ef0813b99"" class=""ql-block"">
<div data-block-id=""block-b2a93716-ac2d-43fc-bac3-d4f28f5ebcea"" class=""ql-block"">
<div data-block-id=""block-4cb001e1-41ad-4900-a83e-5056494b3173"" class=""ql-block"">Elevate the golfing experience for the distinguished man in your life with our Custom Golf Shirt – an impeccable gift for men, especially tailored for golf-loving dads. Crafted for both style and performance, these polo shirts feature a sleek design and a comfortable fit, ensuring a seamless transition from the course to casual outings.</div>
<div data-block-id=""block-1aa45908-f032-404f-8851-3f25d5ec4c79"" class=""ql-block"">Personalize the shirt with the recipient's name, adding a touch of individuality to their golfing attire. This thoughtful customization transforms the shirt into a unique and cherished piece for the avid golfer.</div>
<p data-block-id=""block-c86b30b5-334a-4f9c-b45d-3e4b82ce0969"" class=""ql-block"">Ideal for Father's Day or any special occasion, our Custom Golf Shirt blends fashion and passion for the perfect gift. Whether hitting the links or enjoying a day out, this personalized polo shirt caters to the discerning tastes of golf enthusiasts. Celebrate the golf-loving dad in your life with a gift that marries style, comfort, and a personalized touch on and off the fairway.</p>
</div>
</div>
</div>
</div>
</div>
<p data-mce-style=""text-align: left;""><strong>PRODUCT DETAILS:</strong></p>
</div>
</div>
</div>
<div data-id=""07918756694720521"">
<div data-id=""07918756694720521"">
<ul>
<li>Material: Bird-eye pique fabric with 3-5% Spandex – Lightweight, breathable, moisture-wicking, stretchable quick-drying fabric that is comfortable to wear as a casual or activewear outfit.</li>
<li>Regular fit allows you to move freely and conveniently.</li>
<li>Pull-on closure with 3-button placket – Classic Polo style yet comfortable to put on and take off.</li>
<li>Double-stitch hems for durability.</li>
<li>Sublimation printing creates vibrant and clear prints on the fabric which won’t come off.</li>
</ul>
</div>
</div>
<div data-id=""07918756694720521"">
<ul></ul>
</div>
<style type=""text/css""><!--
br {mso-data-placement:same-cell;}
--></style>
<style type=""text/css""><!--
br {mso-data-placement:same-cell;}
--></style>
<style type=""text/css""><!--
br {mso-data-placement:same-cell;}
--></style>",,,taxable,,1,,,0,0,,,,,1,,,,Polo Shirt,,,"https://cdn.shopify.com/s/files/1/0626/0421/4428/products/Custom-Name-Golf-Ball-Pattern-Line-Vintage-Style-For-Golf-Lovers-Custom-Golf-Shirt_1.jpg?v=1710593791,https://cdn.shopify.com/s/files/1/0626/0421/4428/products/Custom-Name-Golf-Ball-Pattern-Line-Vintage-Style-For-Golf-Lovers-Custom-Golf-Shirt_2.jpg?v=1710593791,https://cdn.shopify.com/s/files/1/0626/0421/4428/products/Custom-Name-Golf-Ball-Pattern-Line-Vintage-Style-For-Golf-Lovers-Custom-Golf-Shirt_3.jpg?v=1710593791,https://cdn.shopify.com/s/files/1/0626/0421/4428/products/Custom-Name-Golf-Ball-Pattern-Line-Vintage-Style-For-Golf-Lovers-Custom-Golf-Shirt_4.jpg?v=1710593791,https://cdn.shopify.com/s/files/1/0626/0421/4428/products/Custom-Name-Golf-Ball-Pattern-Line-Vintage-Style-For-Golf-Lovers-Custom-Golf-Shirt_5.jpg?v=1710593791,https://cdn.shopify.com/s/files/1/0626/0421/4428/products/Custom-Name-Golf-Ball-Pattern-Line-Vintage-Style-For-Golf-Lovers-Custom-Golf-Shirt_6.jpg?v=1710593791",,,,,,,,,0,Style,All-over Print Polo Shirt,0,1,All-over Print Polo Shirt,Size,"S,M,L,XL,2XL,3XL,4XL,5XL",0,1,S,,,,,,
,variation,,Custom Name Golf Ball Pattern Line Vintage Style For Golf Lovers - Custom Golf Shirt,1,0,visible,,,,,taxable,parent,1,,,,0,,,,,0,,,32.95,,,,https://cdn.shopify.com/s/files/1/0626/0421/4428/products/Custom-Name-Golf-Ball-Pattern-Line-Vintage-Style-For-Golf-Lovers-Custom-Golf-Shirt_1.jpg?v=1710593791,,,7.90371E+12,,,,,,1,Style,All-over Print Polo Shirt,,1,,Size,S,,1,,,,,,,
,variation,,Custom Name Golf Ball Pattern Line Vintage Style For Golf Lovers - Custom Golf Shirt,1,0,visible,,,,,taxable,parent,1,,,,0,,,,,0,,,34.95,,,,https://cdn.shopify.com/s/files/1/0626/0421/4428/products/Custom-Name-Golf-Ball-Pattern-Line-Vintage-Style-For-Golf-Lovers-Custom-Golf-Shirt_1.jpg?v=1710593791,,,7.90371E+12,,,,,,2,Style,All-over Print Polo Shirt,,1,,Size,M,,1,,,,,,,
,variation,,Custom Name Golf Ball Pattern Line Vintage Style For Golf Lovers - Custom Golf Shirt,1,0,visible,,,,,taxable,parent,1,,,,0,,,,,0,,,36.95,,,,https://cdn.shopify.com/s/files/1/0626/0421/4428/products/Custom-Name-Golf-Ball-Pattern-Line-Vintage-Style-For-Golf-Lovers-Custom-Golf-Shirt_1.jpg?v=1710593791,,,7.90371E+12,,,,,,3,Style,All-over Print Polo Shirt,,1,,Size,L,,1,,,,,,,
,variation,,Custom Name Golf Ball Pattern Line Vintage Style For Golf Lovers - Custom Golf Shirt,1,0,visible,,,,,taxable,parent,1,,,,0,,,,,0,,,38.95,,,,https://cdn.shopify.com/s/files/1/0626/0421/4428/products/Custom-Name-Golf-Ball-Pattern-Line-Vintage-Style-For-Golf-Lovers-Custom-Golf-Shirt_1.jpg?v=1710593791,,,7.90371E+12,,,,,,4,Style,All-over Print Polo Shirt,,1,,Size,XL,,1,,,,,,,
,variation,,Custom Name Golf Ball Pattern Line Vintage Style For Golf Lovers - Custom Golf Shirt,1,0,visible,,,,,taxable,parent,1,,,,0,,,,,0,,,38.95,,,,https://cdn.shopify.com/s/files/1/0626/0421/4428/products/Custom-Name-Golf-Ball-Pattern-Line-Vintage-Style-For-Golf-Lovers-Custom-Golf-Shirt_1.jpg?v=1710593791,,,7.90371E+12,,,,,,5,Style,All-over Print Polo Shirt,,1,,Size,2XL,,1,,,,,,,
,variation,,Custom Name Golf Ball Pattern Line Vintage Style For Golf Lovers - Custom Golf Shirt,1,0,visible,,,,,taxable,parent,1,,,,0,,,,,0,,,40.95,,,,https://cdn.shopify.com/s/files/1/0626/0421/4428/products/Custom-Name-Golf-Ball-Pattern-Line-Vintage-Style-For-Golf-Lovers-Custom-Golf-Shirt_1.jpg?v=1710593791,,,7.90371E+12,,,,,,6,Style,All-over Print Polo Shirt,,1,,Size,3XL,,1,,,,,,,
,variation,,Custom Name Golf Ball Pattern Line Vintage Style For Golf Lovers - Custom Golf Shirt,1,0,visible,,,,,taxable,parent,1,,,,0,,,,,0,,,42.95,,,,https://cdn.shopify.com/s/files/1/0626/0421/4428/products/Custom-Name-Golf-Ball-Pattern-Line-Vintage-Style-For-Golf-Lovers-Custom-Golf-Shirt_1.jpg?v=1710593791,,,7.90371E+12,,,,,,7,Style,All-over Print Polo Shirt,,1,,Size,4XL,,1,,,,,,,
,variation,,Custom Name Golf Ball Pattern Line Vintage Style For Golf Lovers - Custom Golf Shirt,1,0,visible,,,,,taxable,parent,1,,,,0,,,,,0,,,42.95,,,,https://cdn.shopify.com/s/files/1/0626/0421/4428/products/Custom-Name-Golf-Ball-Pattern-Line-Vintage-Style-For-Golf-Lovers-Custom-Golf-Shirt_1.jpg?v=1710593791,,,7.90371E+12,,,,,,8,Style,All-over Print Polo Shirt,,1,,Size,5XL,,1,,,,,,,
,variable,,May The Course Be With You Daddy - Custom Faces - Personalized Photo Polo Shirt,1,0,visible,,"<div data-id=""07918756694720521"">
<div data-id=""07918756694720521"">
<div data-id=""07918756694720521"">
<div data-block-id=""block-75b37e0f-bdf4-4222-93a2-33cba27c8b52"">
<div data-block-id=""block-7c6e9a7e-f4b9-447a-a1fd-b1664992b1ac"">
<div data-block-id=""block-b9605d8a-252d-4558-850f-1e123cb90be1"">
<div data-block-id=""block-9d14a48a-e444-4a73-bc49-d14ef0813b99"">
<div data-block-id=""block-b2a93716-ac2d-43fc-bac3-d4f28f5ebcea"">
<div data-block-id=""block-531f25f6-8aab-49c5-8f92-df38f15bfd0c"">
<div data-line=""true"" data-line-index=""0"" data-zone-id=""0"">
<div data-line=""true"" data-line-index=""1"" data-zone-id=""0"">
<div data-line=""true"" data-line-index=""1"" data-zone-id=""0"">
<div data-line=""true"" data-line-index=""0"" data-zone-id=""0"">
<div data-line=""true"" data-line-index=""0"" data-zone-id=""0"">
<div data-zone-id=""0"" data-line-index=""0"" data-line=""true"">
<div data-zone-id=""0"" data-line-index=""0"" data-line=""true"">
<div data-zone-id=""0"" data-line-index=""0"" data-line=""true"">
<div data-zone-id=""0"" data-line-index=""0"" data-line=""true"">
<div data-zone-id=""0"" data-line-index=""0"" data-line=""true"">Keep your beloved dad stylish and on-trend with our personalized photo polo shirt. Designed with family in mind, this unique shirt is perfect for your dad who means the world to you. Simply upload your favorite photo to transform this polo shirt into a cherished keepsake that reflects the special bond between you and your dad. It's an ideal gift for special occasions like Father's Day, birthdays, or anniversaries, and also a lovely surprise just because. It truly does make the perfect gift for any occasion!</div>
<div data-zone-id=""0"" data-line-index=""1"" data-line=""true""><br></div>
<div data-zone-id=""0"" data-line-index=""2"" data-line=""true"">This polo shirt embodies the sentiment expressed by the teasing phrase, May the Course Be With You, Daddy. It's a subtle way to remind him that even when you're part and parcel of his golfing adventures, your love and support are with him. Gifting this polo shirt to your dad offers a heartwarming way to enjoy and remember those special family moments. Don't wait, order this personalized photo polo shirt for your dad today. Show him just how much he means to you!</div>
</div>
<br><strong>MESSAGE: </strong>May The Course Be With You Daddy.</div>
</div>
</div>
</div>
</div>
</div>
</div>
</div>
</div>
</div>
</div>
</div>
</div>
<p data-block-id=""block-0cd9770c-cce7-4d52-8647-3056a6c76c13""><br><strong>PRODUCT DETAILS:</strong></p>
</div>
</div>
</div>
</div>
<div data-id=""07918756694720521"">
<div data-id=""07918756694720521"">
<ul>
<li>Material: Bird-eye pique fabric with 3-5% Spandex – Lightweight, breathable, moisture-wicking, stretchable quick-drying fabric that is comfortable to wear as a casual or activewear outfit.</li>
<li>Regular fit allows you to move freely and conveniently.</li>
<li>Pull-on closure with 3-button placket – Classic Polo style yet comfortable to put on and take off.</li>
<li>Double-stitch hems for durability.</li>
<li>Sublimation printing creates vibrant and clear prints on the fabric which won’t come off.</li>
</ul>
</div>
</div>",,,taxable,,1,,,0,0,,,,,1,,,,Polo Shirt,,,"https://cdn.shopify.com/s/files/1/0626/0421/4428/files/May-The-Course-Be-With-You-Daddy-Custom-Faces-Personalized-Photo-Polo-Shirt_1.jpg?v=1746519620,https://cdn.shopify.com/s/files/1/0626/0421/4428/files/May-The-Course-Be-With-You-Daddy-Custom-Faces-Personalized-Photo-Polo-Shirt_2.jpg?v=1746519621,https://cdn.shopify.com/s/files/1/0626/0421/4428/files/Macorner-Cut-Face-Photo-Guidelines.png?v=1758249178,https://cdn.shopify.com/s/files/1/0626/0421/4428/files/May-The-Course-Be-With-You-Daddy-Custom-Faces-Personalized-Photo-Polo-Shirt_3.jpg?v=1746519669,https://cdn.shopify.com/s/files/1/0626/0421/4428/files/May-The-Course-Be-With-You-Daddy-Custom-Faces-Personalized-Photo-Polo-Shirt_4.jpg?v=1746519669,https://cdn.shopify.com/s/files/1/0626/0421/4428/files/May-The-Course-Be-With-You-Daddy-Custom-Faces-Personalized-Photo-Polo-Shirt_5.jpg?v=1746519669,https://cdn.shopify.com/s/files/1/0626/0421/4428/files/May-The-Course-Be-With-You-Daddy-Custom-Faces-Personalized-Photo-Polo-Shirt_6.jpg?v=1746519669",,,,,,,,,0,Style,All-over Print Polo Shirt,0,1,All-over Print Polo Shirt,Size,"S,M,L,XL,2XL,3XL,4XL,5XL",0,1,S,,,,,,
,variation,,May The Course Be With You Daddy - Custom Faces - Personalized Photo Polo Shirt,1,0,visible,,,,,taxable,parent,1,,,,0,,,,,0,,,32.95,,,,https://cdn.shopify.com/s/files/1/0626/0421/4428/files/May-The-Course-Be-With-You-Daddy-Custom-Faces-Personalized-Photo-Polo-Shirt_1.jpg?v=1746519620,,,8.4193E+12,,,,,,1,Style,All-over Print Polo Shirt,,1,,Size,S,,1,,,,,,,
,variation,,May The Course Be With You Daddy - Custom Faces - Personalized Photo Polo Shirt,1,0,visible,,,,,taxable,parent,1,,,,0,,,,,0,,,34.95,,,,https://cdn.shopify.com/s/files/1/0626/0421/4428/files/May-The-Course-Be-With-You-Daddy-Custom-Faces-Personalized-Photo-Polo-Shirt_1.jpg?v=1746519620,,,8.4193E+12,,,,,,2,Style,All-over Print Polo Shirt,,1,,Size,M,,1,,,,,,,
,variation,,May The Course Be With You Daddy - Custom Faces - Personalized Photo Polo Shirt,1,0,visible,,,,,taxable,parent,1,,,,0,,,,,0,,,36.95,,,,https://cdn.shopify.com/s/files/1/0626/0421/4428/files/May-The-Course-Be-With-You-Daddy-Custom-Faces-Personalized-Photo-Polo-Shirt_1.jpg?v=1746519620,,,8.4193E+12,,,,,,3,Style,All-over Print Polo Shirt,,1,,Size,L,,1,,,,,,,
,variation,,May The Course Be With You Daddy - Custom Faces - Personalized Photo Polo Shirt,1,0,visible,,,,,taxable,parent,1,,,,0,,,,,0,,,38.95,,,,https://cdn.shopify.com/s/files/1/0626/0421/4428/files/May-The-Course-Be-With-You-Daddy-Custom-Faces-Personalized-Photo-Polo-Shirt_1.jpg?v=1746519620,,,8.4193E+12,,,,,,4,Style,All-over Print Polo Shirt,,1,,Size,XL,,1,,,,,,,
,variation,,May The Course Be With You Daddy - Custom Faces - Personalized Photo Polo Shirt,1,0,visible,,,,,taxable,parent,1,,,,0,,,,,0,,,38.95,,,,https://cdn.shopify.com/s/files/1/0626/0421/4428/files/May-The-Course-Be-With-You-Daddy-Custom-Faces-Personalized-Photo-Polo-Shirt_1.jpg?v=1746519620,,,8.4193E+12,,,,,,5,Style,All-over Print Polo Shirt,,1,,Size,2XL,,1,,,,,,,
,variation,,May The Course Be With You Daddy - Custom Faces - Personalized Photo Polo Shirt,1,0,visible,,,,,taxable,parent,1,,,,0,,,,,0,,,40.95,,,,https://cdn.shopify.com/s/files/1/0626/0421/4428/files/May-The-Course-Be-With-You-Daddy-Custom-Faces-Personalized-Photo-Polo-Shirt_1.jpg?v=1746519620,,,8.4193E+12,,,,,,6,Style,All-over Print Polo Shirt,,1,,Size,3XL,,1,,,,,,,
,variation,,May The Course Be With You Daddy - Custom Faces - Personalized Photo Polo Shirt,1,0,visible,,,,,taxable,parent,1,,,,0,,,,,0,,,42.95,,,,https://cdn.shopify.com/s/files/1/0626/0421/4428/files/May-The-Course-Be-With-You-Daddy-Custom-Faces-Personalized-Photo-Polo-Shirt_1.jpg?v=1746519620,,,8.4193E+12,,,,,,7,Style,All-over Print Polo Shirt,,1,,Size,4XL,,1,,,,,,,
,variation,,May The Course Be With You Daddy - Custom Faces - Personalized Photo Polo Shirt,1,0,visible,,,,,taxable,parent,1,,,,0,,,,,0,,,42.95,,,,https://cdn.shopify.com/s/files/1/0626/0421/4428/files/May-The-Course-Be-With-You-Daddy-Custom-Faces-Personalized-Photo-Polo-Shirt_1.jpg?v=1746519620,,,8.4193E+12,,,,,,8,Style,All-over Print Polo Shirt,,1,,Size,5XL,,1,,,,,,,
,variable,,Best Buckin' Dad Ever - Personalized Photo Polo Shirt,1,0,visible,,"<div data-id=""07918756694720521"">
<div data-id=""07918756694720521"">
<div data-id=""07918756694720521"">
<div data-block-id=""block-75b37e0f-bdf4-4222-93a2-33cba27c8b52"">
<div data-block-id=""block-7c6e9a7e-f4b9-447a-a1fd-b1664992b1ac"" data-mce-fragment=""1"">
<div data-block-id=""block-b9605d8a-252d-4558-850f-1e123cb90be1"">
<div data-block-id=""block-9d14a48a-e444-4a73-bc49-d14ef0813b99"">
<div data-block-id=""block-b2a93716-ac2d-43fc-bac3-d4f28f5ebcea"">
<div data-block-id=""block-531f25f6-8aab-49c5-8f92-df38f15bfd0c"">
<div data-zone-id=""0"" data-line-index=""0"" data-line=""true"">
<div data-zone-id=""0"" data-line-index=""1"" data-line=""true"">
<div data-zone-id=""0"" data-line-index=""1"" data-line=""true"">
<div data-line=""true"" data-line-index=""0"" data-zone-id=""0"">
<div data-line=""true"" data-line-index=""0"" data-zone-id=""0"">
<div data-line=""true"" data-line-index=""1"" data-zone-id=""0"">Looking for the perfect Father's Day gift for the hunting enthusiast in your life? Our personalized photo polo shirt is a great choice! Customize this high-quality polo shirt with a photo and the playful message ""Best Buckin' Dad Ever"" to make it truly unique. Whether he's out in the woods, tracking game, or sharing hunting stories with friends, this custom polo shirt will make him stand out and feel extra special. It's a thoughtful and humorous gift that celebrates his love for hunting and shows him how much you appreciate him. Make this Father's Day unforgettable with this personalized and heartfelt gift!</div>
</div>
</div>
</div>
</div>
</div>
</div>
</div>
</div>
</div>
</div>
<p data-block-id=""block-0cd9770c-cce7-4d52-8647-3056a6c76c13""><br><strong>MESSAGE: </strong>Best buckin' dad ever.</p>
<div data-zone-id=""0"" data-line-index=""2"" data-line=""true""><br></div>
<div data-block-id=""block-3ea9d97d-e266-4f15-8c6f-67d8d1330007"">
<strong> PRODUCT DETAILS:</strong><br>
</div>
</div>
</div>
</div>
</div>
<div data-id=""07918756694720521"">
<div data-id=""07918756694720521"">
<ul>
<li>Material: Bird-eye pique fabric with 3-5% Spandex – Lightweight, breathable, moisture-wicking, stretchable quick-drying fabric that is comfortable to wear as a casual or activewear outfit.</li>
<li>Regular fit allows you to move freely and conveniently.</li>
<li>Pull-on closure with 3-button placket – Classic Polo style yet comfortable to put on and take off.</li>
<li>Double-stitch hems for durability.</li>
<li>Sublimation printing creates vibrant and clear prints on the fabric which won’t come off.</li>
</ul>
</div>
</div>
<style type=""text/css""><!--
br {mso-data-placement:same-cell;}
--></style>
<style type=""text/css""><!--
br {mso-data-placement:same-cell;}
--></style>
<style type=""text/css""><!--
br {mso-data-placement:same-cell;}
--></style>",,,taxable,,1,,,0,0,,,,,1,,,,Polo Shirt,,,"https://cdn.shopify.com/s/files/1/0626/0421/4428/files/Best-Buckin_-Dad-Ever-Personalized-Photo-Polo-Shirt_1.jpg?v=1718353192,https://cdn.shopify.com/s/files/1/0626/0421/4428/files/Best-Buckin_-Dad-Ever-Personalized-Photo-Polo-Shirt_1.5.jpg?v=1718353192,https://cdn.shopify.com/s/files/1/0626/0421/4428/files/tachd_u_47a8b6f8-6466-4d3f-b7d6-fbdab8012622.jpg?v=1718353192,https://cdn.shopify.com/s/files/1/0626/0421/4428/files/Best-Buckin_-Dad-Ever-Personalized-Photo-Polo-Shirt_2.jpg?v=1718353193,https://cdn.shopify.com/s/files/1/0626/0421/4428/files/Best-Buckin_-Dad-Ever-Personalized-Photo-Polo-Shirt_3.jpg?v=1718353193,https://cdn.shopify.com/s/files/1/0626/0421/4428/files/Best-Buckin_-Dad-Ever-Personalized-Photo-Polo-Shirt_3.3.jpg?v=1718353193,https://cdn.shopify.com/s/files/1/0626/0421/4428/files/Best-Buckin_-Dad-Ever-Personalized-Photo-Polo-Shirt_4.jpg?v=1718353193",,,,,,,,,0,Style,All-over Print Polo Shirt,0,1,All-over Print Polo Shirt,Size,"S,M,L,XL,2XL,3XL,4XL,5XL",0,1,S,,,,,,
,variation,,Best Buckin' Dad Ever - Personalized Photo Polo Shirt,1,0,visible,,,,,taxable,parent,1,,,,0,,,,,0,,,32.95,,,,https://cdn.shopify.com/s/files/1/0626/0421/4428/files/Best-Buckin_-Dad-Ever-Personalized-Photo-Polo-Shirt_1.jpg?v=1718353192,,,8.15126E+12,,,,,,1,Style,All-over Print Polo Shirt,,1,,Size,S,,1,,,,,,,
,variation,,Best Buckin' Dad Ever - Personalized Photo Polo Shirt,1,0,visible,,,,,taxable,parent,1,,,,0,,,,,0,,,34.95,,,,https://cdn.shopify.com/s/files/1/0626/0421/4428/files/Best-Buckin_-Dad-Ever-Personalized-Photo-Polo-Shirt_1.jpg?v=1718353192,,,8.15126E+12,,,,,,2,Style,All-over Print Polo Shirt,,1,,Size,M,,1,,,,,,,
,variation,,Best Buckin' Dad Ever - Personalized Photo Polo Shirt,1,0,visible,,,,,taxable,parent,1,,,,0,,,,,0,,,36.95,,,,https://cdn.shopify.com/s/files/1/0626/0421/4428/files/Best-Buckin_-Dad-Ever-Personalized-Photo-Polo-Shirt_1.jpg?v=1718353192,,,8.15126E+12,,,,,,3,Style,All-over Print Polo Shirt,,1,,Size,L,,1,,,,,,,
,variation,,Best Buckin' Dad Ever - Personalized Photo Polo Shirt,1,0,visible,,,,,taxable,parent,1,,,,0,,,,,0,,,38.95,,,,https://cdn.shopify.com/s/files/1/0626/0421/4428/files/Best-Buckin_-Dad-Ever-Personalized-Photo-Polo-Shirt_1.jpg?v=1718353192,,,8.15126E+12,,,,,,4,Style,All-over Print Polo Shirt,,1,,Size,XL,,1,,,,,,,
,variation,,Best Buckin' Dad Ever - Personalized Photo Polo Shirt,1,0,visible,,,,,taxable,parent,1,,,,0,,,,,0,,,38.95,,,,https://cdn.shopify.com/s/files/1/0626/0421/4428/files/Best-Buckin_-Dad-Ever-Personalized-Photo-Polo-Shirt_1.jpg?v=1718353192,,,8.15126E+12,,,,,,5,Style,All-over Print Polo Shirt,,1,,Size,2XL,,1,,,,,,,
,variation,,Best Buckin' Dad Ever - Personalized Photo Polo Shirt,1,0,visible,,,,,taxable,parent,1,,,,0,,,,,0,,,40.95,,,,https://cdn.shopify.com/s/files/1/0626/0421/4428/files/Best-Buckin_-Dad-Ever-Personalized-Photo-Polo-Shirt_1.jpg?v=1718353192,,,8.15126E+12,,,,,,6,Style,All-over Print Polo Shirt,,1,,Size,3XL,,1,,,,,,,
,variation,,Best Buckin' Dad Ever - Personalized Photo Polo Shirt,1,0,visible,,,,,taxable,parent,1,,,,0,,,,,0,,,42.95,,,,https://cdn.shopify.com/s/files/1/0626/0421/4428/files/Best-Buckin_-Dad-Ever-Personalized-Photo-Polo-Shirt_1.jpg?v=1718353192,,,8.15126E+12,,,,,,7,Style,All-over Print Polo Shirt,,1,,Size,4XL,,1,,,,,,,
,variation,,Best Buckin' Dad Ever - Personalized Photo Polo Shirt,1,0,visible,,,,,taxable,parent,1,,,,0,,,,,0,,,42.95,,,,https://cdn.shopify.com/s/files/1/0626/0421/4428/files/Best-Buckin_-Dad-Ever-Personalized-Photo-Polo-Shirt_1.jpg?v=1718353192,,,8.15126E+12,,,,,,8,Style,All-over Print Polo Shirt,,1,,Size,5XL,,1,,,,,,,
,variable,,Funny Breast Gifts For Him - Personalized Photo Polo Shirt,1,0,visible,,"<div data-id=""07918756694720521"">
<div data-id=""07918756694720521"">
<div data-id=""07918756694720521"">
<div data-block-id=""block-75b37e0f-bdf4-4222-93a2-33cba27c8b52"">
<div data-block-id=""block-7c6e9a7e-f4b9-447a-a1fd-b1664992b1ac"" data-mce-fragment=""1"">
<div data-block-id=""block-b9605d8a-252d-4558-850f-1e123cb90be1"">
<div data-block-id=""block-9d14a48a-e444-4a73-bc49-d14ef0813b99"">
<div data-block-id=""block-b2a93716-ac2d-43fc-bac3-d4f28f5ebcea"">
<div data-block-id=""block-531f25f6-8aab-49c5-8f92-df38f15bfd0c"">
<div data-zone-id=""0"" data-line-index=""0"" data-line=""true"">
<div data-zone-id=""0"" data-line-index=""1"" data-line=""true"">
<div data-zone-id=""0"" data-line-index=""1"" data-line=""true"">
<div data-line=""true"" data-line-index=""0"" data-zone-id=""0"">
<div data-zone-id=""0"" data-line-index=""0"" data-line=""true"">
<div data-zone-id=""0"" data-line-index=""0"" data-line=""true"">
<div data-zone-id=""0"" data-line-index=""0"" data-line=""true"">
<div data-zone-id=""0"" data-line-index=""0"" data-line=""true"">
<div data-zone-id=""0"" data-line-index=""0"" data-line=""true"">Treat your husband to his birthday gift he'll never forget. This custom Photo Polo Shirt is made especially for him and will be sure to get him in the mood to relax and enjoy golfing!<br><br><strong>PRODUCT DETAILS:</strong>
</div>
</div>
</div>
</div>
</div>
</div>
</div>
</div>
</div>
</div>
</div>
</div>
</div>
</div>
</div>
</div>
</div>
</div>
<div data-id=""07918756694720521"">
<div data-id=""07918756694720521"">
<ul>
<li>Material: Bird-eye pique fabric with 3-5% Spandex – Lightweight, breathable, moisture-wicking, stretchable quick-drying fabric that is comfortable to wear as a casual or activewear outfit.</li>
<li>Regular fit allows you to move freely and conveniently.</li>
<li>Pull-on closure with 3-button placket – Classic Polo style yet comfortable to put on and take off.</li>
<li>Double-stitch hems for durability.</li>
<li>Sublimation printing creates vibrant and clear prints on the fabric which won’t come off.</li>
</ul>
</div>
</div>
<style type=""text/css""><!--
br {mso-data-placement:same-cell;}
--></style>
<style type=""text/css""><!--
br {mso-data-placement:same-cell;}
--></style>
<style type=""text/css""><!--
br {mso-data-placement:same-cell;}
--></style>",,,taxable,,1,,,0,0,,,,,1,,,,Polo Shirt,,,"https://cdn.shopify.com/s/files/1/0626/0421/4428/files/Funny-Breast-Gifts-For-Him-Personalized-Photo-Polo-Shirt_1.jpg?v=1718344879,https://cdn.shopify.com/s/files/1/0626/0421/4428/files/Funny-Breast-Gifts-For-Him-Personalized-Photo-Polo-Shirt_2.jpg?v=1718344879,https://cdn.shopify.com/s/files/1/0626/0421/4428/files/tachd_u_a7629687-2b39-408f-9eb8-964ec8718fab.jpg?v=1718344879,https://cdn.shopify.com/s/files/1/0626/0421/4428/files/Funny-Breast-Gifts-For-Him-Personalized-Photo-Polo-Shirt_3.jpg?v=1718344879,https://cdn.shopify.com/s/files/1/0626/0421/4428/files/Funny-Breast-Gifts-For-Him-Personalized-Photo-Polo-Shirt_4.jpg?v=1718344879,https://cdn.shopify.com/s/files/1/0626/0421/4428/files/Funny-Breast-Gifts-For-Him-Personalized-Photo-Polo-Shirt_5.jpg?v=1718344880,https://cdn.shopify.com/s/files/1/0626/0421/4428/files/Funny-Breast-Gifts-For-Him-Personalized-Photo-Polo-Shirt_6.jpg?v=1718344880",,,,,,,,,0,Style,All-over Print Polo Shirt,0,1,All-over Print Polo Shirt,Size,"S,M,L,XL,2XL,3XL,4XL,5XL",0,1,S,,,,,,
,variation,,Funny Breast Gifts For Him - Personalized Photo Polo Shirt,1,0,visible,,,,,taxable,parent,1,,,,0,,,,,0,,,32.95,,,,https://cdn.shopify.com/s/files/1/0626/0421/4428/files/Funny-Breast-Gifts-For-Him-Personalized-Photo-Polo-Shirt_1.jpg?v=1718344879,,,8.15095E+12,,,,,,1,Style,All-over Print Polo Shirt,,1,,Size,S,,1,,,,,,,
,variation,,Funny Breast Gifts For Him - Personalized Photo Polo Shirt,1,0,visible,,,,,taxable,parent,1,,,,0,,,,,0,,,34.95,,,,https://cdn.shopify.com/s/files/1/0626/0421/4428/files/Funny-Breast-Gifts-For-Him-Personalized-Photo-Polo-Shirt_1.jpg?v=1718344879,,,8.15095E+12,,,,,,2,Style,All-over Print Polo Shirt,,1,,Size,M,,1,,,,,,,
,variation,,Funny Breast Gifts For Him - Personalized Photo Polo Shirt,1,0,visible,,,,,taxable,parent,1,,,,0,,,,,0,,,36.95,,,,https://cdn.shopify.com/s/files/1/0626/0421/4428/files/Funny-Breast-Gifts-For-Him-Personalized-Photo-Polo-Shirt_1.jpg?v=1718344879,,,8.15095E+12,,,,,,3,Style,All-over Print Polo Shirt,,1,,Size,L,,1,,,,,,,
,variation,,Funny Breast Gifts For Him - Personalized Photo Polo Shirt,1,0,visible,,,,,taxable,parent,1,,,,0,,,,,0,,,38.95,,,,https://cdn.shopify.com/s/files/1/0626/0421/4428/files/Funny-Breast-Gifts-For-Him-Personalized-Photo-Polo-Shirt_1.jpg?v=1718344879,,,8.15095E+12,,,,,,4,Style,All-over Print Polo Shirt,,1,,Size,XL,,1,,,,,,,
,variation,,Funny Breast Gifts For Him - Personalized Photo Polo Shirt,1,0,visible,,,,,taxable,parent,1,,,,0,,,,,0,,,38.95,,,,https://cdn.shopify.com/s/files/1/0626/0421/4428/files/Funny-Breast-Gifts-For-Him-Personalized-Photo-Polo-Shirt_1.jpg?v=1718344879,,,8.15095E+12,,,,,,5,Style,All-over Print Polo Shirt,,1,,Size,2XL,,1,,,,,,,
,variation,,Funny Breast Gifts For Him - Personalized Photo Polo Shirt,1,0,visible,,,,,taxable,parent,1,,,,0,,,,,0,,,40.95,,,,https://cdn.shopify.com/s/files/1/0626/0421/4428/files/Funny-Breast-Gifts-For-Him-Personalized-Photo-Polo-Shirt_1.jpg?v=1718344879,,,8.15095E+12,,,,,,6,Style,All-over Print Polo Shirt,,1,,Size,3XL,,1,,,,,,,
,variation,,Funny Breast Gifts For Him - Personalized Photo Polo Shirt,1,0,visible,,,,,taxable,parent,1,,,,0,,,,,0,,,42.95,,,,https://cdn.shopify.com/s/files/1/0626/0421/4428/files/Funny-Breast-Gifts-For-Him-Personalized-Photo-Polo-Shirt_1.jpg?v=1718344879,,,8.15095E+12,,,,,,7,Style,All-over Print Polo Shirt,,1,,Size,4XL,,1,,,,,,,
,variation,,Funny Breast Gifts For Him - Personalized Photo Polo Shirt,1,0,visible,,,,,taxable,parent,1,,,,0,,,,,0,,,42.95,,,,https://cdn.shopify.com/s/files/1/0626/0421/4428/files/Funny-Breast-Gifts-For-Him-Personalized-Photo-Polo-Shirt_1.jpg?v=1718344879,,,8.15095E+12,,,,,,8,Style,All-over Print Polo Shirt,,1,,Size,5XL,,1,,,,,,,
,variable,,Best Dad Ever Fist Bump - Personalized Polo Shirt,1,0,visible,,"<div data-id=""07918756694720521"">
<div data-id=""07918756694720521"">
<div data-id=""07918756694720521"">
<div data-block-id=""block-75b37e0f-bdf4-4222-93a2-33cba27c8b52"">
<div data-block-id=""block-7c6e9a7e-f4b9-447a-a1fd-b1664992b1ac"">
<div data-block-id=""block-b9605d8a-252d-4558-850f-1e123cb90be1"">
<div data-block-id=""block-9d14a48a-e444-4a73-bc49-d14ef0813b99"">
<div data-block-id=""block-b2a93716-ac2d-43fc-bac3-d4f28f5ebcea"">
<div data-block-id=""block-531f25f6-8aab-49c5-8f92-df38f15bfd0c"">
<div data-line=""true"" data-line-index=""0"" data-zone-id=""0"">
<div data-line=""true"" data-line-index=""1"" data-zone-id=""0"">
<div data-line=""true"" data-line-index=""1"" data-zone-id=""0"">
<div data-line=""true"" data-line-index=""0"" data-zone-id=""0"">
<div data-line=""true"" data-line-index=""0"" data-zone-id=""0"">
<div data-zone-id=""0"" data-line-index=""0"" data-line=""true"">
<div data-zone-id=""0"" data-line-index=""0"" data-line=""true"">
<div data-zone-id=""0"" data-line-index=""0"" data-line=""true"">
<div data-zone-id=""0"" data-line-index=""0"" data-line=""true"">
<div data-zone-id=""0"" data-line-index=""0"" data-line=""true"">Reveal your deepest appreciation for your beloved father with our Best Dad Ever fist bump, a personalized polo shirt, fittingly tailored for the person who means the world to you. The shirt visually translates your emotions, representing shared feelings of respect and deep-rooted family bonding that binds you together. Perfectly suited for those special gift occasions like Father's Day, birthdays, and even Christmas. This piece serves as a perfect all-occasion gift, touching on sentiment and connecting hearts and souls across miles.</div>
<div data-zone-id=""0"" data-line-index=""1"" data-line=""true""><br></div>
<div data-zone-id=""0"" data-line-index=""2"" data-line=""true"">Our carefully crafted polo shirt openly declares your dad as the best ever without having to say it directly. Upon wearing, it allows him to feel the pride of being the wonderful dad he is, celebrating his remarkable contribution to your life. Simultaneously, it enhances his casual and comfortable style, in a way only a high-quality polo shirt can. Elegantly sewn with love and detail, it's more than just a shirt - it's a testament to your bond. Don't miss this chance to celebrate the best dad ever with this heartfelt tribute. Purchase now and let him wear your love on his sleeve.</div>
</div>
<br><strong>MESSAGE: </strong>Best Dad Ever.</div>
</div>
</div>
</div>
</div>
</div>
</div>
</div>
</div>
</div>
</div>
</div>
</div>
<p data-block-id=""block-0cd9770c-cce7-4d52-8647-3056a6c76c13""><br><strong>PRODUCT DETAILS:</strong></p>
</div>
</div>
</div>
</div>
<div data-id=""07918756694720521"">
<div data-id=""07918756694720521"">
<ul>
<li>Material: Bird-eye pique fabric with 3-5% Spandex – Lightweight, breathable, moisture-wicking, stretchable quick-drying fabric that is comfortable to wear as a casual or activewear outfit.</li>
<li>Regular fit allows you to move freely and conveniently.</li>
<li>Pull-on closure with 3-button placket – Classic Polo style yet comfortable to put on and take off.</li>
<li>Double-stitch hems for durability.</li>
<li>Sublimation printing creates vibrant and clear prints on the fabric which won’t come off.</li>
</ul>
</div>
</div>",,,taxable,,1,,,0,0,,,,,1,,,,Polo Shirt,,,"https://cdn.shopify.com/s/files/1/0626/0421/4428/files/Best-Dad-Ever-Fist-Bump-Personalized-Polo-Shirt_1.jpg?v=1746524176,https://cdn.shopify.com/s/files/1/0626/0421/4428/files/Best-Dad-Ever-Fist-Bump-Personalized-Polo-Shirt_2.jpg?v=1746524176,https://cdn.shopify.com/s/files/1/0626/0421/4428/files/Best-Dad-Ever-Fist-Bump-Personalized-Polo-Shirt_3.jpg?v=1746524176,https://cdn.shopify.com/s/files/1/0626/0421/4428/files/Best-Dad-Ever-Fist-Bump-Personalized-Polo-Shirt_4.jpg?v=1746524176,https://cdn.shopify.com/s/files/1/0626/0421/4428/files/Best-Dad-Ever-Fist-Bump-Personalized-Polo-Shirt_5.jpg?v=1746524176",,,,,,,,,0,Style,All-over Print Polo Shirt,0,1,All-over Print Polo Shirt,Size,"S,M,L,XL,2XL,3XL,4XL,5XL",0,1,S,,,,,,
,variation,,Best Dad Ever Fist Bump - Personalized Polo Shirt,1,0,visible,,,,,taxable,parent,1,,,,0,,,,,0,,,32.95,,,,https://cdn.shopify.com/s/files/1/0626/0421/4428/files/Best-Dad-Ever-Fist-Bump-Personalized-Polo-Shirt_1.jpg?v=1746524176,,,8.41931E+12,,,,,,1,Style,All-over Print Polo Shirt,,1,,Size,S,,1,,,,,,,
,variation,,Best Dad Ever Fist Bump - Personalized Polo Shirt,1,0,visible,,,,,taxable,parent,1,,,,0,,,,,0,,,34.95,,,,https://cdn.shopify.com/s/files/1/0626/0421/4428/files/Best-Dad-Ever-Fist-Bump-Personalized-Polo-Shirt_1.jpg?v=1746524176,,,8.41931E+12,,,,,,2,Style,All-over Print Polo Shirt,,1,,Size,M,,1,,,,,,,
,variation,,Best Dad Ever Fist Bump - Personalized Polo Shirt,1,0,visible,,,,,taxable,parent,1,,,,0,,,,,0,,,36.95,,,,https://cdn.shopify.com/s/files/1/0626/0421/4428/files/Best-Dad-Ever-Fist-Bump-Personalized-Polo-Shirt_1.jpg?v=1746524176,,,8.41931E+12,,,,,,3,Style,All-over Print Polo Shirt,,1,,Size,L,,1,,,,,,,
,variation,,Best Dad Ever Fist Bump - Personalized Polo Shirt,1,0,visible,,,,,taxable,parent,1,,,,0,,,,,0,,,38.95,,,,https://cdn.shopify.com/s/files/1/0626/0421/4428/files/Best-Dad-Ever-Fist-Bump-Personalized-Polo-Shirt_1.jpg?v=1746524176,,,8.41931E+12,,,,,,4,Style,All-over Print Polo Shirt,,1,,Size,XL,,1,,,,,,,
,variation,,Best Dad Ever Fist Bump - Personalized Polo Shirt,1,0,visible,,,,,taxable,parent,1,,,,0,,,,,0,,,38.95,,,,https://cdn.shopify.com/s/files/1/0626/0421/4428/files/Best-Dad-Ever-Fist-Bump-Personalized-Polo-Shirt_1.jpg?v=1746524176,,,8.41931E+12,,,,,,5,Style,All-over Print Polo Shirt,,1,,Size,2XL,,1,,,,,,,
,variation,,Best Dad Ever Fist Bump - Personalized Polo Shirt,1,0,visible,,,,,taxable,parent,1,,,,0,,,,,0,,,40.95,,,,https://cdn.shopify.com/s/files/1/0626/0421/4428/files/Best-Dad-Ever-Fist-Bump-Personalized-Polo-Shirt_1.jpg?v=1746524176,,,8.41931E+12,,,,,,6,Style,All-over Print Polo Shirt,,1,,Size,3XL,,1,,,,,,,
,variation,,Best Dad Ever Fist Bump - Personalized Polo Shirt,1,0,visible,,,,,taxable,parent,1,,,,0,,,,,0,,,42.95,,,,https://cdn.shopify.com/s/files/1/0626/0421/4428/files/Best-Dad-Ever-Fist-Bump-Personalized-Polo-Shirt_1.jpg?v=1746524176,,,8.41931E+12,,,,,,7,Style,All-over Print Polo Shirt,,1,,Size,4XL,,1,,,,,,,
,variation,,Best Dad Ever Fist Bump - Personalized Polo Shirt,1,0,visible,,,,,taxable,parent,1,,,,0,,,,,0,,,42.95,,,,https://cdn.shopify.com/s/files/1/0626/0421/4428/files/Best-Dad-Ever-Fist-Bump-Personalized-Polo-Shirt_1.jpg?v=1746524176,,,8.41931E+12,,,,,,8,Style,All-over Print Polo Shirt,,1,,Size,5XL,,1,,,,,,,
,variable,,The Golffather - Personalized Polo Shirt,1,0,visible,,"<div data-id=""07918756694720521"">
<div data-id=""07918756694720521"">
<div data-id=""07918756694720521"">
<div data-block-id=""block-75b37e0f-bdf4-4222-93a2-33cba27c8b52"">
<div data-block-id=""block-7c6e9a7e-f4b9-447a-a1fd-b1664992b1ac"">
<div data-block-id=""block-b9605d8a-252d-4558-850f-1e123cb90be1"">
<div data-block-id=""block-9d14a48a-e444-4a73-bc49-d14ef0813b99"">
<div data-block-id=""block-b2a93716-ac2d-43fc-bac3-d4f28f5ebcea"">
<div data-block-id=""block-531f25f6-8aab-49c5-8f92-df38f15bfd0c"">
<div data-line=""true"" data-line-index=""0"" data-zone-id=""0"">
<div data-line=""true"" data-line-index=""1"" data-zone-id=""0"">
<div data-line=""true"" data-line-index=""1"" data-zone-id=""0"">
<div data-line=""true"" data-line-index=""0"" data-zone-id=""0"">
<div data-line=""true"" data-line-index=""0"" data-zone-id=""0"">
<div data-zone-id=""0"" data-line-index=""0"" data-line=""true"">
<div data-zone-id=""0"" data-line-index=""0"" data-line=""true"">
<div data-zone-id=""0"" data-line-index=""0"" data-line=""true"">
<div data-zone-id=""0"" data-line-index=""2"" data-line=""true"">
<p>Introducing our Personalized Polo Shirt, custom designed for the ultimate golfing dad in your life. Beautifully emblazoned with a unique 'Golffather' inscription, this high-quality polo shirt is ideal for those bonding moments on the green or lively family get-togethers. The superior design and craftsmanship make this shirt a stand-out gift that any dad or golfer, or indeed any family-oriented person, will genuinely appreciate. Perfect for Father's Day, birthdays, Christmas, anniversaries, or any occasion, the Golffather shirt truly has a universal gift appeal.<br><br>This versatile gift isn't just about showing off on the golf course! It forms an important part of a golfer's wardrobe, adding a touch of personalized style that sets the bearer apart. It's not just about the golffather - it's about being a proud dad, spending quality time with family, and enjoying every moment with loved ones. The universal appeal of a customized polo shirt, as well as its practical use as everyday wear or sportswear, make it a fantastic gift that is appreciated long after the initial unboxing. At the end of the day, it's about gifting a memory that lasts. So why wait? Order the Golffather Personalized Polo Shirt today and give your golffing dad something to remember.</p>
</div>
<br><strong>MESSAGE: </strong>The golffather belongs to.</div>
</div>
</div>
</div>
</div>
</div>
</div>
</div>
</div>
</div>
</div>
</div>
</div>
<p data-block-id=""block-0cd9770c-cce7-4d52-8647-3056a6c76c13""><br><strong>PRODUCT DETAILS:</strong></p>
</div>
</div>
</div>
</div>
<div data-id=""07918756694720521"">
<div data-id=""07918756694720521"">
<ul>
<li>Material: Bird-eye pique fabric with 3-5% Spandex – Lightweight, breathable, moisture-wicking, stretchable quick-drying fabric that is comfortable to wear as a casual or activewear outfit.</li>
<li>Regular fit allows you to move freely and conveniently.</li>
<li>Pull-on closure with 3-button placket – Classic Polo style yet comfortable to put on and take off.</li>
<li>Double-stitch hems for durability.</li>
<li>Sublimation printing creates vibrant and clear prints on the fabric which won’t come off.</li>
</ul>
</div>
</div>",,,taxable,,1,,,0,0,,,,,1,,,,Polo Shirt,,,"https://cdn.shopify.com/s/files/1/0626/0421/4428/files/The-Golffather-Personalized-Polo-Shirt_1.jpg?v=1746523399,https://cdn.shopify.com/s/files/1/0626/0421/4428/files/The-Golffather-Personalized-Polo-Shirt_2.jpg?v=1746523398,https://cdn.shopify.com/s/files/1/0626/0421/4428/files/The-Golffather-Personalized-Polo-Shirt_3.jpg?v=1746523398,https://cdn.shopify.com/s/files/1/0626/0421/4428/files/The-Golffather-Personalized-Polo-Shirt_4.jpg?v=1746523398,https://cdn.shopify.com/s/files/1/0626/0421/4428/files/The-Golffather-Personalized-Polo-Shirt_5.jpg?v=1746523398,https://cdn.shopify.com/s/files/1/0626/0421/4428/files/The-Golffather-Personalized-Polo-Shirt_6.jpg?v=1746523398",,,,,,,,,0,Style,All-over Print Polo Shirt,0,1,All-over Print Polo Shirt,Size,"S,M,L,XL,2XL,3XL,4XL,5XL",0,1,S,,,,,,
,variation,,The Golffather - Personalized Polo Shirt,1,0,visible,,,,,taxable,parent,1,,,,0,,,,,0,,,32.95,,,,https://cdn.shopify.com/s/files/1/0626/0421/4428/files/The-Golffather-Personalized-Polo-Shirt_1.jpg?v=1746523399,,,8.41931E+12,,,,,,1,Style,All-over Print Polo Shirt,,1,,Size,S,,1,,,,,,,
,variation,,The Golffather - Personalized Polo Shirt,1,0,visible,,,,,taxable,parent,1,,,,0,,,,,0,,,34.95,,,,https://cdn.shopify.com/s/files/1/0626/0421/4428/files/The-Golffather-Personalized-Polo-Shirt_1.jpg?v=1746523399,,,8.41931E+12,,,,,,2,Style,All-over Print Polo Shirt,,1,,Size,M,,1,,,,,,,
,variation,,The Golffather - Personalized Polo Shirt,1,0,visible,,,,,taxable,parent,1,,,,0,,,,,0,,,36.95,,,,https://cdn.shopify.com/s/files/1/0626/0421/4428/files/The-Golffather-Personalized-Polo-Shirt_1.jpg?v=1746523399,,,8.41931E+12,,,,,,3,Style,All-over Print Polo Shirt,,1,,Size,L,,1,,,,,,,
,variation,,The Golffather - Personalized Polo Shirt,1,0,visible,,,,,taxable,parent,1,,,,0,,,,,0,,,38.95,,,,https://cdn.shopify.com/s/files/1/0626/0421/4428/files/The-Golffather-Personalized-Polo-Shirt_1.jpg?v=1746523399,,,8.41931E+12,,,,,,4,Style,All-over Print Polo Shirt,,1,,Size,XL,,1,,,,,,,
,variation,,The Golffather - Personalized Polo Shirt,1,0,visible,,,,,taxable,parent,1,,,,0,,,,,0,,,38.95,,,,https://cdn.shopify.com/s/files/1/0626/0421/4428/files/The-Golffather-Personalized-Polo-Shirt_1.jpg?v=1746523399,,,8.41931E+12,,,,,,5,Style,All-over Print Polo Shirt,,1,,Size,2XL,,1,,,,,,,
,variation,,The Golffather - Personalized Polo Shirt,1,0,visible,,,,,taxable,parent,1,,,,0,,,,,0,,,40.95,,,,https://cdn.shopify.com/s/files/1/0626/0421/4428/files/The-Golffather-Personalized-Polo-Shirt_1.jpg?v=1746523399,,,8.41931E+12,,,,,,6,Style,All-over Print Polo Shirt,,1,,Size,3XL,,1,,,,,,,
,variation,,The Golffather - Personalized Polo Shirt,1,0,visible,,,,,taxable,parent,1,,,,0,,,,,0,,,42.95,,,,https://cdn.shopify.com/s/files/1/0626/0421/4428/files/The-Golffather-Personalized-Polo-Shirt_1.jpg?v=1746523399,,,8.41931E+12,,,,,,7,Style,All-over Print Polo Shirt,,1,,Size,4XL,,1,,,,,,,
,variation,,The Golffather - Personalized Polo Shirt,1,0,visible,,,,,taxable,parent,1,,,,0,,,,,0,,,42.95,,,,https://cdn.shopify.com/s/files/1/0626/0421/4428/files/The-Golffather-Personalized-Polo-Shirt_1.jpg?v=1746523399,,,8.41931E+12,,,,,,8,Style,All-over Print Polo Shirt,,1,,Size,5XL,,1,,,,,,,
,variable,,I Love My Wife - Property Funny Gift For Husband - Personalized Photo Polo Shirt,1,0,visible,,"<div data-id=""07918756694720521"">
<div data-id=""07918756694720521"">
<div data-id=""07918756694720521"">
<div data-block-id=""block-75b37e0f-bdf4-4222-93a2-33cba27c8b52"">
<div data-block-id=""block-7c6e9a7e-f4b9-447a-a1fd-b1664992b1ac"">
<div data-block-id=""block-b9605d8a-252d-4558-850f-1e123cb90be1"">
<div data-block-id=""block-9d14a48a-e444-4a73-bc49-d14ef0813b99"">
<div data-block-id=""block-b2a93716-ac2d-43fc-bac3-d4f28f5ebcea"">
<div data-block-id=""block-531f25f6-8aab-49c5-8f92-df38f15bfd0c"">
<div data-line=""true"" data-line-index=""0"" data-zone-id=""0"">
<div data-line=""true"" data-line-index=""1"" data-zone-id=""0"">
<div data-line=""true"" data-line-index=""1"" data-zone-id=""0"">
<div data-line=""true"" data-line-index=""0"" data-zone-id=""0"">
<div data-line=""true"" data-line-index=""0"" data-zone-id=""0"">Show off your playful side with this I Love My Wife - Property funny gift for husbands, perfect for golf-loving men. This personalized photo polo shirt not only brings humor but also a touch of love, making it an ideal gift for anniversaries, Valentine’s Day, or just as a fun surprise. Customize it with a favorite photo to add that personal touch. Whether it’s for a casual outing, family gathering, or a day on the golf course, this shirt makes a statement! Wear it proudly to claim ownership while hitting the links – your golf husband will love how it blends fun and love while out on the green.</div>
</div>
</div>
</div>
</div>
</div>
</div>
</div>
</div>
</div>
<p data-block-id=""block-0cd9770c-cce7-4d52-8647-3056a6c76c13""><br><strong>MESSAGE:</strong> <br></p>
<ul>
<li data-line=""true"" data-line-index=""0"" data-zone-id=""0"">I Fucking &lt;3 My Wife.</li>
<li data-line=""true"" data-line-index=""1"" data-zone-id=""0"">I Fucking &lt;3 My Girlfriend.</li>
<li data-line=""true"" data-line-index=""2"" data-zone-id=""0"">Property Of [Custom Name].</li>
</ul>
<p data-block-id=""block-0cd9770c-cce7-4d52-8647-3056a6c76c13""><br><strong>PRODUCT DETAILS:</strong></p>
</div>
</div>
</div>
</div>
<div data-id=""07918756694720521"">
<div data-id=""07918756694720521"">
<ul>
<li>Material: Bird-eye pique fabric with 3-5% Spandex – Lightweight, breathable, moisture-wicking, stretchable quick-drying fabric that is comfortable to wear as a casual or activewear outfit.</li>
<li>Regular fit allows you to move freely and conveniently.</li>
<li>Pull-on closure with 3-button placket – Classic Polo style yet comfortable to put on and take off.</li>
<li>Double-stitch hems for durability.</li>
<li>Sublimation printing creates vibrant and clear prints on the fabric which won’t come off.</li>
</ul>
</div>
</div>
<style type=""text/css""><!--
br {mso-data-placement:same-cell;}
--></style>
<style type=""text/css""><!--
br {mso-data-placement:same-cell;}
--></style>
<style type=""text/css""><!--
br {mso-data-placement:same-cell;}
--></style>",,,taxable,,1,,,0,0,,,,,1,,,,Polo Shirt,,,"https://cdn.shopify.com/s/files/1/0626/0421/4428/files/I-Love-My-Wife-Property-Funny-Gift-For-Husband-Personalized-Photo-Polo-Shirt_1.jpg?v=1744369640,https://cdn.shopify.com/s/files/1/0626/0421/4428/files/I-Love-My-Wife-Property-Funny-Gift-For-Husband-Personalized-Photo-Polo-Shirt_2.jpg?v=1744369640,https://cdn.shopify.com/s/files/1/0626/0421/4428/files/Macorner-Cut-Face-Photo-Guidelines.png?v=1758249178,https://cdn.shopify.com/s/files/1/0626/0421/4428/files/I-Love-My-Wife-Property-Funny-Gift-For-Husband-Personalized-Photo-Polo-Shirt_3.jpg?v=1744369662,https://cdn.shopify.com/s/files/1/0626/0421/4428/files/I-Love-My-Wife-Property-Funny-Gift-For-Husband-Personalized-Photo-Polo-Shirt_4.jpg?v=1744369662,https://cdn.shopify.com/s/files/1/0626/0421/4428/files/I-Love-My-Wife-Property-Funny-Gift-For-Husband-Personalized-Photo-Polo-Shirt_5.jpg?v=1744369662,https://cdn.shopify.com/s/files/1/0626/0421/4428/files/I-Love-My-Wife-Property-Funny-Gift-For-Husband-Personalized-Photo-Polo-Shirt_6.jpg?v=1744369662",,,,,,,,,0,Style,All-over Print Polo Shirt,0,1,All-over Print Polo Shirt,Size,"S,M,L,XL,2XL,3XL,4XL,5XL",0,1,S,,,,,,
,variation,,I Love My Wife - Property Funny Gift For Husband - Personalized Photo Polo Shirt,1,0,visible,,,,,taxable,parent,1,,,,0,,,,,0,,,32.95,,,,https://cdn.shopify.com/s/files/1/0626/0421/4428/files/I-Love-My-Wife-Property-Funny-Gift-For-Husband-Personalized-Photo-Polo-Shirt_1.jpg?v=1744369640,,,8.40364E+12,,,,,,1,Style,All-over Print Polo Shirt,,1,,Size,S,,1,,,,,,,
,variation,,I Love My Wife - Property Funny Gift For Husband - Personalized Photo Polo Shirt,1,0,visible,,,,,taxable,parent,1,,,,0,,,,,0,,,34.95,,,,https://cdn.shopify.com/s/files/1/0626/0421/4428/files/I-Love-My-Wife-Property-Funny-Gift-For-Husband-Personalized-Photo-Polo-Shirt_1.jpg?v=1744369640,,,8.40364E+12,,,,,,2,Style,All-over Print Polo Shirt,,1,,Size,M,,1,,,,,,,
,variation,,I Love My Wife - Property Funny Gift For Husband - Personalized Photo Polo Shirt,1,0,visible,,,,,taxable,parent,1,,,,0,,,,,0,,,36.95,,,,https://cdn.shopify.com/s/files/1/0626/0421/4428/files/I-Love-My-Wife-Property-Funny-Gift-For-Husband-Personalized-Photo-Polo-Shirt_1.jpg?v=1744369640,,,8.40364E+12,,,,,,3,Style,All-over Print Polo Shirt,,1,,Size,L,,1,,,,,,,
,variation,,I Love My Wife - Property Funny Gift For Husband - Personalized Photo Polo Shirt,1,0,visible,,,,,taxable,parent,1,,,,0,,,,,0,,,38.95,,,,https://cdn.shopify.com/s/files/1/0626/0421/4428/files/I-Love-My-Wife-Property-Funny-Gift-For-Husband-Personalized-Photo-Polo-Shirt_1.jpg?v=1744369640,,,8.40364E+12,,,,,,4,Style,All-over Print Polo Shirt,,1,,Size,XL,,1,,,,,,,
,variation,,I Love My Wife - Property Funny Gift For Husband - Personalized Photo Polo Shirt,1,0,visible,,,,,taxable,parent,1,,,,0,,,,,0,,,38.95,,,,https://cdn.shopify.com/s/files/1/0626/0421/4428/files/I-Love-My-Wife-Property-Funny-Gift-For-Husband-Personalized-Photo-Polo-Shirt_1.jpg?v=1744369640,,,8.40364E+12,,,,,,5,Style,All-over Print Polo Shirt,,1,,Size,2XL,,1,,,,,,,
,variation,,I Love My Wife - Property Funny Gift For Husband - Personalized Photo Polo Shirt,1,0,visible,,,,,taxable,parent,1,,,,0,,,,,0,,,40.95,,,,https://cdn.shopify.com/s/files/1/0626/0421/4428/files/I-Love-My-Wife-Property-Funny-Gift-For-Husband-Personalized-Photo-Polo-Shirt_1.jpg?v=1744369640,,,8.40364E+12,,,,,,6,Style,All-over Print Polo Shirt,,1,,Size,3XL,,1,,,,,,,
,variation,,I Love My Wife - Property Funny Gift For Husband - Personalized Photo Polo Shirt,1,0,visible,,,,,taxable,parent,1,,,,0,,,,,0,,,42.95,,,,https://cdn.shopify.com/s/files/1/0626/0421/4428/files/I-Love-My-Wife-Property-Funny-Gift-For-Husband-Personalized-Photo-Polo-Shirt_1.jpg?v=1744369640,,,8.40364E+12,,,,,,7,Style,All-over Print Polo Shirt,,1,,Size,4XL,,1,,,,,,,
,variation,,I Love My Wife - Property Funny Gift For Husband - Personalized Photo Polo Shirt,1,0,visible,,,,,taxable,parent,1,,,,0,,,,,0,,,42.95,,,,https://cdn.shopify.com/s/files/1/0626/0421/4428/files/I-Love-My-Wife-Property-Funny-Gift-For-Husband-Personalized-Photo-Polo-Shirt_1.jpg?v=1744369640,,,8.40364E+12,,,,,,8,Style,All-over Print Polo Shirt,,1,,Size,5XL,,1,,,,,,,
,variable,,Proud Top Dad Custom Kids Name - Personalized Photo Polo Shirt,1,0,visible,,"<div data-id=""07918756694720521"">
<div data-id=""07918756694720521"">
<div data-id=""07918756694720521"">
<div data-block-id=""block-75b37e0f-bdf4-4222-93a2-33cba27c8b52"">
<div data-block-id=""block-7c6e9a7e-f4b9-447a-a1fd-b1664992b1ac"">
<div data-block-id=""block-b9605d8a-252d-4558-850f-1e123cb90be1"">
<div data-block-id=""block-9d14a48a-e444-4a73-bc49-d14ef0813b99"">
<div data-block-id=""block-b2a93716-ac2d-43fc-bac3-d4f28f5ebcea"">
<div data-block-id=""block-531f25f6-8aab-49c5-8f92-df38f15bfd0c"">
<div data-line=""true"" data-line-index=""0"" data-zone-id=""0"">
<div data-line=""true"" data-line-index=""1"" data-zone-id=""0"">
<div data-line=""true"" data-line-index=""1"" data-zone-id=""0"">
<div data-line=""true"" data-line-index=""0"" data-zone-id=""0"">
<div data-line=""true"" data-line-index=""0"" data-zone-id=""0"">
<div data-zone-id=""0"" data-line-index=""0"" data-line=""true"">Celebrate Dad in style with this fun and personalized polo shirt! Featuring the quote ""Top Dad"" proudly displayed on the front, this shirt is the perfect gift for Father’s Day, birthdays, or any special occasion. The shirt is covered in playful stick-figure designs with customizable kid’s faces, making it a one-of-a-kind keepsake he’ll love to wear. Simply upload your child’s photo to create a unique and heartfelt design. Made from soft, breathable fabric, this polo is both comfortable and stylish for everyday wear. The classic black collar and sleeve trim add a sharp touch to the fun design. Available in multiple sizes, this shirt is perfect for dads who love to show off their greatest pride their kids! Give him a gift full of love, laughter, and memories.</div>
</div>
</div>
</div>
</div>
</div>
</div>
</div>
</div>
</div>
</div>
<p data-block-id=""block-0cd9770c-cce7-4d52-8647-3056a6c76c13""><br><strong>PRODUCT DETAILS:</strong></p>
</div>
</div>
</div>
</div>
<div data-id=""07918756694720521"">
<div data-id=""07918756694720521"">
<ul>
<li>Material: Bird-eye pique fabric with 3-5% Spandex – Lightweight, breathable, moisture-wicking, stretchable quick-drying fabric that is comfortable to wear as a casual or activewear outfit.</li>
<li>Regular fit allows you to move freely and conveniently.</li>
<li>Pull-on closure with 3-button placket – Classic Polo style yet comfortable to put on and take off.</li>
<li>Double-stitch hems for durability.</li>
<li>Sublimation printing creates vibrant and clear prints on the fabric which won’t come off.</li>
</ul>
</div>
</div>
<style type=""text/css""><!--
br {mso-data-placement:same-cell;}
--></style>
<style type=""text/css""><!--
br {mso-data-placement:same-cell;}
--></style>
<style type=""text/css""><!--
br {mso-data-placement:same-cell;}
--></style>",,,taxable,,1,,,0,0,,,,,1,,,,Polo Shirt,,,"https://cdn.shopify.com/s/files/1/0626/0421/4428/files/Proud-Top-Dad-Custom-Kids-Name-Personalized-Photo-Polo-Shirt-1.jpg?v=1745208565,https://cdn.shopify.com/s/files/1/0626/0421/4428/files/Proud-Top-Dad-Custom-Kids-Name-Personalized-Photo-Polo-Shirt-2.jpg?v=1745208565,https://cdn.shopify.com/s/files/1/0626/0421/4428/files/Macorner-Cut-Face-Photo-Guidelines.png?v=1758249178,https://cdn.shopify.com/s/files/1/0626/0421/4428/files/Proud-Top-Dad-Custom-Kids-Name-Personalized-Photo-Polo-Shirt-3.jpg?v=1745208645,https://cdn.shopify.com/s/files/1/0626/0421/4428/files/Proud-Top-Dad-Custom-Kids-Name-Personalized-Photo-Polo-Shirt-4.jpg?v=1745208645,https://cdn.shopify.com/s/files/1/0626/0421/4428/files/Proud-Top-Dad-Custom-Kids-Name-Personalized-Photo-Polo-Shirt-5.jpg?v=1745208645,https://cdn.shopify.com/s/files/1/0626/0421/4428/files/Proud-Top-Dad-Custom-Kids-Name-Personalized-Photo-Polo-Shirt-6.jpg?v=1745208645",,,,,,,,,0,Style,All-over Print Polo Shirt,0,1,All-over Print Polo Shirt,Size,"S,M,L,XL,2XL,3XL,4XL,5XL",0,1,S,,,,,,
,variation,,Proud Top Dad Custom Kids Name - Personalized Photo Polo Shirt,1,0,visible,,,,,taxable,parent,1,,,,0,,,,,0,,,32.95,,,,https://cdn.shopify.com/s/files/1/0626/0421/4428/files/Proud-Top-Dad-Custom-Kids-Name-Personalized-Photo-Polo-Shirt-1.jpg?v=1745208565,,,8.41144E+12,,,,,,1,Style,All-over Print Polo Shirt,,1,,Size,S,,1,,,,,,,
,variation,,Proud Top Dad Custom Kids Name - Personalized Photo Polo Shirt,1,0,visible,,,,,taxable,parent,1,,,,0,,,,,0,,,34.95,,,,https://cdn.shopify.com/s/files/1/0626/0421/4428/files/Proud-Top-Dad-Custom-Kids-Name-Personalized-Photo-Polo-Shirt-1.jpg?v=1745208565,,,8.41144E+12,,,,,,2,Style,All-over Print Polo Shirt,,1,,Size,M,,1,,,,,,,
,variation,,Proud Top Dad Custom Kids Name - Personalized Photo Polo Shirt,1,0,visible,,,,,taxable,parent,1,,,,0,,,,,0,,,36.95,,,,https://cdn.shopify.com/s/files/1/0626/0421/4428/files/Proud-Top-Dad-Custom-Kids-Name-Personalized-Photo-Polo-Shirt-1.jpg?v=1745208565,,,8.41144E+12,,,,,,3,Style,All-over Print Polo Shirt,,1,,Size,L,,1,,,,,,,
,variation,,Proud Top Dad Custom Kids Name - Personalized Photo Polo Shirt,1,0,visible,,,,,taxable,parent,1,,,,0,,,,,0,,,38.95,,,,https://cdn.shopify.com/s/files/1/0626/0421/4428/files/Proud-Top-Dad-Custom-Kids-Name-Personalized-Photo-Polo-Shirt-1.jpg?v=1745208565,,,8.41144E+12,,,,,,4,Style,All-over Print Polo Shirt,,1,,Size,XL,,1,,,,,,,
,variation,,Proud Top Dad Custom Kids Name - Personalized Photo Polo Shirt,1,0,visible,,,,,taxable,parent,1,,,,0,,,,,0,,,38.95,,,,https://cdn.shopify.com/s/files/1/0626/0421/4428/files/Proud-Top-Dad-Custom-Kids-Name-Personalized-Photo-Polo-Shirt-1.jpg?v=1745208565,,,8.41144E+12,,,,,,5,Style,All-over Print Polo Shirt,,1,,Size,2XL,,1,,,,,,,
,variation,,Proud Top Dad Custom Kids Name - Personalized Photo Polo Shirt,1,0,visible,,,,,taxable,parent,1,,,,0,,,,,0,,,40.95,,,,https://cdn.shopify.com/s/files/1/0626/0421/4428/files/Proud-Top-Dad-Custom-Kids-Name-Personalized-Photo-Polo-Shirt-1.jpg?v=1745208565,,,8.41144E+12,,,,,,6,Style,All-over Print Polo Shirt,,1,,Size,3XL,,1,,,,,,,
,variation,,Proud Top Dad Custom Kids Name - Personalized Photo Polo Shirt,1,0,visible,,,,,taxable,parent,1,,,,0,,,,,0,,,42.95,,,,https://cdn.shopify.com/s/files/1/0626/0421/4428/files/Proud-Top-Dad-Custom-Kids-Name-Personalized-Photo-Polo-Shirt-1.jpg?v=1745208565,,,8.41144E+12,,,,,,7,Style,All-over Print Polo Shirt,,1,,Size,4XL,,1,,,,,,,
,variation,,Proud Top Dad Custom Kids Name - Personalized Photo Polo Shirt,1,0,visible,,,,,taxable,parent,1,,,,0,,,,,0,,,42.95,,,,https://cdn.shopify.com/s/files/1/0626/0421/4428/files/Proud-Top-Dad-Custom-Kids-Name-Personalized-Photo-Polo-Shirt-1.jpg?v=1745208565,,,8.41144E+12,,,,,,8,Style,All-over Print Polo Shirt,,1,,Size,5XL,,1,,,,,,,
,variable,,"Hole In One Custom Face Gift For Golfer, Dad, Husband - Custom Photo Golf Shirt",1,0,visible,,"<div data-id=""07918756694720521"">
<div data-id=""07918756694720521"">
<div data-id=""07918756694720521"">
<div data-block-id=""block-75b37e0f-bdf4-4222-93a2-33cba27c8b52"" class=""ql-block"">
<div class=""ql-block"" data-block-id=""block-7c6e9a7e-f4b9-447a-a1fd-b1664992b1ac"" data-mce-fragment=""1"">
<div data-block-id=""block-b9605d8a-252d-4558-850f-1e123cb90be1"" class=""ql-block"">
<div data-block-id=""block-9d14a48a-e444-4a73-bc49-d14ef0813b99"" class=""ql-block"">
<div data-block-id=""block-b2a93716-ac2d-43fc-bac3-d4f28f5ebcea"" class=""ql-block"">Elevate the golf enthusiast's wardrobe with our ""Hole In One Custom Face Gift For Golfer, Dad, Husband"" - Custom Photo Golf Shirt. This personalized golf shirt is a perfect blend of style and sentiment, allowing you to add a custom face and name to make it truly one-of-a-kind.</div>
<div data-block-id=""block-b45473b4-1501-4b6e-9a86-6b7b06367ca0"" class=""ql-block"">Designed for golfers, dads, husbands, and grandpas who love the sport, this golf shirt exudes the spirit of the game. Whether it's for a casual round of golf, a family outing, or simply a stylish addition to their wardrobe, this custom photo golf shirt is the ideal gift.</div>
<div data-block-id=""block-3781126f-710e-4f38-bf1b-87ec77a48a5b"" class=""ql-block"">Celebrate special occasions like birthdays, Father's Day, or any golf-related milestones with this thoughtful and personalized present. The ""Hole In One"" design, coupled with the custom face and name, adds a personal touch that makes this shirt a cherished keepsake.</div>
<div data-block-id=""block-92861a37-75ea-48c3-b405-f3bf5f14cc05"" class=""ql-block"">Gift the golfer in your life an exceptional and stylish addition to their golfing attire with the ""Hole In One Custom Face Gift For Golfer, Dad, Husband"" - Custom Photo Golf Shirt. It's not just a shirt; it's a symbol of their passion and a reminder of your thoughtful gesture.</div>
</div>
</div>
</div>
<p data-block-id=""block-0cd9770c-cce7-4d52-8647-3056a6c76c13"" class=""ql-block""><br><strong>MESSAGE: </strong>Perfect Gift For Father, Grandpa, and Golf Lovers.</p>
</div>
<p data-mce-style=""text-align: left;""><strong>PRODUCT DETAILS:</strong></p>
</div>
</div>
</div>
<div data-id=""07918756694720521"">
<div data-id=""07918756694720521"">
<ul>
<li>Material: Bird-eye pique fabric with 3-5% Spandex – Lightweight, breathable, moisture-wicking, stretchable quick-drying fabric that is comfortable to wear as a casual or activewear outfit.</li>
<li>Regular fit allows you to move freely and conveniently.</li>
<li>Pull-on closure with 3-button placket – Classic Polo style yet comfortable to put on and take off.</li>
<li>Double-stitch hems for durability.</li>
<li>Sublimation printing creates vibrant and clear prints on the fabric which won’t come off.</li>
</ul>
</div>
</div>
<div data-id=""07918756694720521"">
<ul></ul>
</div>
<style type=""text/css""><!--
br {mso-data-placement:same-cell;}
--></style>
<style type=""text/css""><!--
br {mso-data-placement:same-cell;}
--></style>
<style type=""text/css""><!--
br {mso-data-placement:same-cell;}
--></style>",,,taxable,,1,,,0,0,,,,,1,,,,Polo Shirt,,,"https://cdn.shopify.com/s/files/1/0626/0421/4428/products/Hole-In-One-Custom-Face-Gift-For-Golfer-Dad-Husband-Custom-Photo-Golf-Shirt_1.jpg?v=1710593925,https://cdn.shopify.com/s/files/1/0626/0421/4428/products/Hole-In-One-Custom-Face-Gift-For-Golfer-Dad-Husband-Custom-Photo-Golf-Shirt_2.jpg?v=1710593925,https://cdn.shopify.com/s/files/1/0626/0421/4428/products/tachd_u_f8ca2116-3809-4ddc-bd07-36d7e63b5f28.jpg?v=1710593925,https://cdn.shopify.com/s/files/1/0626/0421/4428/products/Hole-In-One-Custom-Face-Gift-For-Golfer-Dad-Husband-Custom-Photo-Golf-Shirt_3.jpg?v=1710593925,https://cdn.shopify.com/s/files/1/0626/0421/4428/products/Hole-In-One-Custom-Face-Gift-For-Golfer-Dad-Husband-Custom-Photo-Golf-Shirt_4.jpg?v=1710593925,https://cdn.shopify.com/s/files/1/0626/0421/4428/products/Hole-In-One-Custom-Face-Gift-For-Golfer-Dad-Husband-Custom-Photo-Golf-Shirt_5.jpg?v=1710593925,https://cdn.shopify.com/s/files/1/0626/0421/4428/products/Hole-In-One-Custom-Face-Gift-For-Golfer-Dad-Husband-Custom-Photo-Golf-Shirt_6.jpg?v=1710593925",,,,,,,,,0,Style,All-over Print Polo Shirt,0,1,All-over Print Polo Shirt,Size,"S,M,L,XL,2XL,3XL,4XL,5XL",0,1,S,,,,,,
,variation,,"Hole In One Custom Face Gift For Golfer, Dad, Husband - Custom Photo Golf Shirt",1,0,visible,,,,,taxable,parent,1,,,,0,,,,,0,,,32.95,,,,https://cdn.shopify.com/s/files/1/0626/0421/4428/products/Hole-In-One-Custom-Face-Gift-For-Golfer-Dad-Husband-Custom-Photo-Golf-Shirt_1.jpg?v=1710593925,,,7.90371E+12,,,,,,1,Style,All-over Print Polo Shirt,,1,,Size,S,,1,,,,,,,
,variation,,"Hole In One Custom Face Gift For Golfer, Dad, Husband - Custom Photo Golf Shirt",1,0,visible,,,,,taxable,parent,1,,,,0,,,,,0,,,34.95,,,,https://cdn.shopify.com/s/files/1/0626/0421/4428/products/Hole-In-One-Custom-Face-Gift-For-Golfer-Dad-Husband-Custom-Photo-Golf-Shirt_1.jpg?v=1710593925,,,7.90371E+12,,,,,,2,Style,All-over Print Polo Shirt,,1,,Size,M,,1,,,,,,,
,variation,,"Hole In One Custom Face Gift For Golfer, Dad, Husband - Custom Photo Golf Shirt",1,0,visible,,,,,taxable,parent,1,,,,0,,,,,0,,,36.95,,,,https://cdn.shopify.com/s/files/1/0626/0421/4428/products/Hole-In-One-Custom-Face-Gift-For-Golfer-Dad-Husband-Custom-Photo-Golf-Shirt_1.jpg?v=1710593925,,,7.90371E+12,,,,,,3,Style,All-over Print Polo Shirt,,1,,Size,L,,1,,,,,,,
,variation,,"Hole In One Custom Face Gift For Golfer, Dad, Husband - Custom Photo Golf Shirt",1,0,visible,,,,,taxable,parent,1,,,,0,,,,,0,,,38.95,,,,https://cdn.shopify.com/s/files/1/0626/0421/4428/products/Hole-In-One-Custom-Face-Gift-For-Golfer-Dad-Husband-Custom-Photo-Golf-Shirt_1.jpg?v=1710593925,,,7.90371E+12,,,,,,4,Style,All-over Print Polo Shirt,,1,,Size,XL,,1,,,,,,,
,variation,,"Hole In One Custom Face Gift For Golfer, Dad, Husband - Custom Photo Golf Shirt",1,0,visible,,,,,taxable,parent,1,,,,0,,,,,0,,,38.95,,,,https://cdn.shopify.com/s/files/1/0626/0421/4428/products/Hole-In-One-Custom-Face-Gift-For-Golfer-Dad-Husband-Custom-Photo-Golf-Shirt_1.jpg?v=1710593925,,,7.90371E+12,,,,,,5,Style,All-over Print Polo Shirt,,1,,Size,2XL,,1,,,,,,,
,variation,,"Hole In One Custom Face Gift For Golfer, Dad, Husband - Custom Photo Golf Shirt",1,0,visible,,,,,taxable,parent,1,,,,0,,,,,0,,,40.95,,,,https://cdn.shopify.com/s/files/1/0626/0421/4428/products/Hole-In-One-Custom-Face-Gift-For-Golfer-Dad-Husband-Custom-Photo-Golf-Shirt_1.jpg?v=1710593925,,,7.90371E+12,,,,,,6,Style,All-over Print Polo Shirt,,1,,Size,3XL,,1,,,,,,,
,variation,,"Hole In One Custom Face Gift For Golfer, Dad, Husband - Custom Photo Golf Shirt",1,0,visible,,,,,taxable,parent,1,,,,0,,,,,0,,,42.95,,,,https://cdn.shopify.com/s/files/1/0626/0421/4428/products/Hole-In-One-Custom-Face-Gift-For-Golfer-Dad-Husband-Custom-Photo-Golf-Shirt_1.jpg?v=1710593925,,,7.90371E+12,,,,,,7,Style,All-over Print Polo Shirt,,1,,Size,4XL,,1,,,,,,,
,variation,,"Hole In One Custom Face Gift For Golfer, Dad, Husband - Custom Photo Golf Shirt",1,0,visible,,,,,taxable,parent,1,,,,0,,,,,0,,,42.95,,,,https://cdn.shopify.com/s/files/1/0626/0421/4428/products/Hole-In-One-Custom-Face-Gift-For-Golfer-Dad-Husband-Custom-Photo-Golf-Shirt_1.jpg?v=1710593925,,,7.90371E+12,,,,,,8,Style,All-over Print Polo Shirt,,1,,Size,5XL,,1,,,,,,,
,variable,,This Dad Belongs To - Personalized Polo Shirt,1,0,visible,,"<div data-id=""07918756694720521"">
<div data-id=""07918756694720521"">
<div data-id=""07918756694720521"">
<div data-block-id=""block-75b37e0f-bdf4-4222-93a2-33cba27c8b52"">
<div data-block-id=""block-7c6e9a7e-f4b9-447a-a1fd-b1664992b1ac"">
<div data-block-id=""block-b9605d8a-252d-4558-850f-1e123cb90be1"">
<div data-block-id=""block-9d14a48a-e444-4a73-bc49-d14ef0813b99"">
<div data-block-id=""block-b2a93716-ac2d-43fc-bac3-d4f28f5ebcea"">
<div data-block-id=""block-531f25f6-8aab-49c5-8f92-df38f15bfd0c"">
<div data-line=""true"" data-line-index=""0"" data-zone-id=""0"">
<div data-line=""true"" data-line-index=""1"" data-zone-id=""0"">
<div data-line=""true"" data-line-index=""1"" data-zone-id=""0"">
<div data-line=""true"" data-line-index=""0"" data-zone-id=""0"">
<div data-line=""true"" data-line-index=""0"" data-zone-id=""0"">
<div data-zone-id=""0"" data-line-index=""0"" data-line=""true"">
<div data-zone-id=""0"" data-line-index=""0"" data-line=""true"">
<div data-zone-id=""0"" data-line-index=""0"" data-line=""true"">
<div data-zone-id=""0"" data-line-index=""0"" data-line=""true"">
<div data-zone-id=""0"" data-line-index=""2"" data-line=""true"">
<div data-zone-id=""0"" data-line-index=""0"" data-line=""true"">Celebrate the special bond and resemblance within your family with this unique, personalized 'This Dad Belongs To' polo shirt. Perfect for Father's Day, birthdays, Christmas, anniversaries, or any occasion where you want to make your dad feel special. This stylish polo shirt is more than just a piece of clothing, it's a symbol of your family's affection and individuality.</div>
<div data-zone-id=""0"" data-line-index=""1"" data-line=""true""><br></div>
<div data-zone-id=""0"" data-line-index=""2"" data-line=""true"">Rather than a typical present, selecting this polo shirt can breathe life into your dad's wardrobe, giving him one more reason to cherish his loving family. The message resonates profoundly with the importance of family and a tender love towards a dad. As the recipient wears it, they'll be reminded of the love their family holds for them every single day. Take this chance to showcase your eternal love and appreciation. Make a lasting impression on your dad's heart - order this melodic expression of love and affection today.</div>
</div>
</div>
<br><strong>MESSAGE</strong>: This Dad Belongs To.</div>
</div>
</div>
</div>
</div>
</div>
</div>
</div>
</div>
</div>
</div>
</div>
</div>
<p data-block-id=""block-0cd9770c-cce7-4d52-8647-3056a6c76c13""><br><strong>PRODUCT DETAILS:</strong></p>
</div>
</div>
</div>
</div>
<div data-id=""07918756694720521"">
<div data-id=""07918756694720521"">
<ul>
<li>Material: Bird-eye pique fabric with 3-5% Spandex – Lightweight, breathable, moisture-wicking, stretchable quick-drying fabric that is comfortable to wear as a casual or activewear outfit.</li>
<li>Regular fit allows you to move freely and conveniently.</li>
<li>Pull-on closure with 3-button placket – Classic Polo style yet comfortable to put on and take off.</li>
<li>Double-stitch hems for durability.</li>
<li>Sublimation printing creates vibrant and clear prints on the fabric which won’t come off.</li>
</ul>
</div>
</div>",,,taxable,,1,,,0,0,,,,,1,,,,Polo Shirt,,,"https://cdn.shopify.com/s/files/1/0626/0421/4428/files/This-Dad-Belongs-To-Personalized-Polo-Shirt_1.jpg?v=1746847857,https://cdn.shopify.com/s/files/1/0626/0421/4428/files/This-Dad-Belongs-To-Personalized-Polo-Shirt_2.jpg?v=1746847857,https://cdn.shopify.com/s/files/1/0626/0421/4428/files/This-Dad-Belongs-To-Personalized-Polo-Shirt_3.jpg?v=1746847857,https://cdn.shopify.com/s/files/1/0626/0421/4428/files/This-Dad-Belongs-To-Personalized-Polo-Shirt_4.jpg?v=1746847857,https://cdn.shopify.com/s/files/1/0626/0421/4428/files/This-Dad-Belongs-To-Personalized-Polo-Shirt_5.jpg?v=1746847857",,,,,,,,,0,Style,All-over Print Polo Shirt,0,1,All-over Print Polo Shirt,Size,"S,M,L,XL,2XL,3XL,4XL,5XL",0,1,S,,,,,,
,variation,,This Dad Belongs To - Personalized Polo Shirt,1,0,visible,,,,,taxable,parent,1,,,,0,,,,,0,,,32.95,,,,https://cdn.shopify.com/s/files/1/0626/0421/4428/files/This-Dad-Belongs-To-Personalized-Polo-Shirt_1.jpg?v=1746847857,,,8.42206E+12,,,,,,1,Style,All-over Print Polo Shirt,,1,,Size,S,,1,,,,,,,
,variation,,This Dad Belongs To - Personalized Polo Shirt,1,0,visible,,,,,taxable,parent,1,,,,0,,,,,0,,,34.95,,,,https://cdn.shopify.com/s/files/1/0626/0421/4428/files/This-Dad-Belongs-To-Personalized-Polo-Shirt_1.jpg?v=1746847857,,,8.42206E+12,,,,,,2,Style,All-over Print Polo Shirt,,1,,Size,M,,1,,,,,,,
,variation,,This Dad Belongs To - Personalized Polo Shirt,1,0,visible,,,,,taxable,parent,1,,,,0,,,,,0,,,36.95,,,,https://cdn.shopify.com/s/files/1/0626/0421/4428/files/This-Dad-Belongs-To-Personalized-Polo-Shirt_1.jpg?v=1746847857,,,8.42206E+12,,,,,,3,Style,All-over Print Polo Shirt,,1,,Size,L,,1,,,,,,,
,variation,,This Dad Belongs To - Personalized Polo Shirt,1,0,visible,,,,,taxable,parent,1,,,,0,,,,,0,,,38.95,,,,https://cdn.shopify.com/s/files/1/0626/0421/4428/files/This-Dad-Belongs-To-Personalized-Polo-Shirt_1.jpg?v=1746847857,,,8.42206E+12,,,,,,4,Style,All-over Print Polo Shirt,,1,,Size,XL,,1,,,,,,,
,variation,,This Dad Belongs To - Personalized Polo Shirt,1,0,visible,,,,,taxable,parent,1,,,,0,,,,,0,,,38.95,,,,https://cdn.shopify.com/s/files/1/0626/0421/4428/files/This-Dad-Belongs-To-Personalized-Polo-Shirt_1.jpg?v=1746847857,,,8.42206E+12,,,,,,5,Style,All-over Print Polo Shirt,,1,,Size,2XL,,1,,,,,,,
,variation,,This Dad Belongs To - Personalized Polo Shirt,1,0,visible,,,,,taxable,parent,1,,,,0,,,,,0,,,40.95,,,,https://cdn.shopify.com/s/files/1/0626/0421/4428/files/This-Dad-Belongs-To-Personalized-Polo-Shirt_1.jpg?v=1746847857,,,8.42206E+12,,,,,,6,Style,All-over Print Polo Shirt,,1,,Size,3XL,,1,,,,,,,
,variation,,This Dad Belongs To - Personalized Polo Shirt,1,0,visible,,,,,taxable,parent,1,,,,0,,,,,0,,,42.95,,,,https://cdn.shopify.com/s/files/1/0626/0421/4428/files/This-Dad-Belongs-To-Personalized-Polo-Shirt_1.jpg?v=1746847857,,,8.42206E+12,,,,,,7,Style,All-over Print Polo Shirt,,1,,Size,4XL,,1,,,,,,,
,variation,,This Dad Belongs To - Personalized Polo Shirt,1,0,visible,,,,,taxable,parent,1,,,,0,,,,,0,,,42.95,,,,https://cdn.shopify.com/s/files/1/0626/0421/4428/files/This-Dad-Belongs-To-Personalized-Polo-Shirt_1.jpg?v=1746847857,,,8.42206E+12,,,,,,8,Style,All-over Print Polo Shirt,,1,,Size,5XL,,1,,,,,,,
,variable,,Male Teacher Custom Gift Greatest Of All Teachers - Personalized Photo Polo Shirt,1,0,visible,,"<div data-id=""07918756694720521"">
<div data-id=""07918756694720521"">
<div data-id=""07918756694720521"">
<div data-block-id=""block-75b37e0f-bdf4-4222-93a2-33cba27c8b52"">
<div data-block-id=""block-7c6e9a7e-f4b9-447a-a1fd-b1664992b1ac"">
<div data-block-id=""block-b9605d8a-252d-4558-850f-1e123cb90be1"">
<div data-block-id=""block-9d14a48a-e444-4a73-bc49-d14ef0813b99"">
<div data-block-id=""block-b2a93716-ac2d-43fc-bac3-d4f28f5ebcea"">
<div data-block-id=""block-531f25f6-8aab-49c5-8f92-df38f15bfd0c"">
<div data-zone-id=""0"" data-line-index=""0"" data-line=""true"">
<div data-zone-id=""0"" data-line-index=""1"" data-line=""true"">
<div data-zone-id=""0"" data-line-index=""1"" data-line=""true"">
<div data-zone-id=""0"" data-line-index=""0"" data-line=""true"">
<div data-zone-id=""0"" data-line-index=""0"" data-line=""true"">
<div data-line=""true"" data-line-index=""0"" data-zone-id=""0"">
<div data-line=""true"" data-line-index=""0"" data-zone-id=""0"">
<div data-line=""true"" data-line-index=""0"" data-zone-id=""0"">
<div data-line=""true"" data-line-index=""0"" data-zone-id=""0"">Honor the incredible educator in your life with this custom Men’s Teacher Polo Shirt — designed to celebrate his impact with both style and humor! Featuring the bold quotes: “The Man. The Myth. The Legend. Teacher.” and “Greatest of All Teachers,” this shirt is a fun and meaningful way to recognize all he does.<br><br>
</div>
<div data-line=""true"" data-line-index=""4"" data-zone-id=""0"">You can personalize it even more by uploading a photo of him, turning it into a cartoon-style graphic on the shirt for a truly one-of-a-kind gift. Made from soft, breathable fabric, it’s perfect for classroom days, casual Fridays, or school events.<br><br>
</div>
<div data-line=""true"" data-line-index=""5"" data-zone-id=""0"">A great gift for Teacher Appreciation Week, birthdays, retirement, or just because — it’s guaranteed to make him smile (and maybe even wear it proudly to class).</div>
</div>
</div>
</div>
</div>
</div>
</div>
</div>
</div>
</div>
</div>
</div>
</div>
</div>
<p data-block-id=""block-0cd9770c-cce7-4d52-8647-3056a6c76c13""><br><strong>PRODUCT DETAILS:</strong></p>
</div>
</div>
</div>
</div>
<div data-id=""07918756694720521"">
<div data-id=""07918756694720521"">
<ul>
<li>Material: Bird-eye pique fabric with 3-5% Spandex – Lightweight, breathable, moisture-wicking, stretchable quick-drying fabric that is comfortable to wear as a casual or activewear outfit.</li>
<li>Regular fit allows you to move freely and conveniently.</li>
<li>Pull-on closure with 3-button placket – Classic Polo style yet comfortable to put on and take off.</li>
<li>Double-stitch hems for durability.</li>
<li>Sublimation printing creates vibrant and clear prints on the fabric which won’t come off.</li>
</ul>
</div>
</div>",,,taxable,,1,,,0,0,,,,,1,,,,Polo Shirt,,,"https://cdn.shopify.com/s/files/1/0626/0421/4428/files/Male-Teacher-Custom-Gift-Greatest-Of-All-Teachers--Personalized-Photo-Polo-Shirt_1_089571e7-7492-4bc1-9cc3-2a904a92653f.jpg?v=1746520522,https://cdn.shopify.com/s/files/1/0626/0421/4428/files/Male-Teacher-Custom-Gift-Greatest-Of-All-Teachers--Personalized-Photo-Polo-Shirt_2_dcf6974f-d14b-43b0-a3b5-ea32f6084a3e.jpg?v=1746520522,https://cdn.shopify.com/s/files/1/0626/0421/4428/files/Macorner-Cut-Face-Photo-Guidelines.png?v=1758249178,https://cdn.shopify.com/s/files/1/0626/0421/4428/files/Male-Teacher-Custom-Gift-Greatest-Of-All-Teachers--Personalized-Photo-Polo-Shirt_3_e7a562aa-900c-4a72-b4a8-be18108215c2.jpg?v=1746520515,https://cdn.shopify.com/s/files/1/0626/0421/4428/files/Male-Teacher-Custom-Gift-Greatest-Of-All-Teachers--Personalized-Photo-Polo-Shirt_4_cced639d-ca73-417b-a046-cb47de313b6a.jpg?v=1746520515,https://cdn.shopify.com/s/files/1/0626/0421/4428/files/Male-Teacher-Custom-Gift-Greatest-Of-All-Teachers--Personalized-Photo-Polo-Shirt_5_759ff293-4b6e-4dac-83ee-1e560e3b5c8b.jpg?v=1746520515,https://cdn.shopify.com/s/files/1/0626/0421/4428/files/Male-Teacher-Custom-Gift-Greatest-Of-All-Teachers--Personalized-Photo-Polo-Shirt_6_c60da678-a16d-450f-8e47-cf0f1ca73b38.jpg?v=1746520515",,,,,,,,,0,Style,All-over Print Polo Shirt,0,1,All-over Print Polo Shirt,Size,"S,M,L,XL,2XL,3XL,4XL,5XL",0,1,S,,,,,,
,variation,,Male Teacher Custom Gift Greatest Of All Teachers - Personalized Photo Polo Shirt,1,0,visible,,,,,taxable,parent,1,,,,0,,,,,0,,,32.95,,,,https://cdn.shopify.com/s/files/1/0626/0421/4428/files/Male-Teacher-Custom-Gift-Greatest-Of-All-Teachers--Personalized-Photo-Polo-Shirt_1_089571e7-7492-4bc1-9cc3-2a904a92653f.jpg?v=1746520522,,,8.41883E+12,,,,,,1,Style,All-over Print Polo Shirt,,1,,Size,S,,1,,,,,,,
,variation,,Male Teacher Custom Gift Greatest Of All Teachers - Personalized Photo Polo Shirt,1,0,visible,,,,,taxable,parent,1,,,,0,,,,,0,,,34.95,,,,https://cdn.shopify.com/s/files/1/0626/0421/4428/files/Male-Teacher-Custom-Gift-Greatest-Of-All-Teachers--Personalized-Photo-Polo-Shirt_1_089571e7-7492-4bc1-9cc3-2a904a92653f.jpg?v=1746520522,,,8.41883E+12,,,,,,2,Style,All-over Print Polo Shirt,,1,,Size,M,,1,,,,,,,
,variation,,Male Teacher Custom Gift Greatest Of All Teachers - Personalized Photo Polo Shirt,1,0,visible,,,,,taxable,parent,1,,,,0,,,,,0,,,36.95,,,,https://cdn.shopify.com/s/files/1/0626/0421/4428/files/Male-Teacher-Custom-Gift-Greatest-Of-All-Teachers--Personalized-Photo-Polo-Shirt_1_089571e7-7492-4bc1-9cc3-2a904a92653f.jpg?v=1746520522,,,8.41883E+12,,,,,,3,Style,All-over Print Polo Shirt,,1,,Size,L,,1,,,,,,,
,variation,,Male Teacher Custom Gift Greatest Of All Teachers - Personalized Photo Polo Shirt,1,0,visible,,,,,taxable,parent,1,,,,0,,,,,0,,,38.95,,,,https://cdn.shopify.com/s/files/1/0626/0421/4428/files/Male-Teacher-Custom-Gift-Greatest-Of-All-Teachers--Personalized-Photo-Polo-Shirt_1_089571e7-7492-4bc1-9cc3-2a904a92653f.jpg?v=1746520522,,,8.41883E+12,,,,,,4,Style,All-over Print Polo Shirt,,1,,Size,XL,,1,,,,,,,
,variation,,Male Teacher Custom Gift Greatest Of All Teachers - Personalized Photo Polo Shirt,1,0,visible,,,,,taxable,parent,1,,,,0,,,,,0,,,38.95,,,,https://cdn.shopify.com/s/files/1/0626/0421/4428/files/Male-Teacher-Custom-Gift-Greatest-Of-All-Teachers--Personalized-Photo-Polo-Shirt_1_089571e7-7492-4bc1-9cc3-2a904a92653f.jpg?v=1746520522,,,8.41883E+12,,,,,,5,Style,All-over Print Polo Shirt,,1,,Size,2XL,,1,,,,,,,
,variation,,Male Teacher Custom Gift Greatest Of All Teachers - Personalized Photo Polo Shirt,1,0,visible,,,,,taxable,parent,1,,,,0,,,,,0,,,40.95,,,,https://cdn.shopify.com/s/files/1/0626/0421/4428/files/Male-Teacher-Custom-Gift-Greatest-Of-All-Teachers--Personalized-Photo-Polo-Shirt_1_089571e7-7492-4bc1-9cc3-2a904a92653f.jpg?v=1746520522,,,8.41883E+12,,,,,,6,Style,All-over Print Polo Shirt,,1,,Size,3XL,,1,,,,,,,
,variation,,Male Teacher Custom Gift Greatest Of All Teachers - Personalized Photo Polo Shirt,1,0,visible,,,,,taxable,parent,1,,,,0,,,,,0,,,42.95,,,,https://cdn.shopify.com/s/files/1/0626/0421/4428/files/Male-Teacher-Custom-Gift-Greatest-Of-All-Teachers--Personalized-Photo-Polo-Shirt_1_089571e7-7492-4bc1-9cc3-2a904a92653f.jpg?v=1746520522,,,8.41883E+12,,,,,,7,Style,All-over Print Polo Shirt,,1,,Size,4XL,,1,,,,,,,
,variation,,Male Teacher Custom Gift Greatest Of All Teachers - Personalized Photo Polo Shirt,1,0,visible,,,,,taxable,parent,1,,,,0,,,,,0,,,42.95,,,,https://cdn.shopify.com/s/files/1/0626/0421/4428/files/Male-Teacher-Custom-Gift-Greatest-Of-All-Teachers--Personalized-Photo-Polo-Shirt_1_089571e7-7492-4bc1-9cc3-2a904a92653f.jpg?v=1746520522,,,8.41883E+12,,,,,,8,Style,All-over Print Polo Shirt,,1,,Size,5XL,,1,,,,,,,
,variable,,Patriotic Meowica - Personalized Photo Polo Shirt,1,0,visible,,"<div data-id=""07918756694720521"">
<div data-id=""07918756694720521"">
<div data-id=""07918756694720521"">
<div data-block-id=""block-75b37e0f-bdf4-4222-93a2-33cba27c8b52"">
<div data-block-id=""block-7c6e9a7e-f4b9-447a-a1fd-b1664992b1ac"" data-mce-fragment=""1"">
<div data-block-id=""block-b9605d8a-252d-4558-850f-1e123cb90be1"">
<div data-block-id=""block-9d14a48a-e444-4a73-bc49-d14ef0813b99"">
<div data-block-id=""block-b2a93716-ac2d-43fc-bac3-d4f28f5ebcea"">
<div data-block-id=""block-531f25f6-8aab-49c5-8f92-df38f15bfd0c"">
<div data-zone-id=""0"" data-line-index=""0"" data-line=""true"">
<div data-zone-id=""0"" data-line-index=""1"" data-line=""true"">
<div data-zone-id=""0"" data-line-index=""1"" data-line=""true"">
<div data-line=""true"" data-line-index=""0"" data-zone-id=""0"">
<div data-zone-id=""0"" data-line-index=""0"" data-line=""true"">
<div data-zone-id=""0"" data-line-index=""0"" data-line=""true"">
<div data-zone-id=""0"" data-line-index=""0"" data-line=""true"">
<div data-zone-id=""0"" data-line-index=""0"" data-line=""true"">
<div data-zone-id=""0"" data-line-index=""0"" data-line=""true"">Time spent with cats is never wasted.<br><br>Celebrate Independence Day with a purr-sonalized touch! Our Stars and Stripes Meowica Polo Shirt is perfect for cat lovers who want to show off their patriotic spirit with a dash of humor. This hilarious shirt features adorable cats decked out in red, white, and blue, making it the ultimate conversation starter for your Fourth of July festivities.<br><br>Ideal for any occasion, this funny Hawaiian shirt isn't just for Independence Day; it’s a fantastic gift for Mother's Day, Father's Day, Thanksgiving, Christmas, birthday, anniversaries, or just because. Wear it to barbecues, beach outings, or casual hangouts and watch as it brings a smile to everyone's face. Crafted from lightweight, breathable fabric, it ensures comfort while you enjoy the summer sun.<br><br>Make your celebrations unforgettable with the Stars and Stripes Meowica shirt. Perfect for cat enthusiasts and those who love a good laugh, this unique shirt will become a beloved staple in your festive wardrobe.</div>
<div data-zone-id=""0"" data-line-index=""0"" data-line=""true""><br></div>
<div data-zone-id=""0"" data-line-index=""0"" data-line=""true""><strong>MESSAGE:</strong></div>
<div data-zone-id=""0"" data-line-index=""0"" data-line=""true"">
<ul>
<li>Meowica.</li>
<li>Woofica.</li>
<li>America.</li>
</ul>
<br><strong>PRODUCT DETAILS:</strong>
</div>
</div>
</div>
</div>
</div>
</div>
</div>
</div>
</div>
</div>
</div>
</div>
</div>
</div>
</div>
</div>
</div>
</div>
<div data-id=""07918756694720521"">
<div data-id=""07918756694720521"">
<ul>
<li>Material: Bird-eye pique fabric with 3-5% Spandex – Lightweight, breathable, moisture-wicking, stretchable quick-drying fabric that is comfortable to wear as a casual or activewear outfit.</li>
<li>Regular fit allows you to move freely and conveniently.</li>
<li>Pull-on closure with 3-button placket – Classic Polo style yet comfortable to put on and take off.</li>
<li>Double-stitch hems for durability.</li>
<li>Sublimation printing creates vibrant and clear prints on the fabric which won’t come off.</li>
</ul>
</div>
</div>
<style type=""text/css""><!--
br {mso-data-placement:same-cell;}
--></style>
<style type=""text/css""><!--
br {mso-data-placement:same-cell;}
--></style>
<style type=""text/css""><!--
br {mso-data-placement:same-cell;}
--></style>",,,taxable,,1,,,0,0,,,,,1,,,,Polo Shirt,,,"https://cdn.shopify.com/s/files/1/0626/0421/4428/files/Patriotic-Meowica-Personalized-Photo-Polo-Shirt_1.jpg?v=1719327492,https://cdn.shopify.com/s/files/1/0626/0421/4428/files/Patriotic-Meowica-Personalized-Photo-Polo-Shirt_1.5.jpg?v=1719327492,https://cdn.shopify.com/s/files/1/0626/0421/4428/files/Cut_face_d5aca7be-b19d-46ee-9c0a-944d5027ab9c.jpg?v=1719327492,https://cdn.shopify.com/s/files/1/0626/0421/4428/files/Patriotic-Meowica-Personalized-Photo-Polo-Shirt_2.jpg?v=1719327492,https://cdn.shopify.com/s/files/1/0626/0421/4428/files/Patriotic-Meowica-Personalized-Photo-Polo-Shirt_3.jpg?v=1719327492,https://cdn.shopify.com/s/files/1/0626/0421/4428/files/Patriotic-Meowica-Personalized-Photo-Polo-Shirt_4.jpg?v=1719327492,https://cdn.shopify.com/s/files/1/0626/0421/4428/files/Patriotic-Meowica-Personalized-Photo-Polo-Shirt_5.jpg?v=1719327492",,,,,,,,,0,Style,All-over Print Polo Shirt,0,1,All-over Print Polo Shirt,Size,"S,M,L,XL,2XL,3XL,4XL,5XL",0,1,S,,,,,,
,variation,,Patriotic Meowica - Personalized Photo Polo Shirt,1,0,visible,,,,,taxable,parent,1,,,,0,,,,,0,,,32.95,,,,https://cdn.shopify.com/s/files/1/0626/0421/4428/files/Patriotic-Meowica-Personalized-Photo-Polo-Shirt_1.jpg?v=1719327492,,,8.16883E+12,,,,,,1,Style,All-over Print Polo Shirt,,1,,Size,S,,1,,,,,,,
,variation,,Patriotic Meowica - Personalized Photo Polo Shirt,1,0,visible,,,,,taxable,parent,1,,,,0,,,,,0,,,34.95,,,,https://cdn.shopify.com/s/files/1/0626/0421/4428/files/Patriotic-Meowica-Personalized-Photo-Polo-Shirt_1.jpg?v=1719327492,,,8.16883E+12,,,,,,2,Style,All-over Print Polo Shirt,,1,,Size,M,,1,,,,,,,
,variation,,Patriotic Meowica - Personalized Photo Polo Shirt,1,0,visible,,,,,taxable,parent,1,,,,0,,,,,0,,,36.95,,,,https://cdn.shopify.com/s/files/1/0626/0421/4428/files/Patriotic-Meowica-Personalized-Photo-Polo-Shirt_1.jpg?v=1719327492,,,8.16883E+12,,,,,,3,Style,All-over Print Polo Shirt,,1,,Size,L,,1,,,,,,,
,variation,,Patriotic Meowica - Personalized Photo Polo Shirt,1,0,visible,,,,,taxable,parent,1,,,,0,,,,,0,,,38.95,,,,https://cdn.shopify.com/s/files/1/0626/0421/4428/files/Patriotic-Meowica-Personalized-Photo-Polo-Shirt_1.jpg?v=1719327492,,,8.16883E+12,,,,,,4,Style,All-over Print Polo Shirt,,1,,Size,XL,,1,,,,,,,
,variation,,Patriotic Meowica - Personalized Photo Polo Shirt,1,0,visible,,,,,taxable,parent,1,,,,0,,,,,0,,,38.95,,,,https://cdn.shopify.com/s/files/1/0626/0421/4428/files/Patriotic-Meowica-Personalized-Photo-Polo-Shirt_1.jpg?v=1719327492,,,8.16883E+12,,,,,,5,Style,All-over Print Polo Shirt,,1,,Size,2XL,,1,,,,,,,
,variation,,Patriotic Meowica - Personalized Photo Polo Shirt,1,0,visible,,,,,taxable,parent,1,,,,0,,,,,0,,,40.95,,,,https://cdn.shopify.com/s/files/1/0626/0421/4428/files/Patriotic-Meowica-Personalized-Photo-Polo-Shirt_1.jpg?v=1719327492,,,8.16883E+12,,,,,,6,Style,All-over Print Polo Shirt,,1,,Size,3XL,,1,,,,,,,
,variation,,Patriotic Meowica - Personalized Photo Polo Shirt,1,0,visible,,,,,taxable,parent,1,,,,0,,,,,0,,,42.95,,,,https://cdn.shopify.com/s/files/1/0626/0421/4428/files/Patriotic-Meowica-Personalized-Photo-Polo-Shirt_1.jpg?v=1719327492,,,8.16883E+12,,,,,,7,Style,All-over Print Polo Shirt,,1,,Size,4XL,,1,,,,,,,
,variation,,Patriotic Meowica - Personalized Photo Polo Shirt,1,0,visible,,,,,taxable,parent,1,,,,0,,,,,0,,,42.95,,,,https://cdn.shopify.com/s/files/1/0626/0421/4428/files/Patriotic-Meowica-Personalized-Photo-Polo-Shirt_1.jpg?v=1719327492,,,8.16883E+12,,,,,,8,Style,All-over Print Polo Shirt,,1,,Size,5XL,,1,,,,,,,
,variable,,Billiard 8 Ball Flaming Pattern Polo Shirt - Custom Polo Shirt,1,0,visible,,"<div data-id=""07918756694720521"">
<div data-id=""07918756694720521"">
<div data-id=""07918756694720521"">
<div data-block-id=""block-75b37e0f-bdf4-4222-93a2-33cba27c8b52"" class=""ql-block"">
<div class=""ql-block"" data-block-id=""block-7c6e9a7e-f4b9-447a-a1fd-b1664992b1ac"" data-mce-fragment=""1"">
<div data-block-id=""block-b9605d8a-252d-4558-850f-1e123cb90be1"" class=""ql-block"">
<div data-block-id=""block-9d14a48a-e444-4a73-bc49-d14ef0813b99"" class=""ql-block"">
<div data-block-id=""block-b2a93716-ac2d-43fc-bac3-d4f28f5ebcea"" class=""ql-block"">
<div data-block-id=""block-531f25f6-8aab-49c5-8f92-df38f15bfd0c"" class=""ql-block"">
<div data-block-id=""block-da104865-b071-4cf1-9e05-b7f8fb879e07"" class=""ql-block"">
<div data-block-id=""block-9f9f2582-304c-484d-b027-ad9d6792a4b9"" class=""ql-block"">
<div data-block-id=""block-728a2da2-39b7-4d14-95c6-44b1269242cd"" class=""ql-block"">Elevate your billiard game with our ""Billiard 8 Ball Flaming Pattern"" Custom Polo Shirt – a custom-designed masterpiece that adds a touch of flair to your game. This polo shirt features a vibrant flaming 8-ball pattern, creating a unique and eye-catching look.</div>
<div data-block-id=""block-a8f7ce9a-c30a-4efa-a4b2-27c0592cad80"" class=""ql-block"">Customize the shirt with your name or your team's name for a personalized touch, making it the perfect gift for billiard enthusiasts, men, husbands, or dads who love the game. The dynamic design reflects the excitement and energy of the billiard table, making it a standout piece both on and off the game.</div>
<div data-block-id=""block-673e0fe6-2a85-40a1-97d7-c534b49a4ef3"" class=""ql-block"">Crafted for comfort and style, this polo shirt is suitable for your billiard sessions, casual outings, or as a unique gift for the billiard aficionado in your life. Step up your style and showcase your love for the game with the ""Billiard 8 Ball Flaming Pattern"" Polo Shirt – a perfect blend of customization, quality, and billiard passion.</div>
</div>
<div data-block-id=""block-86f8d042-b86c-4d54-a5e8-b92a37b5c771"" class=""ql-block""><br></div>
</div>
</div>
</div>
</div>
</div>
</div>
</div>
<p data-mce-style=""text-align: left;""><strong>PRODUCT DETAILS:</strong></p>
</div>
</div>
</div>
<div data-id=""07918756694720521"">
<div data-id=""07918756694720521"">
<ul>
<li>Material: Bird-eye pique fabric with 3-5% Spandex – Lightweight, breathable, moisture-wicking, stretchable quick-drying fabric that is comfortable to wear as a casual or activewear outfit.</li>
<li>Regular fit allows you to move freely and conveniently.</li>
<li>Pull-on closure with 3-button placket – Classic Polo style yet comfortable to put on and take off.</li>
<li>Double-stitch hems for durability.</li>
<li>Sublimation printing creates vibrant and clear prints on the fabric which won’t come off.</li>
</ul>
</div>
</div>
<div data-id=""07918756694720521"">
<ul></ul>
<br>
</div>
<style type=""text/css""><!--
br {mso-data-placement:same-cell;}
--></style>
<style type=""text/css""><!--
br {mso-data-placement:same-cell;}
--></style>
<style type=""text/css""><!--
br {mso-data-placement:same-cell;}
--></style>",,,taxable,,1,,,0,0,,,,,1,,,,Polo Shirt,,,"https://cdn.shopify.com/s/files/1/0626/0421/4428/products/Billiard-8-Ball-Flaming-Pattern-Polo-Shirt-Custom-Polo-Shirt_1.jpg?v=1710593586,https://cdn.shopify.com/s/files/1/0626/0421/4428/products/Billiard-8-Ball-Flaming-Pattern-Polo-Shirt-Custom-Polo-Shirt_2.jpg?v=1710593586,https://cdn.shopify.com/s/files/1/0626/0421/4428/products/Billiard-8-Ball-Flaming-Pattern-Polo-Shirt-Custom-Polo-Shirt_3.jpg?v=1710593586,https://cdn.shopify.com/s/files/1/0626/0421/4428/products/Billiard-8-Ball-Flaming-Pattern-Polo-Shirt-Custom-Polo-Shirt_4.jpg?v=1710593586,https://cdn.shopify.com/s/files/1/0626/0421/4428/products/Billiard-8-Ball-Flaming-Pattern-Polo-Shirt-Custom-Polo-Shirt_5.jpg?v=1710593586,https://cdn.shopify.com/s/files/1/0626/0421/4428/products/Billiard-8-Ball-Flaming-Pattern-Polo-Shirt-Custom-Polo-Shirt_6.jpg?v=1710593586,https://cdn.shopify.com/s/files/1/0626/0421/4428/products/Billiard-8-Ball-Flaming-Pattern-Polo-Shirt-Custom-Polo-Shirt_7.jpg?v=1710593586",,,,,,,,,0,Style,All-over Print Polo Shirt,0,1,All-over Print Polo Shirt,Size,"S,M,L,XL,2XL,3XL,4XL,5XL",0,1,S,,,,,,
,variation,,Billiard 8 Ball Flaming Pattern Polo Shirt - Custom Polo Shirt,1,0,visible,,,,,taxable,parent,1,,,,0,,,,,0,,,32.95,,,,https://cdn.shopify.com/s/files/1/0626/0421/4428/products/Billiard-8-Ball-Flaming-Pattern-Polo-Shirt-Custom-Polo-Shirt_1.jpg?v=1710593586,,,7.90371E+12,,,,,,1,Style,All-over Print Polo Shirt,,1,,Size,S,,1,,,,,,,
,variation,,Billiard 8 Ball Flaming Pattern Polo Shirt - Custom Polo Shirt,1,0,visible,,,,,taxable,parent,1,,,,0,,,,,0,,,34.95,,,,https://cdn.shopify.com/s/files/1/0626/0421/4428/products/Billiard-8-Ball-Flaming-Pattern-Polo-Shirt-Custom-Polo-Shirt_1.jpg?v=1710593586,,,7.90371E+12,,,,,,2,Style,All-over Print Polo Shirt,,1,,Size,M,,1,,,,,,,
,variation,,Billiard 8 Ball Flaming Pattern Polo Shirt - Custom Polo Shirt,1,0,visible,,,,,taxable,parent,1,,,,0,,,,,0,,,36.95,,,,https://cdn.shopify.com/s/files/1/0626/0421/4428/products/Billiard-8-Ball-Flaming-Pattern-Polo-Shirt-Custom-Polo-Shirt_1.jpg?v=1710593586,,,7.90371E+12,,,,,,3,Style,All-over Print Polo Shirt,,1,,Size,L,,1,,,,,,,
,variation,,Billiard 8 Ball Flaming Pattern Polo Shirt - Custom Polo Shirt,1,0,visible,,,,,taxable,parent,1,,,,0,,,,,0,,,38.95,,,,https://cdn.shopify.com/s/files/1/0626/0421/4428/products/Billiard-8-Ball-Flaming-Pattern-Polo-Shirt-Custom-Polo-Shirt_1.jpg?v=1710593586,,,7.90371E+12,,,,,,4,Style,All-over Print Polo Shirt,,1,,Size,XL,,1,,,,,,,
,variation,,Billiard 8 Ball Flaming Pattern Polo Shirt - Custom Polo Shirt,1,0,visible,,,,,taxable,parent,1,,,,0,,,,,0,,,38.95,,,,https://cdn.shopify.com/s/files/1/0626/0421/4428/products/Billiard-8-Ball-Flaming-Pattern-Polo-Shirt-Custom-Polo-Shirt_1.jpg?v=1710593586,,,7.90371E+12,,,,,,5,Style,All-over Print Polo Shirt,,1,,Size,2XL,,1,,,,,,,
,variation,,Billiard 8 Ball Flaming Pattern Polo Shirt - Custom Polo Shirt,1,0,visible,,,,,taxable,parent,1,,,,0,,,,,0,,,40.95,,,,https://cdn.shopify.com/s/files/1/0626/0421/4428/products/Billiard-8-Ball-Flaming-Pattern-Polo-Shirt-Custom-Polo-Shirt_1.jpg?v=1710593586,,,7.90371E+12,,,,,,6,Style,All-over Print Polo Shirt,,1,,Size,3XL,,1,,,,,,,
,variation,,Billiard 8 Ball Flaming Pattern Polo Shirt - Custom Polo Shirt,1,0,visible,,,,,taxable,parent,1,,,,0,,,,,0,,,42.95,,,,https://cdn.shopify.com/s/files/1/0626/0421/4428/products/Billiard-8-Ball-Flaming-Pattern-Polo-Shirt-Custom-Polo-Shirt_1.jpg?v=1710593586,,,7.90371E+12,,,,,,7,Style,All-over Print Polo Shirt,,1,,Size,4XL,,1,,,,,,,
,variation,,Billiard 8 Ball Flaming Pattern Polo Shirt - Custom Polo Shirt,1,0,visible,,,,,taxable,parent,1,,,,0,,,,,0,,,42.95,,,,https://cdn.shopify.com/s/files/1/0626/0421/4428/products/Billiard-8-Ball-Flaming-Pattern-Polo-Shirt-Custom-Polo-Shirt_1.jpg?v=1710593586,,,7.90371E+12,,,,,,8,Style,All-over Print Polo Shirt,,1,,Size,5XL,,1,,,,,,,
,variable,,Golf & Dog Lovers - Favorite Caddy Dog Dad Gifts - Personalized Photo Polo Shirt,1,0,visible,,"<div data-id=""07918756694720521"">
<div data-id=""07918756694720521"">
<div data-id=""07918756694720521"">
<div data-block-id=""block-75b37e0f-bdf4-4222-93a2-33cba27c8b52"">
<div data-block-id=""block-7c6e9a7e-f4b9-447a-a1fd-b1664992b1ac"">
<div data-block-id=""block-b9605d8a-252d-4558-850f-1e123cb90be1"">
<div data-block-id=""block-9d14a48a-e444-4a73-bc49-d14ef0813b99"">
<div data-block-id=""block-b2a93716-ac2d-43fc-bac3-d4f28f5ebcea"">
<div data-block-id=""block-531f25f6-8aab-49c5-8f92-df38f15bfd0c"">
<div data-line=""true"" data-line-index=""0"" data-zone-id=""0"">
<div data-line=""true"" data-line-index=""1"" data-zone-id=""0"">
<div data-line=""true"" data-line-index=""1"" data-zone-id=""0"">
<div data-line=""true"" data-line-index=""0"" data-zone-id=""0"">
<div data-line=""true"" data-line-index=""0"" data-zone-id=""0"">
<div data-zone-id=""0"" data-line-index=""0"" data-line=""true"">
<div data-zone-id=""0"" data-line-index=""0"" data-line=""true"">
<div data-zone-id=""0"" data-line-index=""0"" data-line=""true"">
<div data-zone-id=""0"" data-line-index=""0"" data-line=""true"">
<div data-line=""true"" data-line-index=""0"" data-zone-id=""0"">Golf &amp; Dog Lovers – Favorite Caddy Dog Dad Gifts – Personalized Polo Shirt With Custom Dog Photo<br><br>
</div>
<div data-line=""true"" data-line-index=""1"" data-zone-id=""0"">Celebrate the best Dog Dad &amp; Golfer in your life with this Personalized Polo Shirt, featuring a custom photo of his furry caddy! Whether he's hitting the green or just showing off his two favorite things—golf and his dog—this shirt is a hole-in-one gift.<br><br>
</div>
<div data-line=""true"" data-line-index=""2"" data-zone-id=""0"">Perfect for Father's Day, birthdays, or just because, it’s a thoughtful and funny gift for dog dads who love golf, combining comfort, personality, and style in every swing.</div>
</div>
</div>
</div>
</div>
</div>
</div>
</div>
</div>
</div>
</div>
</div>
</div>
</div>
</div>
<p data-block-id=""block-0cd9770c-cce7-4d52-8647-3056a6c76c13""><br><strong>PRODUCT DETAILS:</strong></p>
</div>
</div>
</div>
</div>
<div data-id=""07918756694720521"">
<div data-id=""07918756694720521"">
<ul>
<li>Material: Bird-eye pique fabric with 3-5% Spandex – Lightweight, breathable, moisture-wicking, stretchable quick-drying fabric that is comfortable to wear as a casual or activewear outfit.</li>
<li>Regular fit allows you to move freely and conveniently.</li>
<li>Pull-on closure with 3-button placket – Classic Polo style yet comfortable to put on and take off.</li>
<li>Double-stitch hems for durability.</li>
<li>Sublimation printing creates vibrant and clear prints on the fabric which won’t come off.</li>
</ul>
</div>
</div>",,,taxable,,1,,,0,0,,,,,1,,,,Polo Shirt,,,"https://cdn.shopify.com/s/files/1/0626/0421/4428/files/Golf-_-Dog-Lovers-Favorite-Caddy-Dog-Dad-Gifts-Personalized-Photo-Polo-Shirt_1.jpg?v=1749519987,https://cdn.shopify.com/s/files/1/0626/0421/4428/files/Golf-_-Dog-Lovers-Favorite-Caddy-Dog-Dad-Gifts-Personalized-Photo-Polo-Shirt_2.jpg?v=1749519987,https://cdn.shopify.com/s/files/1/0626/0421/4428/files/Macorner-Remove-Background-Photo-Guidelines.png?v=1758014608,https://cdn.shopify.com/s/files/1/0626/0421/4428/files/Golf-_-Dog-Lovers-Favorite-Caddy-Dog-Dad-Gifts-Personalized-Photo-Polo-Shirt_3.jpg?v=1749520132,https://cdn.shopify.com/s/files/1/0626/0421/4428/files/Golf-_-Dog-Lovers-Favorite-Caddy-Dog-Dad-Gifts-Personalized-Photo-Polo-Shirt_4.jpg?v=1749520132,https://cdn.shopify.com/s/files/1/0626/0421/4428/files/Golf-_-Dog-Lovers-Favorite-Caddy-Dog-Dad-Gifts-Personalized-Photo-Polo-Shirt_5.jpg?v=1749520132,https://cdn.shopify.com/s/files/1/0626/0421/4428/files/Golf-_-Dog-Lovers-Favorite-Caddy-Dog-Dad-Gifts-Personalized-Photo-Polo-Shirt_6.jpg?v=1749520132",,,,,,,,,0,Style,All-over Print Polo Shirt,0,1,All-over Print Polo Shirt,Size,"S,M,L,XL,2XL,3XL,4XL,5XL",0,1,S,,,,,,
,variation,,Golf & Dog Lovers - Favorite Caddy Dog Dad Gifts - Personalized Photo Polo Shirt,1,0,visible,,,,,taxable,parent,1,,,,0,,,,,0,,,32.95,,,,https://cdn.shopify.com/s/files/1/0626/0421/4428/files/Golf-_-Dog-Lovers-Favorite-Caddy-Dog-Dad-Gifts-Personalized-Photo-Polo-Shirt_1.jpg?v=1749519987,,,8.4454E+12,,,,,,1,Style,All-over Print Polo Shirt,,1,,Size,S,,1,,,,,,,
,variation,,Golf & Dog Lovers - Favorite Caddy Dog Dad Gifts - Personalized Photo Polo Shirt,1,0,visible,,,,,taxable,parent,1,,,,0,,,,,0,,,34.95,,,,https://cdn.shopify.com/s/files/1/0626/0421/4428/files/Golf-_-Dog-Lovers-Favorite-Caddy-Dog-Dad-Gifts-Personalized-Photo-Polo-Shirt_1.jpg?v=1749519987,,,8.4454E+12,,,,,,2,Style,All-over Print Polo Shirt,,1,,Size,M,,1,,,,,,,
,variation,,Golf & Dog Lovers - Favorite Caddy Dog Dad Gifts - Personalized Photo Polo Shirt,1,0,visible,,,,,taxable,parent,1,,,,0,,,,,0,,,36.95,,,,https://cdn.shopify.com/s/files/1/0626/0421/4428/files/Golf-_-Dog-Lovers-Favorite-Caddy-Dog-Dad-Gifts-Personalized-Photo-Polo-Shirt_1.jpg?v=1749519987,,,8.4454E+12,,,,,,3,Style,All-over Print Polo Shirt,,1,,Size,L,,1,,,,,,,
,variation,,Golf & Dog Lovers - Favorite Caddy Dog Dad Gifts - Personalized Photo Polo Shirt,1,0,visible,,,,,taxable,parent,1,,,,0,,,,,0,,,38.95,,,,https://cdn.shopify.com/s/files/1/0626/0421/4428/files/Golf-_-Dog-Lovers-Favorite-Caddy-Dog-Dad-Gifts-Personalized-Photo-Polo-Shirt_1.jpg?v=1749519987,,,8.4454E+12,,,,,,4,Style,All-over Print Polo Shirt,,1,,Size,XL,,1,,,,,,,
,variation,,Golf & Dog Lovers - Favorite Caddy Dog Dad Gifts - Personalized Photo Polo Shirt,1,0,visible,,,,,taxable,parent,1,,,,0,,,,,0,,,38.95,,,,https://cdn.shopify.com/s/files/1/0626/0421/4428/files/Golf-_-Dog-Lovers-Favorite-Caddy-Dog-Dad-Gifts-Personalized-Photo-Polo-Shirt_1.jpg?v=1749519987,,,8.4454E+12,,,,,,5,Style,All-over Print Polo Shirt,,1,,Size,2XL,,1,,,,,,,
,variation,,Golf & Dog Lovers - Favorite Caddy Dog Dad Gifts - Personalized Photo Polo Shirt,1,0,visible,,,,,taxable,parent,1,,,,0,,,,,0,,,40.95,,,,https://cdn.shopify.com/s/files/1/0626/0421/4428/files/Golf-_-Dog-Lovers-Favorite-Caddy-Dog-Dad-Gifts-Personalized-Photo-Polo-Shirt_1.jpg?v=1749519987,,,8.4454E+12,,,,,,6,Style,All-over Print Polo Shirt,,1,,Size,3XL,,1,,,,,,,
,variation,,Golf & Dog Lovers - Favorite Caddy Dog Dad Gifts - Personalized Photo Polo Shirt,1,0,visible,,,,,taxable,parent,1,,,,0,,,,,0,,,42.95,,,,https://cdn.shopify.com/s/files/1/0626/0421/4428/files/Golf-_-Dog-Lovers-Favorite-Caddy-Dog-Dad-Gifts-Personalized-Photo-Polo-Shirt_1.jpg?v=1749519987,,,8.4454E+12,,,,,,7,Style,All-over Print Polo Shirt,,1,,Size,4XL,,1,,,,,,,
,variation,,Golf & Dog Lovers - Favorite Caddy Dog Dad Gifts - Personalized Photo Polo Shirt,1,0,visible,,,,,taxable,parent,1,,,,0,,,,,0,,,42.95,,,,https://cdn.shopify.com/s/files/1/0626/0421/4428/files/Golf-_-Dog-Lovers-Favorite-Caddy-Dog-Dad-Gifts-Personalized-Photo-Polo-Shirt_1.jpg?v=1749519987,,,8.4454E+12,,,,,,8,Style,All-over Print Polo Shirt,,1,,Size,5XL,,1,,,,,,,
,variable,,This Awesome Daddy Belongs To - Personalized Polo Shirt,1,0,visible,,"<div data-id=""07918756694720521"">
<div data-id=""07918756694720521"">
<div data-id=""07918756694720521"">
<div data-block-id=""block-75b37e0f-bdf4-4222-93a2-33cba27c8b52"">
<div data-block-id=""block-7c6e9a7e-f4b9-447a-a1fd-b1664992b1ac"" data-mce-fragment=""1"">
<div data-block-id=""block-b9605d8a-252d-4558-850f-1e123cb90be1"">
<div data-block-id=""block-9d14a48a-e444-4a73-bc49-d14ef0813b99"">
<div data-block-id=""block-b2a93716-ac2d-43fc-bac3-d4f28f5ebcea"">
<div data-block-id=""block-531f25f6-8aab-49c5-8f92-df38f15bfd0c"">
<div data-zone-id=""0"" data-line-index=""0"" data-line=""true"">
<div data-zone-id=""0"" data-line-index=""1"" data-line=""true"">
<div data-zone-id=""0"" data-line-index=""1"" data-line=""true"">
<div data-line=""true"" data-line-index=""0"" data-zone-id=""0"">
<div data-zone-id=""0"" data-line-index=""0"" data-line=""true"">Introduce the ""This Awesome Daddy Belongs To"" Polo Shirt—a Father's Day gift that's as special and unique as the dad who wears it! Crafted for comfort and designed with love, this polo is more than just attire—it's a statement of pride.<br><br>
</div>
<div data-zone-id=""0"" data-line-index=""1"" data-line=""true"">Made from soft, breathable fabric, this polo ensures dad stays comfortable whether he's on the golf course, at work, or just lounging at home. The highlight of this shirt is the customizable feature where you can add the names of his kids right on the shirt, making it a truly personal gift that speaks directly to his heart.</div>
</div>
</div>
</div>
</div>
</div>
</div>
</div>
</div>
</div>
<p data-block-id=""block-0cd9770c-cce7-4d52-8647-3056a6c76c13""><br><strong>MESSAGE:</strong> This awesome daddy belongs to.<br><br><strong>PRODUCT DETAILS:</strong></p>
</div>
</div>
</div>
</div>
<div data-id=""07918756694720521"">
<div data-id=""07918756694720521"">
<ul>
<li>Material: Bird-eye pique fabric with 3-5% Spandex – Lightweight, breathable, moisture-wicking, stretchable quick-drying fabric that is comfortable to wear as a casual or activewear outfit.</li>
<li>Regular fit allows you to move freely and conveniently.</li>
<li>Pull-on closure with 3-button placket – Classic Polo style yet comfortable to put on and take off.</li>
<li>Double-stitch hems for durability.</li>
<li>Sublimation printing creates vibrant and clear prints on the fabric which won’t come off.</li>
</ul>
</div>
</div>
<style type=""text/css""><!--
br {mso-data-placement:same-cell;}
--></style>
<style type=""text/css""><!--
br {mso-data-placement:same-cell;}
--></style>
<style type=""text/css""><!--
br {mso-data-placement:same-cell;}
--></style>",,,taxable,,1,,,0,0,,,,,1,,,,Polo Shirt,,,"https://cdn.shopify.com/s/files/1/0626/0421/4428/files/This-Awesome-Daddy-Belongs-To-Personalized-Polo-Shirt_1.jpg?v=1718350647,https://cdn.shopify.com/s/files/1/0626/0421/4428/files/This-Awesome-Daddy-Belongs-To-Personalized-Polo-Shirt_2.jpg?v=1718350647,https://cdn.shopify.com/s/files/1/0626/0421/4428/files/This-Awesome-Daddy-Belongs-To-Personalized-Polo-Shirt_3.jpg?v=1718350647,https://cdn.shopify.com/s/files/1/0626/0421/4428/files/This-Awesome-Daddy-Belongs-To-Personalized-Polo-Shirt_4.jpg?v=1718350648,https://cdn.shopify.com/s/files/1/0626/0421/4428/files/This-Awesome-Daddy-Belongs-To-Personalized-Polo-Shirt_5.jpg?v=1718350648,https://cdn.shopify.com/s/files/1/0626/0421/4428/files/This-Awesome-Daddy-Belongs-To-Personalized-Polo-Shirt_6.jpg?v=1718350648",,,,,,,,,0,Style,All-over Print Polo Shirt,0,1,All-over Print Polo Shirt,Size,"S,M,L,XL,2XL,3XL,4XL,5XL",0,1,S,,,,,,
,variation,,This Awesome Daddy Belongs To - Personalized Polo Shirt,1,0,visible,,,,,taxable,parent,1,,,,0,,,,,0,,,32.95,,,,https://cdn.shopify.com/s/files/1/0626/0421/4428/files/This-Awesome-Daddy-Belongs-To-Personalized-Polo-Shirt_1.jpg?v=1718350647,,,8.15117E+12,,,,,,1,Style,All-over Print Polo Shirt,,1,,Size,S,,1,,,,,,,
,variation,,This Awesome Daddy Belongs To - Personalized Polo Shirt,1,0,visible,,,,,taxable,parent,1,,,,0,,,,,0,,,34.95,,,,https://cdn.shopify.com/s/files/1/0626/0421/4428/files/This-Awesome-Daddy-Belongs-To-Personalized-Polo-Shirt_1.jpg?v=1718350647,,,8.15117E+12,,,,,,2,Style,All-over Print Polo Shirt,,1,,Size,M,,1,,,,,,,
,variation,,This Awesome Daddy Belongs To - Personalized Polo Shirt,1,0,visible,,,,,taxable,parent,1,,,,0,,,,,0,,,36.95,,,,https://cdn.shopify.com/s/files/1/0626/0421/4428/files/This-Awesome-Daddy-Belongs-To-Personalized-Polo-Shirt_1.jpg?v=1718350647,,,8.15117E+12,,,,,,3,Style,All-over Print Polo Shirt,,1,,Size,L,,1,,,,,,,
,variation,,This Awesome Daddy Belongs To - Personalized Polo Shirt,1,0,visible,,,,,taxable,parent,1,,,,0,,,,,0,,,38.95,,,,https://cdn.shopify.com/s/files/1/0626/0421/4428/files/This-Awesome-Daddy-Belongs-To-Personalized-Polo-Shirt_1.jpg?v=1718350647,,,8.15117E+12,,,,,,4,Style,All-over Print Polo Shirt,,1,,Size,XL,,1,,,,,,,
,variation,,This Awesome Daddy Belongs To - Personalized Polo Shirt,1,0,visible,,,,,taxable,parent,1,,,,0,,,,,0,,,38.95,,,,https://cdn.shopify.com/s/files/1/0626/0421/4428/files/This-Awesome-Daddy-Belongs-To-Personalized-Polo-Shirt_1.jpg?v=1718350647,,,8.15117E+12,,,,,,5,Style,All-over Print Polo Shirt,,1,,Size,2XL,,1,,,,,,,
,variation,,This Awesome Daddy Belongs To - Personalized Polo Shirt,1,0,visible,,,,,taxable,parent,1,,,,0,,,,,0,,,40.95,,,,https://cdn.shopify.com/s/files/1/0626/0421/4428/files/This-Awesome-Daddy-Belongs-To-Personalized-Polo-Shirt_1.jpg?v=1718350647,,,8.15117E+12,,,,,,6,Style,All-over Print Polo Shirt,,1,,Size,3XL,,1,,,,,,,
,variation,,This Awesome Daddy Belongs To - Personalized Polo Shirt,1,0,visible,,,,,taxable,parent,1,,,,0,,,,,0,,,42.95,,,,https://cdn.shopify.com/s/files/1/0626/0421/4428/files/This-Awesome-Daddy-Belongs-To-Personalized-Polo-Shirt_1.jpg?v=1718350647,,,8.15117E+12,,,,,,7,Style,All-over Print Polo Shirt,,1,,Size,4XL,,1,,,,,,,
,variation,,This Awesome Daddy Belongs To - Personalized Polo Shirt,1,0,visible,,,,,taxable,parent,1,,,,0,,,,,0,,,42.95,,,,https://cdn.shopify.com/s/files/1/0626/0421/4428/files/This-Awesome-Daddy-Belongs-To-Personalized-Polo-Shirt_1.jpg?v=1718350647,,,8.15117E+12,,,,,,8,Style,All-over Print Polo Shirt,,1,,Size,5XL,,1,,,,,,,
,variable,,The Golfing Legend Golf Polo Gift For Golf Lovers - Custom Golf Shirt,1,0,visible,,"<div data-id=""07918756694720521"">
<div data-id=""07918756694720521"">
<div data-id=""07918756694720521"">
<div data-block-id=""block-75b37e0f-bdf4-4222-93a2-33cba27c8b52"" class=""ql-block"">
<div data-block-id=""block-0cd9770c-cce7-4d52-8647-3056a6c76c13"" class=""ql-block"">Elevate your golfing experience with our ""The Golfing Legend Golf Polo"" - Personalized Polo Shirt. This custom polo shirt is more than just sportswear; it's a statement of your passion for golf.<br><br>Add a personalized touch with your name, making this polo shirt a unique and thoughtful gift for golf lovers. The high-quality fabric ensures comfort, whether you're on the golf course, traveling, or enjoying time with family and friends.<br><br>Designed for both style and performance, this polo shirt captures the essence of the golf spirit. It's a perfect gift for dad, husband, or friends who appreciate the game. Stand out on the golf course or wherever your adventures take you with this customized polo shirt that blends comfort, style, and your love for golf.<br><br>Make every golfing moment legendary and personalized with this unique golf polo shirt, a fitting choice for golf enthusiasts and a stylish addition to any wardrobe. Enjoy the comfort and style not only on the golf course but also during your travels or family outings.<br><br>
</div>
</div>
<p data-mce-style=""text-align: left;""><strong>PRODUCT DETAILS:</strong></p>
</div>
</div>
</div>
<div data-id=""07918756694720521"">
<div data-id=""07918756694720521"">
<ul>
<li>Material: Bird-eye pique fabric with 3-5% Spandex – Lightweight, breathable, moisture-wicking, stretchable quick-drying fabric that is comfortable to wear as a casual or activewear outfit.</li>
<li>Regular fit allows you to move freely and conveniently.</li>
<li>Pull-on closure with 3-button placket – Classic Polo style yet comfortable to put on and take off.</li>
<li>Double-stitch hems for durability.</li>
<li>Sublimation printing creates vibrant and clear prints on the fabric which won’t come off.</li>
</ul>
</div>
</div>
<div data-id=""07918756694720521"">
<ul></ul>
</div>
<style type=""text/css""><!--
br {mso-data-placement:same-cell;}
--></style>
<style type=""text/css""><!--
br {mso-data-placement:same-cell;}
--></style>
<style type=""text/css""><!--
br {mso-data-placement:same-cell;}
--></style>",,,taxable,,1,,,0,0,,,,,1,,,,Polo Shirt,,,"https://cdn.shopify.com/s/files/1/0626/0421/4428/products/The-Golfing-LegendGolf-Polo-Giff-For-Golf-Lovers-Custom-Golf-Shirt_1.jpg?v=1710594067,https://cdn.shopify.com/s/files/1/0626/0421/4428/products/The-Golfing-LegendGolf-Polo-Giff-For-Golf-Lovers-Custom-Golf-Shirt_2.jpg?v=1710594067,https://cdn.shopify.com/s/files/1/0626/0421/4428/products/The-Golfing-LegendGolf-Polo-Giff-For-Golf-Lovers-Custom-Golf-Shirt_3.jpg?v=1710594067,https://cdn.shopify.com/s/files/1/0626/0421/4428/products/The-Golfing-LegendGolf-Polo-Giff-For-Golf-Lovers-Custom-Golf-Shirt_4.jpg?v=1710594067,https://cdn.shopify.com/s/files/1/0626/0421/4428/products/The-Golfing-LegendGolf-Polo-Giff-For-Golf-Lovers-Custom-Golf-Shirt_5.jpg?v=1710594068,https://cdn.shopify.com/s/files/1/0626/0421/4428/products/The-Golfing-LegendGolf-Polo-Giff-For-Golf-Lovers-Custom-Golf-Shirt_6.jpg?v=1710594068",,,,,,,,,0,Style,All-over Print Polo Shirt,0,1,All-over Print Polo Shirt,Size,"S,M,L,XL,2XL,3XL,4XL,5XL",0,1,S,,,,,,
,variation,,The Golfing Legend Golf Polo Gift For Golf Lovers - Custom Golf Shirt,1,0,visible,,,,,taxable,parent,1,,,,0,,,,,0,,,32.95,,,,https://cdn.shopify.com/s/files/1/0626/0421/4428/products/The-Golfing-LegendGolf-Polo-Giff-For-Golf-Lovers-Custom-Golf-Shirt_1.jpg?v=1710594067,,,7.90371E+12,,,,,,1,Style,All-over Print Polo Shirt,,1,,Size,S,,1,,,,,,,
,variation,,The Golfing Legend Golf Polo Gift For Golf Lovers - Custom Golf Shirt,1,0,visible,,,,,taxable,parent,1,,,,0,,,,,0,,,34.95,,,,https://cdn.shopify.com/s/files/1/0626/0421/4428/products/The-Golfing-LegendGolf-Polo-Giff-For-Golf-Lovers-Custom-Golf-Shirt_1.jpg?v=1710594067,,,7.90371E+12,,,,,,2,Style,All-over Print Polo Shirt,,1,,Size,M,,1,,,,,,,
,variation,,The Golfing Legend Golf Polo Gift For Golf Lovers - Custom Golf Shirt,1,0,visible,,,,,taxable,parent,1,,,,0,,,,,0,,,36.95,,,,https://cdn.shopify.com/s/files/1/0626/0421/4428/products/The-Golfing-LegendGolf-Polo-Giff-For-Golf-Lovers-Custom-Golf-Shirt_1.jpg?v=1710594067,,,7.90371E+12,,,,,,3,Style,All-over Print Polo Shirt,,1,,Size,L,,1,,,,,,,
,variation,,The Golfing Legend Golf Polo Gift For Golf Lovers - Custom Golf Shirt,1,0,visible,,,,,taxable,parent,1,,,,0,,,,,0,,,38.95,,,,https://cdn.shopify.com/s/files/1/0626/0421/4428/products/The-Golfing-LegendGolf-Polo-Giff-For-Golf-Lovers-Custom-Golf-Shirt_1.jpg?v=1710594067,,,7.90371E+12,,,,,,4,Style,All-over Print Polo Shirt,,1,,Size,XL,,1,,,,,,,
,variation,,The Golfing Legend Golf Polo Gift For Golf Lovers - Custom Golf Shirt,1,0,visible,,,,,taxable,parent,1,,,,0,,,,,0,,,38.95,,,,https://cdn.shopify.com/s/files/1/0626/0421/4428/products/The-Golfing-LegendGolf-Polo-Giff-For-Golf-Lovers-Custom-Golf-Shirt_1.jpg?v=1710594067,,,7.90371E+12,,,,,,5,Style,All-over Print Polo Shirt,,1,,Size,2XL,,1,,,,,,,
,variation,,The Golfing Legend Golf Polo Gift For Golf Lovers - Custom Golf Shirt,1,0,visible,,,,,taxable,parent,1,,,,0,,,,,0,,,40.95,,,,https://cdn.shopify.com/s/files/1/0626/0421/4428/products/The-Golfing-LegendGolf-Polo-Giff-For-Golf-Lovers-Custom-Golf-Shirt_1.jpg?v=1710594067,,,7.90371E+12,,,,,,6,Style,All-over Print Polo Shirt,,1,,Size,3XL,,1,,,,,,,
,variation,,The Golfing Legend Golf Polo Gift For Golf Lovers - Custom Golf Shirt,1,0,visible,,,,,taxable,parent,1,,,,0,,,,,0,,,42.95,,,,https://cdn.shopify.com/s/files/1/0626/0421/4428/products/The-Golfing-LegendGolf-Polo-Giff-For-Golf-Lovers-Custom-Golf-Shirt_1.jpg?v=1710594067,,,7.90371E+12,,,,,,7,Style,All-over Print Polo Shirt,,1,,Size,4XL,,1,,,,,,,
,variation,,The Golfing Legend Golf Polo Gift For Golf Lovers - Custom Golf Shirt,1,0,visible,,,,,taxable,parent,1,,,,0,,,,,0,,,42.95,,,,https://cdn.shopify.com/s/files/1/0626/0421/4428/products/The-Golfing-LegendGolf-Polo-Giff-For-Golf-Lovers-Custom-Golf-Shirt_1.jpg?v=1710594067,,,7.90371E+12,,,,,,8,Style,All-over Print Polo Shirt,,1,,Size,5XL,,1,,,,,,,
,variable,,Best Buckin' Dad Ever Hunting Polo Shirt - Custom Polo Shirt,1,0,visible,,"<div data-id=""07918756694720521"">
<div data-id=""07918756694720521"">
<div data-id=""07918756694720521"">
<div data-block-id=""block-75b37e0f-bdf4-4222-93a2-33cba27c8b52"">
<div data-block-id=""block-0cd9770c-cce7-4d52-8647-3056a6c76c13"">
<div data-block-id=""block-7c6e9a7e-f4b9-447a-a1fd-b1664992b1ac"" data-mce-fragment=""1"">
<meta charset=""utf-8"">
<div data-block-id=""block-c71bd3fa-6614-4b9c-863f-12e3737bba15"">Celebrate Dad's love for hunting with our ""Best Buckin' Dad Ever"" Hunting Polo Shirt – a custom polo shirt-designed masterpiece that blends rugged style with personalized flair. This polo features a camouflage pattern, embodying the spirit of the great outdoors and Dad's passion for hunting.</div>
<div data-block-id=""block-d084a952-cbe1-4999-adf6-b37c464d5b98"">Customize the shirt with Dad's name for a unique touch, making it the perfect gift for Father's Day, birthdays, or any special occasion. The ""Best Buckin' Dad Ever"" message adds a touch of humor and acknowledgment of his hunting prowess.</div>
<div data-block-id=""block-38c7b3c2-9654-4001-8dcf-f43566a9d794"">Designed for comfort and versatility, this polo is suitable for various occasions, whether it's a hunting trip, casual gatherings, or simply showcasing his love for the outdoors. Surprise Dad with a gift that reflects his passion and showcases his title as the ""Best Buckin' Dad Ever"" – a custom polo shirt that combines style, humor, and a love for the hunt.</div>
</div>
<br><strong>MESSAGE</strong>:  <meta charset=""utf-8"">Best Buckin' Dad Ever.<br><br>
</div>
</div>
<p data-mce-style=""text-align: left;""><strong>PRODUCT DETAILS:</strong><br><br></p>
</div>
</div>
</div>
<div data-id=""07918756694720521"">
<div data-id=""07918756694720521"">
<ul>
<li>Material: Bird-eye pique fabric with 3-5% Spandex – Lightweight, breathable, moisture-wicking, stretchable quick-drying fabric that is comfortable to wear as a casual or activewear outfit.</li>
<li>Regular fit allows you to move freely and conveniently.</li>
<li>Pull-on closure with 3-button placket – Classic Polo style yet comfortable to put on and take off.</li>
<li>Double-stitch hems for durability.</li>
<li>Sublimation printing creates vibrant and clear prints on the fabric which won’t come off.</li>
</ul>
</div>
</div>
<div data-id=""07918756694720521"">
<ul></ul>
</div>
<style type=""text/css""><!--
br {mso-data-placement:same-cell;}
--></style>
<style type=""text/css""><!--
br {mso-data-placement:same-cell;}
--></style>
<style type=""text/css""><!--
br {mso-data-placement:same-cell;}
--></style>",,,taxable,,1,,,0,0,,,,,1,,,,Polo Shirt,,,"https://cdn.shopify.com/s/files/1/0626/0421/4428/products/Best-Buckin_-Dad-Ever-Hunting-Polo-Shirt-Custom-Polo-Shirt1.jpg?v=1710594047,https://cdn.shopify.com/s/files/1/0626/0421/4428/products/Best-Buckin_-Dad-Ever-Hunting-Polo-Shirt-Custom-Polo-Shirt2.jpg?v=1710594047,https://cdn.shopify.com/s/files/1/0626/0421/4428/products/Best-Buckin_-Dad-Ever-Hunting-Polo-Shirt-Custom-Polo-Shirt3.jpg?v=1710594047,https://cdn.shopify.com/s/files/1/0626/0421/4428/products/Best-Buckin_-Dad-Ever-Hunting-Polo-Shirt-Custom-Polo-Shirt4.jpg?v=1710594047,https://cdn.shopify.com/s/files/1/0626/0421/4428/products/Best-Buckin_-Dad-Ever-Hunting-Polo-Shirt-Custom-Polo-Shirt5.jpg?v=1710594047,https://cdn.shopify.com/s/files/1/0626/0421/4428/products/Best-Buckin_-Dad-Ever-Hunting-Polo-Shirt-Custom-Polo-Shirt6.jpg?v=1710594047",,,,,,,,,0,Style,All-over Print Polo Shirt,0,1,All-over Print Polo Shirt,Size,"S,M,L,XL,2XL,3XL,4XL,5XL",0,1,S,,,,,,
,variation,,Best Buckin' Dad Ever Hunting Polo Shirt - Custom Polo Shirt,1,0,visible,,,,,taxable,parent,1,,,,0,,,,,0,,,32.95,,,,https://cdn.shopify.com/s/files/1/0626/0421/4428/products/Best-Buckin_-Dad-Ever-Hunting-Polo-Shirt-Custom-Polo-Shirt1.jpg?v=1710594047,,,7.90371E+12,,,,,,1,Style,All-over Print Polo Shirt,,1,,Size,S,,1,,,,,,,
,variation,,Best Buckin' Dad Ever Hunting Polo Shirt - Custom Polo Shirt,1,0,visible,,,,,taxable,parent,1,,,,0,,,,,0,,,34.95,,,,https://cdn.shopify.com/s/files/1/0626/0421/4428/products/Best-Buckin_-Dad-Ever-Hunting-Polo-Shirt-Custom-Polo-Shirt1.jpg?v=1710594047,,,7.90371E+12,,,,,,2,Style,All-over Print Polo Shirt,,1,,Size,M,,1,,,,,,,
,variation,,Best Buckin' Dad Ever Hunting Polo Shirt - Custom Polo Shirt,1,0,visible,,,,,taxable,parent,1,,,,0,,,,,0,,,36.95,,,,https://cdn.shopify.com/s/files/1/0626/0421/4428/products/Best-Buckin_-Dad-Ever-Hunting-Polo-Shirt-Custom-Polo-Shirt1.jpg?v=1710594047,,,7.90371E+12,,,,,,3,Style,All-over Print Polo Shirt,,1,,Size,L,,1,,,,,,,
,variation,,Best Buckin' Dad Ever Hunting Polo Shirt - Custom Polo Shirt,1,0,visible,,,,,taxable,parent,1,,,,0,,,,,0,,,38.95,,,,https://cdn.shopify.com/s/files/1/0626/0421/4428/products/Best-Buckin_-Dad-Ever-Hunting-Polo-Shirt-Custom-Polo-Shirt1.jpg?v=1710594047,,,7.90371E+12,,,,,,4,Style,All-over Print Polo Shirt,,1,,Size,XL,,1,,,,,,,
,variation,,Best Buckin' Dad Ever Hunting Polo Shirt - Custom Polo Shirt,1,0,visible,,,,,taxable,parent,1,,,,0,,,,,0,,,38.95,,,,https://cdn.shopify.com/s/files/1/0626/0421/4428/products/Best-Buckin_-Dad-Ever-Hunting-Polo-Shirt-Custom-Polo-Shirt1.jpg?v=1710594047,,,7.90371E+12,,,,,,5,Style,All-over Print Polo Shirt,,1,,Size,2XL,,1,,,,,,,
,variation,,Best Buckin' Dad Ever Hunting Polo Shirt - Custom Polo Shirt,1,0,visible,,,,,taxable,parent,1,,,,0,,,,,0,,,40.95,,,,https://cdn.shopify.com/s/files/1/0626/0421/4428/products/Best-Buckin_-Dad-Ever-Hunting-Polo-Shirt-Custom-Polo-Shirt1.jpg?v=1710594047,,,7.90371E+12,,,,,,6,Style,All-over Print Polo Shirt,,1,,Size,3XL,,1,,,,,,,
,variation,,Best Buckin' Dad Ever Hunting Polo Shirt - Custom Polo Shirt,1,0,visible,,,,,taxable,parent,1,,,,0,,,,,0,,,42.95,,,,https://cdn.shopify.com/s/files/1/0626/0421/4428/products/Best-Buckin_-Dad-Ever-Hunting-Polo-Shirt-Custom-Polo-Shirt1.jpg?v=1710594047,,,7.90371E+12,,,,,,7,Style,All-over Print Polo Shirt,,1,,Size,4XL,,1,,,,,,,
,variation,,Best Buckin' Dad Ever Hunting Polo Shirt - Custom Polo Shirt,1,0,visible,,,,,taxable,parent,1,,,,0,,,,,0,,,42.95,,,,https://cdn.shopify.com/s/files/1/0626/0421/4428/products/Best-Buckin_-Dad-Ever-Hunting-Polo-Shirt-Custom-Polo-Shirt1.jpg?v=1710594047,,,7.90371E+12,,,,,,8,Style,All-over Print Polo Shirt,,1,,Size,5XL,,1,,,,,,,
,variable,,Hot Golf Fire Golf Polo Gift For Golf Lover Dad Husband - Custom Golf Shirt,1,0,visible,,"<div data-id=""07918756694720521"">
<div data-id=""07918756694720521"">
<div data-id=""07918756694720521"">
<div data-block-id=""block-75b37e0f-bdf4-4222-93a2-33cba27c8b52"" class=""ql-block"">
<div class=""ql-block"" data-block-id=""block-7c6e9a7e-f4b9-447a-a1fd-b1664992b1ac"" data-mce-fragment=""1"">
<div data-block-id=""block-b9605d8a-252d-4558-850f-1e123cb90be1"" class=""ql-block"">
<div data-block-id=""block-9d14a48a-e444-4a73-bc49-d14ef0813b99"" class=""ql-block"">Elevate the golf enthusiast's wardrobe with our ""Hot Golf Fire Golf Polo Gift For Golf Lover Dad Husband"" - Custom Golf Shirt. This personalized golf shirt is a perfect blend of style and sentiment, allowing you to add a custom face and name to make it truly one-of-a-kind.</div>
<div data-block-id=""block-4e8c8908-d170-4594-92ca-ecdac2b67787"" class=""ql-block"">Designed for golfers, dads, husbands, and grandpas who love the sport, this golf shirt exudes the spirit of the game. Whether it's for a casual round of golf, a family outing, or simply a stylish addition to their wardrobe, this custom photo golf shirt is the ideal gift.</div>
<div data-block-id=""block-5f2f6141-36d1-48c9-961e-d2744a3bf6d6"" class=""ql-block"">Celebrate special occasions like birthdays, Father's Day, or any golf-related milestones with this thoughtful and personalized present. The ""Hot Golf Fire"" design, coupled with the custom face and name, adds a personal touch that makes this shirt a cherished keepsake.</div>
<div data-block-id=""block-97a043b1-5112-41b3-811e-a4d2593dbe92"" class=""ql-block"">Gift the golfer in your life an exceptional and stylish addition to their golfing attire with the ""Hole In One Custom Face Gift For Golfer, Dad, Husband"" - Custom Photo Golf Shirt. It's not just a shirt; it's a symbol of their passion and a reminder of your thoughtful gesture.</div>
</div>
</div>
<p data-block-id=""block-0cd9770c-cce7-4d52-8647-3056a6c76c13"" class=""ql-block""><br><strong>MESSAGE: </strong></p>
<p data-block-id=""block-0cd9770c-cce7-4d52-8647-3056a6c76c13"" class=""ql-block"">Perfect Gift For Husband, Golf Lovers.</p>
</div>
<p data-mce-style=""text-align: left;""><strong>PRODUCT DETAILS:</strong></p>
</div>
</div>
</div>
<div data-id=""07918756694720521"">
<div data-id=""07918756694720521"">
<ul>
<li>Material: Bird-eye pique fabric with 3-5% Spandex – Lightweight, breathable, moisture-wicking, stretchable quick-drying fabric that is comfortable to wear as a casual or activewear outfit.</li>
<li>Regular fit allows you to move freely and conveniently.</li>
<li>Pull-on closure with 3-button placket – Classic Polo style yet comfortable to put on and take off.</li>
<li>Double-stitch hems for durability.</li>
<li>Sublimation printing creates vibrant and clear prints on the fabric which won’t come off.</li>
</ul>
</div>
</div>
<div data-id=""07918756694720521"">
<ul></ul>
</div>
<style type=""text/css""><!--
br {mso-data-placement:same-cell;}
--></style>
<style type=""text/css""><!--
br {mso-data-placement:same-cell;}
--></style>
<style type=""text/css""><!--
br {mso-data-placement:same-cell;}
--></style>",,,taxable,,1,,,0,0,,,,,1,,,,Polo Shirt,,,"https://cdn.shopify.com/s/files/1/0626/0421/4428/products/Hot-Golf-Fire-Golf-Polo-Gift-For-Golf-Lover-Dad-Husband-Custom-Golf-Shirt1.jpg?v=1710593975,https://cdn.shopify.com/s/files/1/0626/0421/4428/products/Hot-Golf-Fire-Golf-Polo-Gift-For-Golf-Lover-Dad-Husband-Custom-Golf-Shirt2.jpg?v=1710593975,https://cdn.shopify.com/s/files/1/0626/0421/4428/products/Hot-Golf-Fire-Golf-Polo-Gift-For-Golf-Lover-Dad-Husband-Custom-Golf-Shirt3.jpg?v=1710593975,https://cdn.shopify.com/s/files/1/0626/0421/4428/products/Hot-Golf-Fire-Golf-Polo-Gift-For-Golf-Lover-Dad-Husband-Custom-Golf-Shirt4.jpg?v=1710593975,https://cdn.shopify.com/s/files/1/0626/0421/4428/products/Hot-Golf-Fire-Golf-Polo-Gift-For-Golf-Lover-Dad-Husband-Custom-Golf-Shirt5.jpg?v=1710593975,https://cdn.shopify.com/s/files/1/0626/0421/4428/products/Hot-Golf-Fire-Golf-Polo-Gift-For-Golf-Lover-Dad-Husband-Custom-Golf-Shirt6.jpg?v=1710593975",,,,,,,,,0,Style,All-over Print Polo Shirt,0,1,All-over Print Polo Shirt,Size,"S,M,L,XL,2XL,3XL,4XL,5XL",0,1,S,,,,,,
,variation,,Hot Golf Fire Golf Polo Gift For Golf Lover Dad Husband - Custom Golf Shirt,1,0,visible,,,,,taxable,parent,1,,,,0,,,,,0,,,32.95,,,,https://cdn.shopify.com/s/files/1/0626/0421/4428/products/Hot-Golf-Fire-Golf-Polo-Gift-For-Golf-Lover-Dad-Husband-Custom-Golf-Shirt1.jpg?v=1710593975,,,7.90371E+12,,,,,,1,Style,All-over Print Polo Shirt,,1,,Size,S,,1,,,,,,,
,variation,,Hot Golf Fire Golf Polo Gift For Golf Lover Dad Husband - Custom Golf Shirt,1,0,visible,,,,,taxable,parent,1,,,,0,,,,,0,,,34.95,,,,https://cdn.shopify.com/s/files/1/0626/0421/4428/products/Hot-Golf-Fire-Golf-Polo-Gift-For-Golf-Lover-Dad-Husband-Custom-Golf-Shirt1.jpg?v=1710593975,,,7.90371E+12,,,,,,2,Style,All-over Print Polo Shirt,,1,,Size,M,,1,,,,,,,
,variation,,Hot Golf Fire Golf Polo Gift For Golf Lover Dad Husband - Custom Golf Shirt,1,0,visible,,,,,taxable,parent,1,,,,0,,,,,0,,,36.95,,,,https://cdn.shopify.com/s/files/1/0626/0421/4428/products/Hot-Golf-Fire-Golf-Polo-Gift-For-Golf-Lover-Dad-Husband-Custom-Golf-Shirt1.jpg?v=1710593975,,,7.90371E+12,,,,,,3,Style,All-over Print Polo Shirt,,1,,Size,L,,1,,,,,,,
,variation,,Hot Golf Fire Golf Polo Gift For Golf Lover Dad Husband - Custom Golf Shirt,1,0,visible,,,,,taxable,parent,1,,,,0,,,,,0,,,38.95,,,,https://cdn.shopify.com/s/files/1/0626/0421/4428/products/Hot-Golf-Fire-Golf-Polo-Gift-For-Golf-Lover-Dad-Husband-Custom-Golf-Shirt1.jpg?v=1710593975,,,7.90371E+12,,,,,,4,Style,All-over Print Polo Shirt,,1,,Size,XL,,1,,,,,,,
,variation,,Hot Golf Fire Golf Polo Gift For Golf Lover Dad Husband - Custom Golf Shirt,1,0,visible,,,,,taxable,parent,1,,,,0,,,,,0,,,38.95,,,,https://cdn.shopify.com/s/files/1/0626/0421/4428/products/Hot-Golf-Fire-Golf-Polo-Gift-For-Golf-Lover-Dad-Husband-Custom-Golf-Shirt1.jpg?v=1710593975,,,7.90371E+12,,,,,,5,Style,All-over Print Polo Shirt,,1,,Size,2XL,,1,,,,,,,
,variation,,Hot Golf Fire Golf Polo Gift For Golf Lover Dad Husband - Custom Golf Shirt,1,0,visible,,,,,taxable,parent,1,,,,0,,,,,0,,,40.95,,,,https://cdn.shopify.com/s/files/1/0626/0421/4428/products/Hot-Golf-Fire-Golf-Polo-Gift-For-Golf-Lover-Dad-Husband-Custom-Golf-Shirt1.jpg?v=1710593975,,,7.90371E+12,,,,,,6,Style,All-over Print Polo Shirt,,1,,Size,3XL,,1,,,,,,,
,variation,,Hot Golf Fire Golf Polo Gift For Golf Lover Dad Husband - Custom Golf Shirt,1,0,visible,,,,,taxable,parent,1,,,,0,,,,,0,,,42.95,,,,https://cdn.shopify.com/s/files/1/0626/0421/4428/products/Hot-Golf-Fire-Golf-Polo-Gift-For-Golf-Lover-Dad-Husband-Custom-Golf-Shirt1.jpg?v=1710593975,,,7.90371E+12,,,,,,7,Style,All-over Print Polo Shirt,,1,,Size,4XL,,1,,,,,,,
,variation,,Hot Golf Fire Golf Polo Gift For Golf Lover Dad Husband - Custom Golf Shirt,1,0,visible,,,,,taxable,parent,1,,,,0,,,,,0,,,42.95,,,,https://cdn.shopify.com/s/files/1/0626/0421/4428/products/Hot-Golf-Fire-Golf-Polo-Gift-For-Golf-Lover-Dad-Husband-Custom-Golf-Shirt1.jpg?v=1710593975,,,7.90371E+12,,,,,,8,Style,All-over Print Polo Shirt,,1,,Size,5XL,,1,,,,,,,
,variable,,America Pet Dad Pet Mom - Custom Photo Polo Shirt,1,0,visible,,"<div data-id=""07918756694720521"">
<div data-id=""07918756694720521"">
<div data-id=""07918756694720521"">
<div data-block-id=""block-75b37e0f-bdf4-4222-93a2-33cba27c8b52"" class=""ql-block"">
<div class=""ql-block"" data-block-id=""block-7c6e9a7e-f4b9-447a-a1fd-b1664992b1ac"" data-mce-fragment=""1"">
<div data-block-id=""block-b9605d8a-252d-4558-850f-1e123cb90be1"" class=""ql-block"">
<div data-block-id=""block-9d14a48a-e444-4a73-bc49-d14ef0813b99"" class=""ql-block"">
<div data-block-id=""block-f3ce0ead-6a34-4f8c-8083-3f8c36605013"" class=""ql-block"">Celebrate your patriotic pride with our ""America Pet Dad Pet Mom"" - Custom Photo Polo Shirt. This unique polo shirt allows you to showcase not only your love for the USA but also your adoration for your furry friends. Add a custom touch by featuring a photo of your beloved pet, making it a personalized and heartwarming piece.</div>
<div data-block-id=""block-584277c4-6e15-443c-a117-65078571ed47"" class=""ql-block"">Emblazoned with the American flag pattern, this polo shirt is the perfect attire for Independence Day celebrations and other patriotic occasions. Whether you're a pet dad, pet mom, or a pet lover in general, this shirt is a wonderful way to express your love for both your country and your cherished furry companions.</div>
<div data-block-id=""block-ba08abb9-0ed1-4c0f-b5a2-5c1502abe945"" class=""ql-block"">Gift it to family members, or friends, gift for men, gift for pet lovers, gift for husband, or wear it yourself to display your patriotic and pet-loving spirit. With the ""America Pet Dad Pet Mom"" Custom Photo Polo Shirt, you'll be turning heads and sparking smiles wherever you go, proudly representing the red, white, and blue alongside your beloved pet.</div>
</div>
</div>
</div>
<p data-block-id=""block-0cd9770c-cce7-4d52-8647-3056a6c76c13"" class=""ql-block""> </p>
</div>
<p data-mce-style=""text-align: left;""><strong>PRODUCT DETAILS:</strong></p>
</div>
</div>
</div>
<div data-id=""07918756694720521"">
<div data-id=""07918756694720521"">
<ul>
<li>Material: Bird-eye pique fabric with 3-5% Spandex – Lightweight, breathable, moisture-wicking, stretchable quick-drying fabric that is comfortable to wear as a casual or activewear outfit.</li>
<li>Regular fit allows you to move freely and conveniently.</li>
<li>Pull-on closure with 3-button placket – Classic Polo style yet comfortable to put on and take off.</li>
<li>Double-stitch hems for durability.</li>
<li>Sublimation printing creates vibrant and clear prints on the fabric which won’t come off.</li>
</ul>
</div>
</div>
<div data-id=""07918756694720521"">
<ul></ul>
</div>
<style type=""text/css""><!--
br {mso-data-placement:same-cell;}
--></style>
<style type=""text/css""><!--
br {mso-data-placement:same-cell;}
--></style>
<style type=""text/css""><!--
br {mso-data-placement:same-cell;}
--></style>",,,taxable,,1,,,0,0,,,,,1,,,,Polo Shirt,,,"https://cdn.shopify.com/s/files/1/0626/0421/4428/products/America-Pet-Dad-Pet-Mom-Custom-Photo-Polo-Shirt1.jpg?v=1710593965,https://cdn.shopify.com/s/files/1/0626/0421/4428/products/America-Pet-Dad-Pet-Mom-Custom-Photo-Polo-Shirt2.jpg?v=1710593965,https://cdn.shopify.com/s/files/1/0626/0421/4428/products/tachn_n2_bd9de98f-a16c-4359-b886-3aeff388fc35.jpg?v=1710593965,https://cdn.shopify.com/s/files/1/0626/0421/4428/products/America-Pet-Dad-Pet-Mom-Custom-Photo-Polo-Shirt3.jpg?v=1710593965,https://cdn.shopify.com/s/files/1/0626/0421/4428/products/America-Pet-Dad-Pet-Mom-Custom-Photo-Polo-Shirt4.jpg?v=1710593965,https://cdn.shopify.com/s/files/1/0626/0421/4428/products/America-Pet-Dad-Pet-Mom-Custom-Photo-Polo-Shirt5.jpg?v=1710593965,https://cdn.shopify.com/s/files/1/0626/0421/4428/products/America-Pet-Dad-Pet-Mom-Custom-Photo-Polo-Shirt6.jpg?v=1710593965",,,,,,,,,0,Style,All-over Print Polo Shirt,0,1,All-over Print Polo Shirt,Size,"S,M,L,XL,2XL,3XL,4XL,5XL",0,1,S,,,,,,
,variation,,America Pet Dad Pet Mom - Custom Photo Polo Shirt,1,0,visible,,,,,taxable,parent,1,,,,0,,,,,0,,,32.95,,,,https://cdn.shopify.com/s/files/1/0626/0421/4428/products/America-Pet-Dad-Pet-Mom-Custom-Photo-Polo-Shirt1.jpg?v=1710593965,,,7.90371E+12,,,,,,1,Style,All-over Print Polo Shirt,,1,,Size,S,,1,,,,,,,
,variation,,America Pet Dad Pet Mom - Custom Photo Polo Shirt,1,0,visible,,,,,taxable,parent,1,,,,0,,,,,0,,,34.95,,,,https://cdn.shopify.com/s/files/1/0626/0421/4428/products/America-Pet-Dad-Pet-Mom-Custom-Photo-Polo-Shirt1.jpg?v=1710593965,,,7.90371E+12,,,,,,2,Style,All-over Print Polo Shirt,,1,,Size,M,,1,,,,,,,
,variation,,America Pet Dad Pet Mom - Custom Photo Polo Shirt,1,0,visible,,,,,taxable,parent,1,,,,0,,,,,0,,,36.95,,,,https://cdn.shopify.com/s/files/1/0626/0421/4428/products/America-Pet-Dad-Pet-Mom-Custom-Photo-Polo-Shirt1.jpg?v=1710593965,,,7.90371E+12,,,,,,3,Style,All-over Print Polo Shirt,,1,,Size,L,,1,,,,,,,
,variation,,America Pet Dad Pet Mom - Custom Photo Polo Shirt,1,0,visible,,,,,taxable,parent,1,,,,0,,,,,0,,,38.95,,,,https://cdn.shopify.com/s/files/1/0626/0421/4428/products/America-Pet-Dad-Pet-Mom-Custom-Photo-Polo-Shirt1.jpg?v=1710593965,,,7.90371E+12,,,,,,4,Style,All-over Print Polo Shirt,,1,,Size,XL,,1,,,,,,,
,variation,,America Pet Dad Pet Mom - Custom Photo Polo Shirt,1,0,visible,,,,,taxable,parent,1,,,,0,,,,,0,,,38.95,,,,https://cdn.shopify.com/s/files/1/0626/0421/4428/products/America-Pet-Dad-Pet-Mom-Custom-Photo-Polo-Shirt1.jpg?v=1710593965,,,7.90371E+12,,,,,,5,Style,All-over Print Polo Shirt,,1,,Size,2XL,,1,,,,,,,
,variation,,America Pet Dad Pet Mom - Custom Photo Polo Shirt,1,0,visible,,,,,taxable,parent,1,,,,0,,,,,0,,,40.95,,,,https://cdn.shopify.com/s/files/1/0626/0421/4428/products/America-Pet-Dad-Pet-Mom-Custom-Photo-Polo-Shirt1.jpg?v=1710593965,,,7.90371E+12,,,,,,6,Style,All-over Print Polo Shirt,,1,,Size,3XL,,1,,,,,,,
,variation,,America Pet Dad Pet Mom - Custom Photo Polo Shirt,1,0,visible,,,,,taxable,parent,1,,,,0,,,,,0,,,42.95,,,,https://cdn.shopify.com/s/files/1/0626/0421/4428/products/America-Pet-Dad-Pet-Mom-Custom-Photo-Polo-Shirt1.jpg?v=1710593965,,,7.90371E+12,,,,,,7,Style,All-over Print Polo Shirt,,1,,Size,4XL,,1,,,,,,,
,variation,,America Pet Dad Pet Mom - Custom Photo Polo Shirt,1,0,visible,,,,,taxable,parent,1,,,,0,,,,,0,,,42.95,,,,https://cdn.shopify.com/s/files/1/0626/0421/4428/products/America-Pet-Dad-Pet-Mom-Custom-Photo-Polo-Shirt1.jpg?v=1710593965,,,7.90371E+12,,,,,,8,Style,All-over Print Polo Shirt,,1,,Size,5XL,,1,,,,,,,
,variable,,American Flag USA Gift For Golf Lovers Men Women - Custom Golf Shirt,1,0,visible,,"<div data-id=""07918756694720521"">
<div data-id=""07918756694720521"">
<div data-id=""07918756694720521"">
<div data-block-id=""block-75b37e0f-bdf4-4222-93a2-33cba27c8b52"">
<div data-block-id=""block-7c6e9a7e-f4b9-447a-a1fd-b1664992b1ac"" data-mce-fragment=""1"">
<div data-block-id=""block-b9605d8a-252d-4558-850f-1e123cb90be1"">
<div data-block-id=""block-9d14a48a-e444-4a73-bc49-d14ef0813b99"">
<div data-block-id=""block-b2a93716-ac2d-43fc-bac3-d4f28f5ebcea"">
<div data-block-id=""block-531f25f6-8aab-49c5-8f92-df38f15bfd0c"">
<div data-block-id=""block-da104865-b071-4cf1-9e05-b7f8fb879e07"">
<div data-block-id=""block-9f9f2582-304c-484d-b027-ad9d6792a4b9"">
<div data-block-id=""block-af00d9de-b0aa-4ea5-a3cb-cc2ce4674d4f"">
<div data-line=""true"" data-line-index=""0"" data-zone-id=""0"">
<div data-line=""true"" data-line-index=""0"" data-zone-id=""0"">
<div data-line=""true"" data-line-index=""0"" data-zone-id=""0"">
<div data-line=""true"" data-line-index=""0"" data-zone-id=""0"">Introducing our Custom Golf Shirt, a stylish and patriotic tribute to the avid golfers in your life. Crafted with precision and pride, this shirt features a dynamic American flag pattern that embodies the spirit of the red, white, and blue. Personalize it with the golfer's name, adding a touch of individuality to their on-course ensemble.</div>
<div data-line=""true"" data-line-index=""1"" data-zone-id=""0"">Perfect for golf lovers of all skill levels, this custom shirt is more than just apparel; it's a statement of passion for both the game and the nation. Whether they're hitting the links with friends or participating in a tournament, this shirt ensures they stand out with style and pride.</div>
<div data-line=""true"" data-line-index=""2"" data-zone-id=""0"">Imagine the delight on their face as they unwrap a gift that perfectly combines their love for golf and their patriotic spirit. Elevate their golfing experience with this thoughtful and customized shirt, a testament to their dedication to the game and their country.</div>
</div>
<div data-line=""true"" data-line-index=""2"" data-zone-id=""0""><br></div>
</div>
</div>
</div>
</div>
</div>
</div>
</div>
</div>
</div>
</div>
</div>
<p data-mce-style=""text-align: left;""><strong>PRODUCT DETAILS:</strong><br><br></p>
</div>
</div>
</div>
<div data-id=""07918756694720521"">
<div data-id=""07918756694720521"">
<ul>
<li>Material: Bird-eye pique fabric with 3-5% Spandex – Lightweight, breathable, moisture-wicking, stretchable quick-drying fabric that is comfortable to wear as a casual or activewear outfit.</li>
<li>Regular fit allows you to move freely and conveniently.</li>
<li>Pull-on closure with 3-button placket – Classic Polo style yet comfortable to put on and take off.</li>
<li>Double-stitch hems for durability.</li>
<li>Sublimation printing creates vibrant and clear prints on the fabric which won’t come off.</li>
</ul>
</div>
</div>
<div data-id=""07918756694720521"">
<ul></ul>
<br>
</div>
<style type=""text/css""><!--
br {mso-data-placement:same-cell;}
--></style>
<style type=""text/css""><!--
br {mso-data-placement:same-cell;}
--></style>
<style type=""text/css""><!--
br {mso-data-placement:same-cell;}
--></style>",,,taxable,,1,,,0,0,,,,,1,,,,Polo Shirt,,,"https://cdn.shopify.com/s/files/1/0626/0421/4428/products/American-Flag-USA-Gift-For-Golf-Lovers-Men-Women-Custom-Golf-Shirt_1.png?v=1710593481,https://cdn.shopify.com/s/files/1/0626/0421/4428/products/American-Flag-USA-Gift-For-Golf-Lovers-Men-Women-Custom-Golf-Shirt_2.png?v=1710593481,https://cdn.shopify.com/s/files/1/0626/0421/4428/products/American-Flag-USA-Gift-For-Golf-Lovers-Men-Women-Custom-Golf-Shirt_3.png?v=1710593481,https://cdn.shopify.com/s/files/1/0626/0421/4428/products/American-Flag-USA-Gift-For-Golf-Lovers-Men-Women-Custom-Golf-Shirt_4.png?v=1710593481,https://cdn.shopify.com/s/files/1/0626/0421/4428/products/American-Flag-USA-Gift-For-Golf-Lovers-Men-Women-Custom-Golf-Shirt_5.png?v=1710593481,https://cdn.shopify.com/s/files/1/0626/0421/4428/products/American-Flag-USA-Gift-For-Golf-Lovers-Men-Women-Custom-Golf-Shirt_6.png?v=1710593483",,,,,,,,,0,Style,All-over Print Polo Shirt,0,1,All-over Print Polo Shirt,Size,"S,M,L,XL,2XL,3XL,4XL,5XL",0,1,S,,,,,,
,variation,,American Flag USA Gift For Golf Lovers Men Women - Custom Golf Shirt,1,0,visible,,,,,taxable,parent,1,,,,0,,,,,0,,,32.95,,,,https://cdn.shopify.com/s/files/1/0626/0421/4428/products/American-Flag-USA-Gift-For-Golf-Lovers-Men-Women-Custom-Golf-Shirt_1.png?v=1710593481,,,7.9037E+12,,,,,,1,Style,All-over Print Polo Shirt,,1,,Size,S,,1,,,,,,,
,variation,,American Flag USA Gift For Golf Lovers Men Women - Custom Golf Shirt,1,0,visible,,,,,taxable,parent,1,,,,0,,,,,0,,,34.95,,,,https://cdn.shopify.com/s/files/1/0626/0421/4428/products/American-Flag-USA-Gift-For-Golf-Lovers-Men-Women-Custom-Golf-Shirt_1.png?v=1710593481,,,7.9037E+12,,,,,,2,Style,All-over Print Polo Shirt,,1,,Size,M,,1,,,,,,,
,variation,,American Flag USA Gift For Golf Lovers Men Women - Custom Golf Shirt,1,0,visible,,,,,taxable,parent,1,,,,0,,,,,0,,,36.95,,,,https://cdn.shopify.com/s/files/1/0626/0421/4428/products/American-Flag-USA-Gift-For-Golf-Lovers-Men-Women-Custom-Golf-Shirt_1.png?v=1710593481,,,7.9037E+12,,,,,,3,Style,All-over Print Polo Shirt,,1,,Size,L,,1,,,,,,,
,variation,,American Flag USA Gift For Golf Lovers Men Women - Custom Golf Shirt,1,0,visible,,,,,taxable,parent,1,,,,0,,,,,0,,,38.95,,,,https://cdn.shopify.com/s/files/1/0626/0421/4428/products/American-Flag-USA-Gift-For-Golf-Lovers-Men-Women-Custom-Golf-Shirt_1.png?v=1710593481,,,7.9037E+12,,,,,,4,Style,All-over Print Polo Shirt,,1,,Size,XL,,1,,,,,,,
,variation,,American Flag USA Gift For Golf Lovers Men Women - Custom Golf Shirt,1,0,visible,,,,,taxable,parent,1,,,,0,,,,,0,,,38.95,,,,https://cdn.shopify.com/s/files/1/0626/0421/4428/products/American-Flag-USA-Gift-For-Golf-Lovers-Men-Women-Custom-Golf-Shirt_1.png?v=1710593481,,,7.9037E+12,,,,,,5,Style,All-over Print Polo Shirt,,1,,Size,2XL,,1,,,,,,,
,variation,,American Flag USA Gift For Golf Lovers Men Women - Custom Golf Shirt,1,0,visible,,,,,taxable,parent,1,,,,0,,,,,0,,,40.95,,,,https://cdn.shopify.com/s/files/1/0626/0421/4428/products/American-Flag-USA-Gift-For-Golf-Lovers-Men-Women-Custom-Golf-Shirt_1.png?v=1710593481,,,7.9037E+12,,,,,,6,Style,All-over Print Polo Shirt,,1,,Size,3XL,,1,,,,,,,
,variation,,American Flag USA Gift For Golf Lovers Men Women - Custom Golf Shirt,1,0,visible,,,,,taxable,parent,1,,,,0,,,,,0,,,42.95,,,,https://cdn.shopify.com/s/files/1/0626/0421/4428/products/American-Flag-USA-Gift-For-Golf-Lovers-Men-Women-Custom-Golf-Shirt_1.png?v=1710593481,,,7.9037E+12,,,,,,7,Style,All-over Print Polo Shirt,,1,,Size,4XL,,1,,,,,,,
,variation,,American Flag USA Gift For Golf Lovers Men Women - Custom Golf Shirt,1,0,visible,,,,,taxable,parent,1,,,,0,,,,,0,,,42.95,,,,https://cdn.shopify.com/s/files/1/0626/0421/4428/products/American-Flag-USA-Gift-For-Golf-Lovers-Men-Women-Custom-Golf-Shirt_1.png?v=1710593481,,,7.9037E+12,,,,,,8,Style,All-over Print Polo Shirt,,1,,Size,5XL,,1,,,,,,,
,variable,,Best Dad Ever - Personalized Polo Shirt,1,0,visible,,"<div data-id=""07918756694720521"">
<div data-id=""07918756694720521"">
<div data-id=""07918756694720521"">
<div data-block-id=""block-75b37e0f-bdf4-4222-93a2-33cba27c8b52"">
<div data-block-id=""block-7c6e9a7e-f4b9-447a-a1fd-b1664992b1ac"" data-mce-fragment=""1"">
<div data-block-id=""block-b9605d8a-252d-4558-850f-1e123cb90be1"">
<div data-block-id=""block-9d14a48a-e444-4a73-bc49-d14ef0813b99"">
<div data-block-id=""block-b2a93716-ac2d-43fc-bac3-d4f28f5ebcea"">
<div data-block-id=""block-531f25f6-8aab-49c5-8f92-df38f15bfd0c"">
<div data-line=""true"" data-line-index=""0"" data-zone-id=""0"">
<div data-line=""true"" data-line-index=""1"" data-zone-id=""0"">The Personalized Polo Shirt is a thoughtful Father's Day and birthday gift, perfect for dads, fathers, and daddies. This stylish shirt is not only a comfortable addition to any wardrobe but also a personalized token of appreciation. With customizable features, you can add a special touch to make it uniquely suited for the recipient. Whether worn casually or on special occasions, this polo shirt is a versatile and cherished gift that expresses your love and gratitude for the fatherly figure in your life.</div>
</div>
</div>
</div>
</div>
</div>
</div>
<p data-block-id=""block-0cd9770c-cce7-4d52-8647-3056a6c76c13""><br><strong>MESSAGE: </strong>Best dad ever.</p>
<div data-block-id=""block-3ea9d97d-e266-4f15-8c6f-67d8d1330007"">
<strong>PRODUCT DETAILS:</strong><br>
</div>
</div>
</div>
</div>
</div>
<div data-id=""07918756694720521"">
<div data-id=""07918756694720521"">
<ul>
<li>Material: Bird-eye pique fabric with 3-5% Spandex – Lightweight, breathable, moisture-wicking, stretchable quick-drying fabric that is comfortable to wear as a casual or activewear outfit.</li>
<li>Regular fit allows you to move freely and conveniently.</li>
<li>Pull-on closure with 3-button placket – Classic Polo style yet comfortable to put on and take off.</li>
<li>Double-stitch hems for durability.</li>
<li>Sublimation printing creates vibrant and clear prints on the fabric which won’t come off.</li>
</ul>
</div>
</div>
<div data-id=""07918756694720521"">
<ul></ul>
<br>
</div>
<style type=""text/css""><!--
br {mso-data-placement:same-cell;}
--></style>
<style type=""text/css""><!--
br {mso-data-placement:same-cell;}
--></style>
<style type=""text/css""><!--
br {mso-data-placement:same-cell;}
--></style>",,,taxable,,1,,,0,0,,,,,1,,,,Polo Shirt,,,"https://cdn.shopify.com/s/files/1/0626/0421/4428/products/Best-Dad-Ever-Personalized-Polo-Shirt_1_15f55192-c419-47bd-91bf-fdc5242ede3b.jpg?v=1710593396,https://cdn.shopify.com/s/files/1/0626/0421/4428/products/Best-Dad-Ever-Personalized-Polo-Shirt_2_efb8d800-2bb5-4be9-ae10-caf0abd1d7eb.jpg?v=1710593396,https://cdn.shopify.com/s/files/1/0626/0421/4428/products/Best-Dad-Ever-Personalized-Polo-Shirt_3_46689673-510a-44d2-bca2-9d08ebb30efd.jpg?v=1710593396,https://cdn.shopify.com/s/files/1/0626/0421/4428/products/Best-Dad-Ever-Personalized-Polo-Shirt_4_f9ef1a10-0ab8-43f1-8962-339464d497f6.jpg?v=1710593396,https://cdn.shopify.com/s/files/1/0626/0421/4428/products/Best-Dad-Ever-Personalized-Polo-Shirt_5_63ea6a81-26ca-41d6-ad88-f715dafd9fc8.jpg?v=1710593396,https://cdn.shopify.com/s/files/1/0626/0421/4428/products/Best-Dad-Ever-Personalized-Polo-Shirt_6_86d7422c-fb16-4c61-a66a-61c9da14cc89.jpg?v=1710593396",,,,,,,,,0,Style,All-over Print Polo Shirt,0,1,All-over Print Polo Shirt,Size,"S,M,L,XL,2XL,3XL,4XL,5XL",0,1,S,,,,,,
,variation,,Best Dad Ever - Personalized Polo Shirt,1,0,visible,,,,,taxable,parent,1,,,,0,,,,,0,,,32.95,,,,https://cdn.shopify.com/s/files/1/0626/0421/4428/products/Best-Dad-Ever-Personalized-Polo-Shirt_1_15f55192-c419-47bd-91bf-fdc5242ede3b.jpg?v=1710593396,,,7.9037E+12,,,,,,1,Style,All-over Print Polo Shirt,,1,,Size,S,,1,,,,,,,
,variation,,Best Dad Ever - Personalized Polo Shirt,1,0,visible,,,,,taxable,parent,1,,,,0,,,,,0,,,34.95,,,,https://cdn.shopify.com/s/files/1/0626/0421/4428/products/Best-Dad-Ever-Personalized-Polo-Shirt_1_15f55192-c419-47bd-91bf-fdc5242ede3b.jpg?v=1710593396,,,7.9037E+12,,,,,,2,Style,All-over Print Polo Shirt,,1,,Size,M,,1,,,,,,,
,variation,,Best Dad Ever - Personalized Polo Shirt,1,0,visible,,,,,taxable,parent,1,,,,0,,,,,0,,,36.95,,,,https://cdn.shopify.com/s/files/1/0626/0421/4428/products/Best-Dad-Ever-Personalized-Polo-Shirt_1_15f55192-c419-47bd-91bf-fdc5242ede3b.jpg?v=1710593396,,,7.9037E+12,,,,,,3,Style,All-over Print Polo Shirt,,1,,Size,L,,1,,,,,,,
,variation,,Best Dad Ever - Personalized Polo Shirt,1,0,visible,,,,,taxable,parent,1,,,,0,,,,,0,,,38.95,,,,https://cdn.shopify.com/s/files/1/0626/0421/4428/products/Best-Dad-Ever-Personalized-Polo-Shirt_1_15f55192-c419-47bd-91bf-fdc5242ede3b.jpg?v=1710593396,,,7.9037E+12,,,,,,4,Style,All-over Print Polo Shirt,,1,,Size,XL,,1,,,,,,,
,variation,,Best Dad Ever - Personalized Polo Shirt,1,0,visible,,,,,taxable,parent,1,,,,0,,,,,0,,,38.95,,,,https://cdn.shopify.com/s/files/1/0626/0421/4428/products/Best-Dad-Ever-Personalized-Polo-Shirt_1_15f55192-c419-47bd-91bf-fdc5242ede3b.jpg?v=1710593396,,,7.9037E+12,,,,,,5,Style,All-over Print Polo Shirt,,1,,Size,2XL,,1,,,,,,,
,variation,,Best Dad Ever - Personalized Polo Shirt,1,0,visible,,,,,taxable,parent,1,,,,0,,,,,0,,,40.95,,,,https://cdn.shopify.com/s/files/1/0626/0421/4428/products/Best-Dad-Ever-Personalized-Polo-Shirt_1_15f55192-c419-47bd-91bf-fdc5242ede3b.jpg?v=1710593396,,,7.9037E+12,,,,,,6,Style,All-over Print Polo Shirt,,1,,Size,3XL,,1,,,,,,,
,variation,,Best Dad Ever - Personalized Polo Shirt,1,0,visible,,,,,taxable,parent,1,,,,0,,,,,0,,,42.95,,,,https://cdn.shopify.com/s/files/1/0626/0421/4428/products/Best-Dad-Ever-Personalized-Polo-Shirt_1_15f55192-c419-47bd-91bf-fdc5242ede3b.jpg?v=1710593396,,,7.9037E+12,,,,,,7,Style,All-over Print Polo Shirt,,1,,Size,4XL,,1,,,,,,,
,variation,,Best Dad Ever - Personalized Polo Shirt,1,0,visible,,,,,taxable,parent,1,,,,0,,,,,0,,,42.95,,,,https://cdn.shopify.com/s/files/1/0626/0421/4428/products/Best-Dad-Ever-Personalized-Polo-Shirt_1_15f55192-c419-47bd-91bf-fdc5242ede3b.jpg?v=1710593396,,,7.9037E+12,,,,,,8,Style,All-over Print Polo Shirt,,1,,Size,5XL,,1,,,,,,,
,variable,,Green Grass Golf Polo - Custom Golf Shirt,1,0,visible,,"<div data-id=""07918756694720521"">
<div data-id=""07918756694720521"">
<div data-id=""07918756694720521"">
<div data-block-id=""block-75b37e0f-bdf4-4222-93a2-33cba27c8b52"" class=""ql-block"">
<div class=""ql-block"" data-block-id=""block-7c6e9a7e-f4b9-447a-a1fd-b1664992b1ac"" data-mce-fragment=""1"">
<div data-block-id=""block-b9605d8a-252d-4558-850f-1e123cb90be1"" class=""ql-block"">Elevate your golf game with our ""Green Grass Golf Polo"" - Personalized Golf Shirt. This custom polo is not just a stylish garment but a statement of your love for the sport. Featuring a vibrant green grass pattern and personalized with your name, it's the perfect gift for golf enthusiasts.</div>
<div data-block-id=""block-f5ebf1c0-4b51-4881-95b3-e213073ac6c5"" class=""ql-block"">Designed for comfort and style, this golf polo is an ideal choice for a day on the green. Whether you're hitting the golf course with friends or enjoying a round with family, this personalized shirt adds a touch of individuality to your golf attire.</div>
<div data-block-id=""block-4fd42ce2-afe4-474c-8a5a-9fcc8e243abb"" class=""ql-block"">Surprise the golf lover in your life with a thoughtful and customized gift. Whether it's for your dad, husband, or golfing buddies, this personalized golf shirt is a unique way to express their passion for the game.</div>
<div data-block-id=""block-c3e1f4f3-95c9-40cf-9fca-e8cb80a3a4cd"" class=""ql-block"">Embrace the sporty yet personalized vibe of the ""Green Grass Golf Polo"" and make a statement on the golf course. Gift it to the golf aficionado in your life and let them showcase their style and love for golf with every swing.</div>
</div>
<p data-block-id=""block-0cd9770c-cce7-4d52-8647-3056a6c76c13"" class=""ql-block""><br><strong>MESSAGE: </strong>Perfect Gift For Golf Lovers.</p>
</div>
<p data-mce-style=""text-align: left;""><strong>PRODUCT DETAILS:</strong></p>
</div>
</div>
</div>
<div data-id=""07918756694720521"">
<div data-id=""07918756694720521"">
<ul>
<li>Material: Bird-eye pique fabric with 3-5% Spandex – Lightweight, breathable, moisture-wicking, stretchable quick-drying fabric that is comfortable to wear as a casual or activewear outfit.</li>
<li>Regular fit allows you to move freely and conveniently.</li>
<li>Pull-on closure with 3-button placket – Classic Polo style yet comfortable to put on and take off.</li>
<li>Double-stitch hems for durability.</li>
<li>Sublimation printing creates vibrant and clear prints on the fabric which won’t come off.</li>
</ul>
</div>
</div>
<div data-id=""07918756694720521"">
<ul></ul>
</div>
<style type=""text/css""><!--
br {mso-data-placement:same-cell;}
--></style>
<style type=""text/css""><!--
br {mso-data-placement:same-cell;}
--></style>
<style type=""text/css""><!--
br {mso-data-placement:same-cell;}
--></style>",,,taxable,,1,,,0,0,,,,,1,,,,Polo Shirt,,,"https://cdn.shopify.com/s/files/1/0626/0421/4428/products/Green-Grass-Golf-Polo-Custom-Golf-Shirt_1.jpg?v=1710594003,https://cdn.shopify.com/s/files/1/0626/0421/4428/products/Green-Grass-Golf-Polo-Custom-Golf-Shirt_2.jpg?v=1710594003,https://cdn.shopify.com/s/files/1/0626/0421/4428/products/Green-Grass-Golf-Polo-Custom-Golf-Shirt_3.jpg?v=1710594003,https://cdn.shopify.com/s/files/1/0626/0421/4428/products/Green-Grass-Golf-Polo-Custom-Golf-Shirt_4.jpg?v=1710594003,https://cdn.shopify.com/s/files/1/0626/0421/4428/products/Green-Grass-Golf-Polo-Custom-Golf-Shirt_5.jpg?v=1710594003,https://cdn.shopify.com/s/files/1/0626/0421/4428/products/Green-Grass-Golf-Polo-Custom-Golf-Shirt_6.jpg?v=1710594003",,,,,,,,,0,Style,All-over Print Polo Shirt,0,1,All-over Print Polo Shirt,Size,"S,M,L,XL,2XL,3XL,4XL,5XL",0,1,S,,,,,,
,variation,,Green Grass Golf Polo - Custom Golf Shirt,1,0,visible,,,,,taxable,parent,1,,,,0,,,,,0,,,32.95,,,,https://cdn.shopify.com/s/files/1/0626/0421/4428/products/Green-Grass-Golf-Polo-Custom-Golf-Shirt_1.jpg?v=1710594003,,,7.90371E+12,,,,,,1,Style,All-over Print Polo Shirt,,1,,Size,S,,1,,,,,,,
,variation,,Green Grass Golf Polo - Custom Golf Shirt,1,0,visible,,,,,taxable,parent,1,,,,0,,,,,0,,,34.95,,,,https://cdn.shopify.com/s/files/1/0626/0421/4428/products/Green-Grass-Golf-Polo-Custom-Golf-Shirt_1.jpg?v=1710594003,,,7.90371E+12,,,,,,2,Style,All-over Print Polo Shirt,,1,,Size,M,,1,,,,,,,
,variation,,Green Grass Golf Polo - Custom Golf Shirt,1,0,visible,,,,,taxable,parent,1,,,,0,,,,,0,,,36.95,,,,https://cdn.shopify.com/s/files/1/0626/0421/4428/products/Green-Grass-Golf-Polo-Custom-Golf-Shirt_1.jpg?v=1710594003,,,7.90371E+12,,,,,,3,Style,All-over Print Polo Shirt,,1,,Size,L,,1,,,,,,,
,variation,,Green Grass Golf Polo - Custom Golf Shirt,1,0,visible,,,,,taxable,parent,1,,,,0,,,,,0,,,38.95,,,,https://cdn.shopify.com/s/files/1/0626/0421/4428/products/Green-Grass-Golf-Polo-Custom-Golf-Shirt_1.jpg?v=1710594003,,,7.90371E+12,,,,,,4,Style,All-over Print Polo Shirt,,1,,Size,XL,,1,,,,,,,
,variation,,Green Grass Golf Polo - Custom Golf Shirt,1,0,visible,,,,,taxable,parent,1,,,,0,,,,,0,,,38.95,,,,https://cdn.shopify.com/s/files/1/0626/0421/4428/products/Green-Grass-Golf-Polo-Custom-Golf-Shirt_1.jpg?v=1710594003,,,7.90371E+12,,,,,,5,Style,All-over Print Polo Shirt,,1,,Size,2XL,,1,,,,,,,
,variation,,Green Grass Golf Polo - Custom Golf Shirt,1,0,visible,,,,,taxable,parent,1,,,,0,,,,,0,,,40.95,,,,https://cdn.shopify.com/s/files/1/0626/0421/4428/products/Green-Grass-Golf-Polo-Custom-Golf-Shirt_1.jpg?v=1710594003,,,7.90371E+12,,,,,,6,Style,All-over Print Polo Shirt,,1,,Size,3XL,,1,,,,,,,
,variation,,Green Grass Golf Polo - Custom Golf Shirt,1,0,visible,,,,,taxable,parent,1,,,,0,,,,,0,,,42.95,,,,https://cdn.shopify.com/s/files/1/0626/0421/4428/products/Green-Grass-Golf-Polo-Custom-Golf-Shirt_1.jpg?v=1710594003,,,7.90371E+12,,,,,,7,Style,All-over Print Polo Shirt,,1,,Size,4XL,,1,,,,,,,
,variation,,Green Grass Golf Polo - Custom Golf Shirt,1,0,visible,,,,,taxable,parent,1,,,,0,,,,,0,,,42.95,,,,https://cdn.shopify.com/s/files/1/0626/0421/4428/products/Green-Grass-Golf-Polo-Custom-Golf-Shirt_1.jpg?v=1710594003,,,7.90371E+12,,,,,,8,Style,All-over Print Polo Shirt,,1,,Size,5XL,,1,,,,,,,
,variable,,"Proud Dad Of Baseball Player Gift For Dad, Grandpa - Custom Polo Shirt",1,0,visible,,"<div data-id=""07918756694720521"">
<div data-id=""07918756694720521"">
<div data-id=""07918756694720521"">
<div data-block-id=""block-75b37e0f-bdf4-4222-93a2-33cba27c8b52"" class=""ql-block"">
<div class=""ql-block"" data-block-id=""block-7c6e9a7e-f4b9-447a-a1fd-b1664992b1ac"" data-mce-fragment=""1"">
<div data-block-id=""block-b9605d8a-252d-4558-850f-1e123cb90be1"" class=""ql-block"">
<div data-block-id=""block-9d14a48a-e444-4a73-bc49-d14ef0813b99"" class=""ql-block"">
<div data-block-id=""block-b2a93716-ac2d-43fc-bac3-d4f28f5ebcea"" class=""ql-block"">
<div data-block-id=""block-531f25f6-8aab-49c5-8f92-df38f15bfd0c"" class=""ql-block"">Celebrate the pride of being a baseball dad with our ""Proud Dad of Baseball Player"" - Custom Polo Shirt. This custom polo shirt is designed for those who cherish the baseball spirit, whether cheering on the sidelines or playing the game themselves.</div>
<div data-block-id=""block-5688a250-3575-44b1-8705-982aca2ca124"" class=""ql-block"">Customize the shirt with a number, adding a personalized touch that makes it a unique and thoughtful gift for baseball-loving dads and grandpas. The shirt is not just a piece of clothing; it's a symbol of the shared passion for baseball and the special bond between a father and his baseball player.</div>
<div data-block-id=""block-693ad09c-cce1-4a76-aa9e-6bc0d22fcf00"" class=""ql-block"">Perfect for playing baseball, attending games, or casual family outings, this polo shirt is comfortable, stylish, and versatile. It's a great way for proud dads and grandpas to showcase their support and love for their baseball-playing sons and grandsons.</div>
<div data-block-id=""block-bbe45b3b-c4a5-421d-a440-f9f8843f47b2"" class=""ql-block"">Whether it's a birthday, Father's Day, or any other special occasion, this ""Proud Dad of Baseball Player"" polo shirt is a winning gift that celebrates the joy of baseball and the pride that comes with being a baseball dad.</div>
</div>
</div>
</div>
</div>
<p data-block-id=""block-0cd9770c-cce7-4d52-8647-3056a6c76c13"" class=""ql-block""><br><strong>MESSAGE: </strong>Proud Dad Of Baseball Player Gift For Dad, Grandpa.</p>
</div>
<p data-mce-style=""text-align: left;""><strong>PRODUCT DETAILS:</strong></p>
</div>
</div>
</div>
<div data-id=""07918756694720521"">
<div data-id=""07918756694720521"">
<ul>
<li>Material: Bird-eye pique fabric with 3-5% Spandex – Lightweight, breathable, moisture-wicking, stretchable quick-drying fabric that is comfortable to wear as a casual or activewear outfit.</li>
<li>Regular fit allows you to move freely and conveniently.</li>
<li>Pull-on closure with 3-button placket – Classic Polo style yet comfortable to put on and take off.</li>
<li>Double-stitch hems for durability.</li>
<li>Sublimation printing creates vibrant and clear prints on the fabric which won’t come off.</li>
</ul>
</div>
</div>
<div data-id=""07918756694720521"">
<ul></ul>
</div>
<style type=""text/css""><!--
br {mso-data-placement:same-cell;}
--></style>
<style type=""text/css""><!--
br {mso-data-placement:same-cell;}
--></style>
<style type=""text/css""><!--
br {mso-data-placement:same-cell;}
--></style>",,,taxable,,1,,,0,0,,,,,1,,,,Polo Shirt,,,"https://cdn.shopify.com/s/files/1/0626/0421/4428/products/Proud-Dad-Of-Baseball-Player-Gift-For-Dad_-Grandpa-Custom-Polo-Shirt_1.jpg?v=1710593912,https://cdn.shopify.com/s/files/1/0626/0421/4428/products/Proud-Dad-Of-Baseball-Player-Gift-For-Dad_-Grandpa-Custom-Polo-Shirt_2.jpg?v=1710593912,https://cdn.shopify.com/s/files/1/0626/0421/4428/products/Proud-Dad-Of-Baseball-Player-Gift-For-Dad_-Grandpa-Custom-Polo-Shirt_3.jpg?v=1710593912,https://cdn.shopify.com/s/files/1/0626/0421/4428/products/Proud-Dad-Of-Baseball-Player-Gift-For-Dad_-Grandpa-Custom-Polo-Shirt_4.jpg?v=1710593912,https://cdn.shopify.com/s/files/1/0626/0421/4428/products/Proud-Dad-Of-Baseball-Player-Gift-For-Dad_-Grandpa-Custom-Polo-Shirt_5.jpg?v=1710593912,https://cdn.shopify.com/s/files/1/0626/0421/4428/products/Proud-Dad-Of-Baseball-Player-Gift-For-Dad_-Grandpa-Custom-Polo-Shirt_6.jpg?v=1710593912",,,,,,,,,0,Style,All-over Print Polo Shirt,0,1,All-over Print Polo Shirt,Size,"S,M,L,XL,2XL,3XL,4XL,5XL",0,1,S,,,,,,
,variation,,"Proud Dad Of Baseball Player Gift For Dad, Grandpa - Custom Polo Shirt",1,0,visible,,,,,taxable,parent,1,,,,0,,,,,0,,,32.95,,,,https://cdn.shopify.com/s/files/1/0626/0421/4428/products/Proud-Dad-Of-Baseball-Player-Gift-For-Dad_-Grandpa-Custom-Polo-Shirt_1.jpg?v=1710593912,,,7.90371E+12,,,,,,1,Style,All-over Print Polo Shirt,,1,,Size,S,,1,,,,,,,
,variation,,"Proud Dad Of Baseball Player Gift For Dad, Grandpa - Custom Polo Shirt",1,0,visible,,,,,taxable,parent,1,,,,0,,,,,0,,,34.95,,,,https://cdn.shopify.com/s/files/1/0626/0421/4428/products/Proud-Dad-Of-Baseball-Player-Gift-For-Dad_-Grandpa-Custom-Polo-Shirt_1.jpg?v=1710593912,,,7.90371E+12,,,,,,2,Style,All-over Print Polo Shirt,,1,,Size,M,,1,,,,,,,
,variation,,"Proud Dad Of Baseball Player Gift For Dad, Grandpa - Custom Polo Shirt",1,0,visible,,,,,taxable,parent,1,,,,0,,,,,0,,,36.95,,,,https://cdn.shopify.com/s/files/1/0626/0421/4428/products/Proud-Dad-Of-Baseball-Player-Gift-For-Dad_-Grandpa-Custom-Polo-Shirt_1.jpg?v=1710593912,,,7.90371E+12,,,,,,3,Style,All-over Print Polo Shirt,,1,,Size,L,,1,,,,,,,
,variation,,"Proud Dad Of Baseball Player Gift For Dad, Grandpa - Custom Polo Shirt",1,0,visible,,,,,taxable,parent,1,,,,0,,,,,0,,,38.95,,,,https://cdn.shopify.com/s/files/1/0626/0421/4428/products/Proud-Dad-Of-Baseball-Player-Gift-For-Dad_-Grandpa-Custom-Polo-Shirt_1.jpg?v=1710593912,,,7.90371E+12,,,,,,4,Style,All-over Print Polo Shirt,,1,,Size,XL,,1,,,,,,,
,variation,,"Proud Dad Of Baseball Player Gift For Dad, Grandpa - Custom Polo Shirt",1,0,visible,,,,,taxable,parent,1,,,,0,,,,,0,,,38.95,,,,https://cdn.shopify.com/s/files/1/0626/0421/4428/products/Proud-Dad-Of-Baseball-Player-Gift-For-Dad_-Grandpa-Custom-Polo-Shirt_1.jpg?v=1710593912,,,7.90371E+12,,,,,,5,Style,All-over Print Polo Shirt,,1,,Size,2XL,,1,,,,,,,
,variation,,"Proud Dad Of Baseball Player Gift For Dad, Grandpa - Custom Polo Shirt",1,0,visible,,,,,taxable,parent,1,,,,0,,,,,0,,,40.95,,,,https://cdn.shopify.com/s/files/1/0626/0421/4428/products/Proud-Dad-Of-Baseball-Player-Gift-For-Dad_-Grandpa-Custom-Polo-Shirt_1.jpg?v=1710593912,,,7.90371E+12,,,,,,6,Style,All-over Print Polo Shirt,,1,,Size,3XL,,1,,,,,,,
,variation,,"Proud Dad Of Baseball Player Gift For Dad, Grandpa - Custom Polo Shirt",1,0,visible,,,,,taxable,parent,1,,,,0,,,,,0,,,42.95,,,,https://cdn.shopify.com/s/files/1/0626/0421/4428/products/Proud-Dad-Of-Baseball-Player-Gift-For-Dad_-Grandpa-Custom-Polo-Shirt_1.jpg?v=1710593912,,,7.90371E+12,,,,,,7,Style,All-over Print Polo Shirt,,1,,Size,4XL,,1,,,,,,,
,variation,,"Proud Dad Of Baseball Player Gift For Dad, Grandpa - Custom Polo Shirt",1,0,visible,,,,,taxable,parent,1,,,,0,,,,,0,,,42.95,,,,https://cdn.shopify.com/s/files/1/0626/0421/4428/products/Proud-Dad-Of-Baseball-Player-Gift-For-Dad_-Grandpa-Custom-Polo-Shirt_1.jpg?v=1710593912,,,7.90371E+12,,,,,,8,Style,All-over Print Polo Shirt,,1,,Size,5XL,,1,,,,,,,
,variable,,"Dad: The Man, The Myth, The Legend - Personalized Polo Shirt",1,0,visible,,"<div data-id=""07918756694720521"">
<div data-id=""07918756694720521"">
<div data-id=""07918756694720521"">
<div data-block-id=""block-75b37e0f-bdf4-4222-93a2-33cba27c8b52"">
<div data-block-id=""block-7c6e9a7e-f4b9-447a-a1fd-b1664992b1ac"">
<div data-block-id=""block-b9605d8a-252d-4558-850f-1e123cb90be1"">
<div data-block-id=""block-9d14a48a-e444-4a73-bc49-d14ef0813b99"">
<div data-block-id=""block-b2a93716-ac2d-43fc-bac3-d4f28f5ebcea"">
<div data-block-id=""block-531f25f6-8aab-49c5-8f92-df38f15bfd0c"">
<div data-line=""true"" data-line-index=""0"" data-zone-id=""0"">
<div data-line=""true"" data-line-index=""1"" data-zone-id=""0"">
<div data-line=""true"" data-line-index=""1"" data-zone-id=""0"">
<div data-line=""true"" data-line-index=""0"" data-zone-id=""0"">
<div data-line=""true"" data-line-index=""0"" data-zone-id=""0"">
<div data-zone-id=""0"" data-line-index=""0"" data-line=""true"">
<div data-zone-id=""0"" data-line-index=""0"" data-line=""true"">
<div data-zone-id=""0"" data-line-index=""0"" data-line=""true"">
<div data-zone-id=""0"" data-line-index=""0"" data-line=""true"">
<div data-zone-id=""0"" data-line-index=""2"" data-line=""true"">
<div data-zone-id=""0"" data-line-index=""2"" data-line=""true"">
<p>Celebrate the incredible man that is your dad with our personalized polo shirt. This incredibly unique piece allows for a cherished memory to be forever captured, perfect for that special dad in your life. With the sentiment ""Dad: The Man, The Myth, The Legend"", this polo shirt radiates an air of warmth, love, and appreciation. <br><br>This polo shirt is more than just apparel; it's a heartfelt message and a beautiful memory rolled into one. Ideal for Father's Day, the shirt's tender, nostalgic appeal makes it a perfect gift on birthdays, Christmas, anniversaries, or any special occasion. It's an unforgettable conversation starter, allowing dad to proudly display his familial bonds. Don't let another moment pass by; order now to present the legend in your life with a gift that is as unique and amazing as he is.</p>
</div>
</div>
</div>
<br><strong>MESSAGE</strong>: Dad: The Man, The Myth, The Legend.</div>
</div>
</div>
</div>
</div>
</div>
</div>
</div>
</div>
</div>
</div>
</div>
</div>
<p data-block-id=""block-0cd9770c-cce7-4d52-8647-3056a6c76c13""><br><strong>PRODUCT DETAILS:</strong></p>
</div>
</div>
</div>
</div>
<div data-id=""07918756694720521"">
<div data-id=""07918756694720521"">
<ul>
<li>Material: Bird-eye pique fabric with 3-5% Spandex – Lightweight, breathable, moisture-wicking, stretchable quick-drying fabric that is comfortable to wear as a casual or activewear outfit.</li>
<li>Regular fit allows you to move freely and conveniently.</li>
<li>Pull-on closure with 3-button placket – Classic Polo style yet comfortable to put on and take off.</li>
<li>Double-stitch hems for durability.</li>
<li>Sublimation printing creates vibrant and clear prints on the fabric which won’t come off.</li>
</ul>
</div>
</div>",,,taxable,,1,,,0,0,,,,,1,,,,Polo Shirt,,,"https://cdn.shopify.com/s/files/1/0626/0421/4428/files/Dad-The-Man_-The-Myth_-The-Legend-Personalized-Polo-Shirt-1.jpg?v=1747630913,https://cdn.shopify.com/s/files/1/0626/0421/4428/files/Dad-The-Man_-The-Myth_-The-Legend-Personalized-Polo-Shirt-2.jpg?v=1747630921,https://cdn.shopify.com/s/files/1/0626/0421/4428/files/Dad-The-Man_-The-Myth_-The-Legend-Personalized-Polo-Shirt-3.jpg?v=1747630928,https://cdn.shopify.com/s/files/1/0626/0421/4428/files/Dad-The-Man_-The-Myth_-The-Legend-Personalized-Polo-Shirt-4.jpg?v=1747630935,https://cdn.shopify.com/s/files/1/0626/0421/4428/files/Dad-The-Man_-The-Myth_-The-Legend-Personalized-Polo-Shirt-5.jpg?v=1747630948",,,,,,,,,0,Style,All-over Print Polo Shirt,0,1,All-over Print Polo Shirt,Size,"S,M,L,XL,2XL,3XL,4XL,5XL",0,1,S,,,,,,
,variation,,"Dad: The Man, The Myth, The Legend - Personalized Polo Shirt",1,0,visible,,,,,taxable,parent,1,,,,0,,,,,0,,,32.95,,,,https://cdn.shopify.com/s/files/1/0626/0421/4428/files/Dad-The-Man_-The-Myth_-The-Legend-Personalized-Polo-Shirt-1.jpg?v=1747630913,,,8.42867E+12,,,,,,1,Style,All-over Print Polo Shirt,,1,,Size,S,,1,,,,,,,
,variation,,"Dad: The Man, The Myth, The Legend - Personalized Polo Shirt",1,0,visible,,,,,taxable,parent,1,,,,0,,,,,0,,,34.95,,,,https://cdn.shopify.com/s/files/1/0626/0421/4428/files/Dad-The-Man_-The-Myth_-The-Legend-Personalized-Polo-Shirt-1.jpg?v=1747630913,,,8.42867E+12,,,,,,2,Style,All-over Print Polo Shirt,,1,,Size,M,,1,,,,,,,
,variation,,"Dad: The Man, The Myth, The Legend - Personalized Polo Shirt",1,0,visible,,,,,taxable,parent,1,,,,0,,,,,0,,,36.95,,,,https://cdn.shopify.com/s/files/1/0626/0421/4428/files/Dad-The-Man_-The-Myth_-The-Legend-Personalized-Polo-Shirt-1.jpg?v=1747630913,,,8.42867E+12,,,,,,3,Style,All-over Print Polo Shirt,,1,,Size,L,,1,,,,,,,
,variation,,"Dad: The Man, The Myth, The Legend - Personalized Polo Shirt",1,0,visible,,,,,taxable,parent,1,,,,0,,,,,0,,,38.95,,,,https://cdn.shopify.com/s/files/1/0626/0421/4428/files/Dad-The-Man_-The-Myth_-The-Legend-Personalized-Polo-Shirt-1.jpg?v=1747630913,,,8.42867E+12,,,,,,4,Style,All-over Print Polo Shirt,,1,,Size,XL,,1,,,,,,,
,variation,,"Dad: The Man, The Myth, The Legend - Personalized Polo Shirt",1,0,visible,,,,,taxable,parent,1,,,,0,,,,,0,,,38.95,,,,https://cdn.shopify.com/s/files/1/0626/0421/4428/files/Dad-The-Man_-The-Myth_-The-Legend-Personalized-Polo-Shirt-1.jpg?v=1747630913,,,8.42867E+12,,,,,,5,Style,All-over Print Polo Shirt,,1,,Size,2XL,,1,,,,,,,
,variation,,"Dad: The Man, The Myth, The Legend - Personalized Polo Shirt",1,0,visible,,,,,taxable,parent,1,,,,0,,,,,0,,,40.95,,,,https://cdn.shopify.com/s/files/1/0626/0421/4428/files/Dad-The-Man_-The-Myth_-The-Legend-Personalized-Polo-Shirt-1.jpg?v=1747630913,,,8.42867E+12,,,,,,6,Style,All-over Print Polo Shirt,,1,,Size,3XL,,1,,,,,,,
,variation,,"Dad: The Man, The Myth, The Legend - Personalized Polo Shirt",1,0,visible,,,,,taxable,parent,1,,,,0,,,,,0,,,42.95,,,,https://cdn.shopify.com/s/files/1/0626/0421/4428/files/Dad-The-Man_-The-Myth_-The-Legend-Personalized-Polo-Shirt-1.jpg?v=1747630913,,,8.42867E+12,,,,,,7,Style,All-over Print Polo Shirt,,1,,Size,4XL,,1,,,,,,,
,variation,,"Dad: The Man, The Myth, The Legend - Personalized Polo Shirt",1,0,visible,,,,,taxable,parent,1,,,,0,,,,,0,,,42.95,,,,https://cdn.shopify.com/s/files/1/0626/0421/4428/files/Dad-The-Man_-The-Myth_-The-Legend-Personalized-Polo-Shirt-1.jpg?v=1747630913,,,8.42867E+12,,,,,,8,Style,All-over Print Polo Shirt,,1,,Size,5XL,,1,,,,,,,
,variable,,Papa Bear - Personalized Polo Shirt,1,0,visible,,"<div data-id=""07918756694720521"">
<div data-id=""07918756694720521"">
<div data-id=""07918756694720521"">
<div data-block-id=""block-75b37e0f-bdf4-4222-93a2-33cba27c8b52"">
<div data-block-id=""block-7c6e9a7e-f4b9-447a-a1fd-b1664992b1ac"">
<div data-block-id=""block-b9605d8a-252d-4558-850f-1e123cb90be1"">
<div data-block-id=""block-9d14a48a-e444-4a73-bc49-d14ef0813b99"">
<div data-block-id=""block-b2a93716-ac2d-43fc-bac3-d4f28f5ebcea"">
<div data-block-id=""block-531f25f6-8aab-49c5-8f92-df38f15bfd0c"">
<div data-line=""true"" data-line-index=""0"" data-zone-id=""0"">
<div data-line=""true"" data-line-index=""1"" data-zone-id=""0"">
<div data-line=""true"" data-line-index=""1"" data-zone-id=""0"">
<div data-line=""true"" data-line-index=""0"" data-zone-id=""0"">
<div data-line=""true"" data-line-index=""0"" data-zone-id=""0"">
<div data-zone-id=""0"" data-line-index=""0"" data-line=""true"">
<div data-zone-id=""0"" data-line-index=""0"" data-line=""true"">
<div data-zone-id=""0"" data-line-index=""0"" data-line=""true"">
<div data-zone-id=""0"" data-line-index=""0"" data-line=""true"">
<div data-zone-id=""0"" data-line-index=""2"" data-line=""true"">
<p>Crafted with love and thoughtfulness, our Papa Bear - Personalized Polo Shirt is the epitome of a suggestive gift that symbolizes strength, protection and family bonds. This Polo shirt, with a distinctive personal touch, is perfect for all the dads and grandpas out there who proudly wear the title of 'Papa Bear'. It impeccably highlights family affinity and resemblance, making it a faultless gift for the special men in our families, reminding them how much they are respected and loved.<br><br>Perfect for Father's Day, birthdays, anniversaries, Christmas, or any occasion really, it's not just a shirt, but a wearable bond of fatherhood, an emblem of care and warm hugs. It subtly hints at the playful yet loving relationship between them and their cubs. The simple yet poignant message of 'Papa Bear or Daddy Bear' indeed touches hearts, invoking an emotional connection. It's more than a piece of clothing - it's a symbol of the bond you share. Gifting this personalized Polo Shirt is definitely a way to make a memorable moment even more special. Encourage your Papa Bear to flaunt his title with pride with this unique and ideal present. Enjoy the smiles and warmth this gift will undoubtedly bring. Order your Papa Bear - Personalized Polo Shirt today!</p>
</div>
</div>
<br><strong>MESSAGE: </strong>
</div>
</div>
</div>
</div>
</div>
</div>
</div>
</div>
</div>
</div>
</div>
</div>
</div>
<ul>
<li>Papa bear.</li>
<li>Daddy bear.</li>
</ul>
<p data-block-id=""block-0cd9770c-cce7-4d52-8647-3056a6c76c13""><br><strong>PRODUCT DETAILS:</strong></p>
</div>
</div>
</div>
</div>
<div data-id=""07918756694720521"">
<div data-id=""07918756694720521"">
<ul>
<li>Material: Bird-eye pique fabric with 3-5% Spandex – Lightweight, breathable, moisture-wicking, stretchable quick-drying fabric that is comfortable to wear as a casual or activewear outfit.</li>
<li>Regular fit allows you to move freely and conveniently.</li>
<li>Pull-on closure with 3-button placket – Classic Polo style yet comfortable to put on and take off.</li>
<li>Double-stitch hems for durability.</li>
<li>Sublimation printing creates vibrant and clear prints on the fabric which won’t come off.</li>
</ul>
</div>
</div>",,,taxable,,1,,,0,0,,,,,1,,,,Polo Shirt,,,"https://cdn.shopify.com/s/files/1/0626/0421/4428/files/Papa-Bear-Personalized-Polo-Shirt_1.jpg?v=1746611910,https://cdn.shopify.com/s/files/1/0626/0421/4428/files/Papa-Bear-Personalized-Polo-Shirt_2.jpg?v=1746611910,https://cdn.shopify.com/s/files/1/0626/0421/4428/files/Papa-Bear-Personalized-Polo-Shirt_3.jpg?v=1746611910,https://cdn.shopify.com/s/files/1/0626/0421/4428/files/Papa-Bear-Personalized-Polo-Shirt_4.jpg?v=1746611910,https://cdn.shopify.com/s/files/1/0626/0421/4428/files/Papa-Bear-Personalized-Polo-Shirt_5.jpg?v=1746611910,https://cdn.shopify.com/s/files/1/0626/0421/4428/files/Papa-Bear-Personalized-Polo-Shirt_6.jpg?v=1746611910",,,,,,,,,0,Style,All-over Print Polo Shirt,0,1,All-over Print Polo Shirt,Size,"S,M,L,XL,2XL,3XL,4XL,5XL",0,1,S,,,,,,
,variation,,Papa Bear - Personalized Polo Shirt,1,0,visible,,,,,taxable,parent,1,,,,0,,,,,0,,,32.95,,,,https://cdn.shopify.com/s/files/1/0626/0421/4428/files/Papa-Bear-Personalized-Polo-Shirt_1.jpg?v=1746611910,,,8.41982E+12,,,,,,1,Style,All-over Print Polo Shirt,,1,,Size,S,,1,,,,,,,
,variation,,Papa Bear - Personalized Polo Shirt,1,0,visible,,,,,taxable,parent,1,,,,0,,,,,0,,,34.95,,,,https://cdn.shopify.com/s/files/1/0626/0421/4428/files/Papa-Bear-Personalized-Polo-Shirt_1.jpg?v=1746611910,,,8.41982E+12,,,,,,2,Style,All-over Print Polo Shirt,,1,,Size,M,,1,,,,,,,
,variation,,Papa Bear - Personalized Polo Shirt,1,0,visible,,,,,taxable,parent,1,,,,0,,,,,0,,,36.95,,,,https://cdn.shopify.com/s/files/1/0626/0421/4428/files/Papa-Bear-Personalized-Polo-Shirt_1.jpg?v=1746611910,,,8.41982E+12,,,,,,3,Style,All-over Print Polo Shirt,,1,,Size,L,,1,,,,,,,
,variation,,Papa Bear - Personalized Polo Shirt,1,0,visible,,,,,taxable,parent,1,,,,0,,,,,0,,,38.95,,,,https://cdn.shopify.com/s/files/1/0626/0421/4428/files/Papa-Bear-Personalized-Polo-Shirt_1.jpg?v=1746611910,,,8.41982E+12,,,,,,4,Style,All-over Print Polo Shirt,,1,,Size,XL,,1,,,,,,,
,variation,,Papa Bear - Personalized Polo Shirt,1,0,visible,,,,,taxable,parent,1,,,,0,,,,,0,,,38.95,,,,https://cdn.shopify.com/s/files/1/0626/0421/4428/files/Papa-Bear-Personalized-Polo-Shirt_1.jpg?v=1746611910,,,8.41982E+12,,,,,,5,Style,All-over Print Polo Shirt,,1,,Size,2XL,,1,,,,,,,
,variation,,Papa Bear - Personalized Polo Shirt,1,0,visible,,,,,taxable,parent,1,,,,0,,,,,0,,,40.95,,,,https://cdn.shopify.com/s/files/1/0626/0421/4428/files/Papa-Bear-Personalized-Polo-Shirt_1.jpg?v=1746611910,,,8.41982E+12,,,,,,6,Style,All-over Print Polo Shirt,,1,,Size,3XL,,1,,,,,,,
,variation,,Papa Bear - Personalized Polo Shirt,1,0,visible,,,,,taxable,parent,1,,,,0,,,,,0,,,42.95,,,,https://cdn.shopify.com/s/files/1/0626/0421/4428/files/Papa-Bear-Personalized-Polo-Shirt_1.jpg?v=1746611910,,,8.41982E+12,,,,,,7,Style,All-over Print Polo Shirt,,1,,Size,4XL,,1,,,,,,,
,variation,,Papa Bear - Personalized Polo Shirt,1,0,visible,,,,,taxable,parent,1,,,,0,,,,,0,,,42.95,,,,https://cdn.shopify.com/s/files/1/0626/0421/4428/files/Papa-Bear-Personalized-Polo-Shirt_1.jpg?v=1746611910,,,8.41982E+12,,,,,,8,Style,All-over Print Polo Shirt,,1,,Size,5XL,,1,,,,,,,
,variable,,Best Dad Ever - Personalized Polo Shirt,1,0,visible,,"<div data-id=""07918756694720521"">
<div data-id=""07918756694720521"">
<div data-id=""07918756694720521"">
<div data-block-id=""block-75b37e0f-bdf4-4222-93a2-33cba27c8b52"">
<div data-block-id=""block-7c6e9a7e-f4b9-447a-a1fd-b1664992b1ac"">
<div data-block-id=""block-b9605d8a-252d-4558-850f-1e123cb90be1"">
<div data-block-id=""block-9d14a48a-e444-4a73-bc49-d14ef0813b99"">
<div data-block-id=""block-b2a93716-ac2d-43fc-bac3-d4f28f5ebcea"">
<div data-block-id=""block-531f25f6-8aab-49c5-8f92-df38f15bfd0c"">
<div data-line=""true"" data-line-index=""0"" data-zone-id=""0"">
<div data-line=""true"" data-line-index=""1"" data-zone-id=""0"">
<div data-line=""true"" data-line-index=""1"" data-zone-id=""0"">
<div data-line=""true"" data-line-index=""0"" data-zone-id=""0"">
<div data-line=""true"" data-line-index=""0"" data-zone-id=""0"">
<div data-zone-id=""0"" data-line-index=""0"" data-line=""true"">Give your dad a gift that’s as special as he is with this Personalized ""Best Dad Ever"" Polo Shirt, perfect for Father’s Day or any occasion. Designed for both style and sentiment, this high-quality polo lets him proudly show off his title as the best dad ever, while also celebrating the love of his children.<br><br>
</div>
<div data-zone-id=""0"" data-line-index=""1"" data-line=""true"">Crafted from premium breathable fabric, this polo ensures all-day comfort, whether he’s at work, out for a round of golf, or spending quality time with family. Make it truly one-of-a-kind by personalizing it with his name and custom designs representing his kids—whether it’s their names, silhouettes, or fun fishing, sports, or hobby-themed illustrations.<br><br>
</div>
<div data-zone-id=""0"" data-line-index=""2"" data-line=""true"">A perfect combination of fashion and heartfelt appreciation, this polo is more than just clothing—it’s a wearable reminder of the amazing bond between a father and his children. Because a dad as special as yours deserves a gift just as meaningful.<br><br><strong>MESSAGE:</strong> Best Dad Ever.<br><br><strong>PRODUCT DETAILS:</strong>
</div>
</div>
</div>
</div>
</div>
</div>
</div>
</div>
</div>
</div>
</div>
</div>
</div>
</div>
</div>
<div data-id=""07918756694720521"">
<div data-id=""07918756694720521"">
<ul>
<li>Material: Bird-eye pique fabric with 3-5% Spandex – Lightweight, breathable, moisture-wicking, stretchable quick-drying fabric that is comfortable to wear as a casual or activewear outfit.</li>
<li>Regular fit allows you to move freely and conveniently.</li>
<li>Pull-on closure with 3-button placket – Classic Polo style yet comfortable to put on and take off.</li>
<li>Double-stitch hems for durability.</li>
<li>Sublimation printing creates vibrant and clear prints on the fabric which won’t come off.</li>
</ul>
</div>
</div>
<style type=""text/css""><!--
br {mso-data-placement:same-cell;}
--></style>
<style type=""text/css""><!--
br {mso-data-placement:same-cell;}
--></style>
<style type=""text/css""><!--
br {mso-data-placement:same-cell;}
--></style>",,,taxable,,1,,,0,0,,,,,1,,,,Polo Shirt,,,"https://cdn.shopify.com/s/files/1/0626/0421/4428/files/Best-Dad-Ever-Personalized-Polo-Shirt_1.jpg?v=1744601156,https://cdn.shopify.com/s/files/1/0626/0421/4428/files/Best-Dad-Ever-Personalized-Polo-Shirt_2.jpg?v=1744601156,https://cdn.shopify.com/s/files/1/0626/0421/4428/files/Best-Dad-Ever-Personalized-Polo-Shirt_3.jpg?v=1744601156,https://cdn.shopify.com/s/files/1/0626/0421/4428/files/Best-Dad-Ever-Personalized-Polo-Shirt_4.jpg?v=1744601156,https://cdn.shopify.com/s/files/1/0626/0421/4428/files/Best-Dad-Ever-Personalized-Polo-Shirt_5.jpg?v=1744601156,https://cdn.shopify.com/s/files/1/0626/0421/4428/files/Best-Dad-Ever-Personalized-Polo-Shirt_6.jpg?v=1744601156",,,,,,,,,0,Style,All-over Print Polo Shirt,0,1,All-over Print Polo Shirt,Size,"S,M,L,XL,2XL,3XL,4XL,5XL",0,1,S,,,,,,
,variation,,Best Dad Ever - Personalized Polo Shirt,1,0,visible,,,,,taxable,parent,1,,,,0,,,,,0,,,32.95,,,,https://cdn.shopify.com/s/files/1/0626/0421/4428/files/Best-Dad-Ever-Personalized-Polo-Shirt_1.jpg?v=1744601156,,,8.40685E+12,,,,,,1,Style,All-over Print Polo Shirt,,1,,Size,S,,1,,,,,,,
,variation,,Best Dad Ever - Personalized Polo Shirt,1,0,visible,,,,,taxable,parent,1,,,,0,,,,,0,,,34.95,,,,https://cdn.shopify.com/s/files/1/0626/0421/4428/files/Best-Dad-Ever-Personalized-Polo-Shirt_1.jpg?v=1744601156,,,8.40685E+12,,,,,,2,Style,All-over Print Polo Shirt,,1,,Size,M,,1,,,,,,,
,variation,,Best Dad Ever - Personalized Polo Shirt,1,0,visible,,,,,taxable,parent,1,,,,0,,,,,0,,,36.95,,,,https://cdn.shopify.com/s/files/1/0626/0421/4428/files/Best-Dad-Ever-Personalized-Polo-Shirt_1.jpg?v=1744601156,,,8.40685E+12,,,,,,3,Style,All-over Print Polo Shirt,,1,,Size,L,,1,,,,,,,
,variation,,Best Dad Ever - Personalized Polo Shirt,1,0,visible,,,,,taxable,parent,1,,,,0,,,,,0,,,38.95,,,,https://cdn.shopify.com/s/files/1/0626/0421/4428/files/Best-Dad-Ever-Personalized-Polo-Shirt_1.jpg?v=1744601156,,,8.40685E+12,,,,,,4,Style,All-over Print Polo Shirt,,1,,Size,XL,,1,,,,,,,
,variation,,Best Dad Ever - Personalized Polo Shirt,1,0,visible,,,,,taxable,parent,1,,,,0,,,,,0,,,38.95,,,,https://cdn.shopify.com/s/files/1/0626/0421/4428/files/Best-Dad-Ever-Personalized-Polo-Shirt_1.jpg?v=1744601156,,,8.40685E+12,,,,,,5,Style,All-over Print Polo Shirt,,1,,Size,2XL,,1,,,,,,,
,variation,,Best Dad Ever - Personalized Polo Shirt,1,0,visible,,,,,taxable,parent,1,,,,0,,,,,0,,,40.95,,,,https://cdn.shopify.com/s/files/1/0626/0421/4428/files/Best-Dad-Ever-Personalized-Polo-Shirt_1.jpg?v=1744601156,,,8.40685E+12,,,,,,6,Style,All-over Print Polo Shirt,,1,,Size,3XL,,1,,,,,,,
,variation,,Best Dad Ever - Personalized Polo Shirt,1,0,visible,,,,,taxable,parent,1,,,,0,,,,,0,,,42.95,,,,https://cdn.shopify.com/s/files/1/0626/0421/4428/files/Best-Dad-Ever-Personalized-Polo-Shirt_1.jpg?v=1744601156,,,8.40685E+12,,,,,,7,Style,All-over Print Polo Shirt,,1,,Size,4XL,,1,,,,,,,
,variation,,Best Dad Ever - Personalized Polo Shirt,1,0,visible,,,,,taxable,parent,1,,,,0,,,,,0,,,42.95,,,,https://cdn.shopify.com/s/files/1/0626/0421/4428/files/Best-Dad-Ever-Personalized-Polo-Shirt_1.jpg?v=1744601156,,,8.40685E+12,,,,,,8,Style,All-over Print Polo Shirt,,1,,Size,5XL,,1,,,,,,,
,variable,,"Dear Dad, Great Job - Personalized Polo Shirt",1,0,visible,,"<div data-id=""07918756694720521"">
<div data-id=""07918756694720521"">
<div data-id=""07918756694720521"">
<div data-block-id=""block-75b37e0f-bdf4-4222-93a2-33cba27c8b52"">
<div data-mce-fragment=""1"" data-block-id=""block-7c6e9a7e-f4b9-447a-a1fd-b1664992b1ac"">
<div data-block-id=""block-b9605d8a-252d-4558-850f-1e123cb90be1"">
<div data-block-id=""block-9d14a48a-e444-4a73-bc49-d14ef0813b99"">
<div data-block-id=""block-b2a93716-ac2d-43fc-bac3-d4f28f5ebcea"">
<div data-block-id=""block-531f25f6-8aab-49c5-8f92-df38f15bfd0c"">
<div data-zone-id=""0"" data-line-index=""0"" data-line=""true"">
<div data-zone-id=""0"" data-line-index=""1"" data-line=""true"">
<div data-zone-id=""0"" data-line-index=""1"" data-line=""true"">
<div data-line=""true"" data-line-index=""0"" data-zone-id=""0"">Looking for a special Father's Day or anniversary gift for your dad or father figure? Our personalized polo shirt is the perfect choice. Crafted with high-quality fabric, this shirt can be customized with a heartfelt message like 'Dear dad, great job. We're awesome.' It's a unique and meaningful way to show your love and appreciation. Practical and sentimental, this polo shirt will surely bring a smile to his face and remind him of the special bond you share.""</div>
</div>
</div>
</div>
</div>
</div>
</div>
</div>
</div>
<p data-block-id=""block-0cd9770c-cce7-4d52-8647-3056a6c76c13""><br><strong>MESSAGE: </strong></p>
<div data-zone-id=""0"" data-line-index=""0"" data-line=""true"">Dear dad, great job.</div>
<div data-zone-id=""0"" data-line-index=""1"" data-line=""true"">We're awesome</div>
<div data-zone-id=""0"" data-line-index=""2"" data-line=""true"">Thank you.<br><br>
</div>
<div data-block-id=""block-3ea9d97d-e266-4f15-8c6f-67d8d1330007"">
<strong> PRODUCT DETAILS:</strong><br>
</div>
</div>
</div>
</div>
</div>
<div data-id=""07918756694720521"">
<div data-id=""07918756694720521"">
<ul>
<li>Material: Bird-eye pique fabric with 3-5% Spandex – Lightweight, breathable, moisture-wicking, stretchable quick-drying fabric that is comfortable to wear as a casual or activewear outfit.</li>
<li>Regular fit allows you to move freely and conveniently.</li>
<li>Pull-on closure with 3-button placket – Classic Polo style yet comfortable to put on and take off.</li>
<li>Double-stitch hems for durability.</li>
<li>Sublimation printing creates vibrant and clear prints on the fabric which won’t come off.</li>
</ul>
</div>
</div>
<style type=""text/css""><!--
br {mso-data-placement:same-cell;}
--></style>
<style type=""text/css""><!--
br {mso-data-placement:same-cell;}
--></style>
<style type=""text/css""><!--
br {mso-data-placement:same-cell;}
--></style>",,,taxable,,1,,,0,0,,,,,1,,,,Polo Shirt,,,"https://cdn.shopify.com/s/files/1/0626/0421/4428/files/Dear-Dad_-Great-Job-Personalized-Polo-Shirt_1.jpg?v=1718353751,https://cdn.shopify.com/s/files/1/0626/0421/4428/files/Dear-Dad_-Great-Job-Personalized-Polo-Shirt_2.jpg?v=1718353751,https://cdn.shopify.com/s/files/1/0626/0421/4428/files/Dear-Dad_-Great-Job-Personalized-Polo-Shirt_3.jpg?v=1718353751,https://cdn.shopify.com/s/files/1/0626/0421/4428/files/Dear-Dad_-Great-Job-Personalized-Polo-Shirt_4.jpg?v=1718353751,https://cdn.shopify.com/s/files/1/0626/0421/4428/files/Dear-Dad_-Great-Job-Personalized-Polo-Shirt_5.jpg?v=1718353751,https://cdn.shopify.com/s/files/1/0626/0421/4428/files/Dear-Dad_-Great-Job-Personalized-Polo-Shirt_6.jpg?v=1718353751",,,,,,,,,0,Style,All-over Print Polo Shirt,0,1,All-over Print Polo Shirt,Size,"S,M,L,XL,2XL,3XL,4XL,5XL",0,1,S,,,,,,
,variation,,"Dear Dad, Great Job - Personalized Polo Shirt",1,0,visible,,,,,taxable,parent,1,,,,0,,,,,0,,,32.95,,,,https://cdn.shopify.com/s/files/1/0626/0421/4428/files/Dear-Dad_-Great-Job-Personalized-Polo-Shirt_1.jpg?v=1718353751,,,8.15131E+12,,,,,,1,Style,All-over Print Polo Shirt,,1,,Size,S,,1,,,,,,,
,variation,,"Dear Dad, Great Job - Personalized Polo Shirt",1,0,visible,,,,,taxable,parent,1,,,,0,,,,,0,,,34.95,,,,https://cdn.shopify.com/s/files/1/0626/0421/4428/files/Dear-Dad_-Great-Job-Personalized-Polo-Shirt_1.jpg?v=1718353751,,,8.15131E+12,,,,,,2,Style,All-over Print Polo Shirt,,1,,Size,M,,1,,,,,,,
,variation,,"Dear Dad, Great Job - Personalized Polo Shirt",1,0,visible,,,,,taxable,parent,1,,,,0,,,,,0,,,36.95,,,,https://cdn.shopify.com/s/files/1/0626/0421/4428/files/Dear-Dad_-Great-Job-Personalized-Polo-Shirt_1.jpg?v=1718353751,,,8.15131E+12,,,,,,3,Style,All-over Print Polo Shirt,,1,,Size,L,,1,,,,,,,
,variation,,"Dear Dad, Great Job - Personalized Polo Shirt",1,0,visible,,,,,taxable,parent,1,,,,0,,,,,0,,,38.95,,,,https://cdn.shopify.com/s/files/1/0626/0421/4428/files/Dear-Dad_-Great-Job-Personalized-Polo-Shirt_1.jpg?v=1718353751,,,8.15131E+12,,,,,,4,Style,All-over Print Polo Shirt,,1,,Size,XL,,1,,,,,,,
,variation,,"Dear Dad, Great Job - Personalized Polo Shirt",1,0,visible,,,,,taxable,parent,1,,,,0,,,,,0,,,38.95,,,,https://cdn.shopify.com/s/files/1/0626/0421/4428/files/Dear-Dad_-Great-Job-Personalized-Polo-Shirt_1.jpg?v=1718353751,,,8.15131E+12,,,,,,5,Style,All-over Print Polo Shirt,,1,,Size,2XL,,1,,,,,,,
,variation,,"Dear Dad, Great Job - Personalized Polo Shirt",1,0,visible,,,,,taxable,parent,1,,,,0,,,,,0,,,40.95,,,,https://cdn.shopify.com/s/files/1/0626/0421/4428/files/Dear-Dad_-Great-Job-Personalized-Polo-Shirt_1.jpg?v=1718353751,,,8.15131E+12,,,,,,6,Style,All-over Print Polo Shirt,,1,,Size,3XL,,1,,,,,,,
,variation,,"Dear Dad, Great Job - Personalized Polo Shirt",1,0,visible,,,,,taxable,parent,1,,,,0,,,,,0,,,42.95,,,,https://cdn.shopify.com/s/files/1/0626/0421/4428/files/Dear-Dad_-Great-Job-Personalized-Polo-Shirt_1.jpg?v=1718353751,,,8.15131E+12,,,,,,7,Style,All-over Print Polo Shirt,,1,,Size,4XL,,1,,,,,,,
,variation,,"Dear Dad, Great Job - Personalized Polo Shirt",1,0,visible,,,,,taxable,parent,1,,,,0,,,,,0,,,42.95,,,,https://cdn.shopify.com/s/files/1/0626/0421/4428/files/Dear-Dad_-Great-Job-Personalized-Polo-Shirt_1.jpg?v=1718353751,,,8.15131E+12,,,,,,8,Style,All-over Print Polo Shirt,,1,,Size,5XL,,1,,,,,,,
,variable,,Custom Name Billiard Balls Flaming Pattern Polo Shirt - Custom Polo Shirt,1,0,visible,,"<div data-id=""07918756694720521"">
<div data-id=""07918756694720521"">
<div data-id=""07918756694720521"">
<div data-block-id=""block-75b37e0f-bdf4-4222-93a2-33cba27c8b52"" class=""ql-block"">
<div class=""ql-block"" data-block-id=""block-7c6e9a7e-f4b9-447a-a1fd-b1664992b1ac"" data-mce-fragment=""1"">
<div data-block-id=""block-b9605d8a-252d-4558-850f-1e123cb90be1"" class=""ql-block"">
<div data-block-id=""block-9d14a48a-e444-4a73-bc49-d14ef0813b99"" class=""ql-block"">
<div data-block-id=""block-b2a93716-ac2d-43fc-bac3-d4f28f5ebcea"" class=""ql-block"">
<div data-block-id=""block-531f25f6-8aab-49c5-8f92-df38f15bfd0c"" class=""ql-block"">
<div data-block-id=""block-da104865-b071-4cf1-9e05-b7f8fb879e07"" class=""ql-block"">
<div data-block-id=""block-9f9f2582-304c-484d-b027-ad9d6792a4b9"" class=""ql-block"">
<div data-block-id=""block-728a2da2-39b7-4d14-95c6-44b1269242cd"" class=""ql-block"">
<div data-block-id=""block-24545036-32c9-4178-991a-7de36a3786b9"" class=""ql-block"">Elevate your billiard game with our ""Custom Name Billiard Balls Flaming Pattern Polo Shirt - Custom Polo Shirt"" – a custom-designed masterpiece that adds a touch of flair to your game. This polo shirt features a vibrant flaming 8-ball pattern, creating a unique and eye-catching look.</div>
<div data-block-id=""block-2a9533b7-b70f-4827-a864-767104a0ba65"" class=""ql-block"">Customize the shirt with your name or your team's name for a personalized touch, making it the perfect gift for billiard enthusiasts, men, husbands, or dads who love the game. The dynamic design reflects the excitement and energy of the billiard table, making it a standout piece both on and off the game.</div>
<div data-block-id=""block-20be1081-c296-462a-94bb-62770c1a42ea"" class=""ql-block"">Crafted for comfort and style, this polo shirt is suitable for your billiard sessions, casual outings, or as a unique gift for the billiard aficionado in your life. Step up your style and showcase your love for the game with the ""Custom Name Billiard Balls Flaming Pattern Polo Shirt"" - Custom Polo Shirt– a perfect blend of customization, quality, and billiard passion.</div>
</div>
</div>
<div data-block-id=""block-86f8d042-b86c-4d54-a5e8-b92a37b5c771"" class=""ql-block""><br></div>
</div>
</div>
</div>
</div>
</div>
</div>
</div>
<p data-mce-style=""text-align: left;""><strong>PRODUCT DETAILS:</strong></p>
</div>
</div>
</div>
<div data-id=""07918756694720521"">
<div data-id=""07918756694720521"">
<ul>
<li>Material: Bird-eye pique fabric with 3-5% Spandex – Lightweight, breathable, moisture-wicking, stretchable quick-drying fabric that is comfortable to wear as a casual or activewear outfit.</li>
<li>Regular fit allows you to move freely and conveniently.</li>
<li>Pull-on closure with 3-button placket – Classic Polo style yet comfortable to put on and take off.</li>
<li>Double-stitch hems for durability.</li>
<li>Sublimation printing creates vibrant and clear prints on the fabric which won’t come off.</li>
</ul>
</div>
</div>
<div data-id=""07918756694720521"">
<ul></ul>
<br>
</div>
<style type=""text/css""><!--
br {mso-data-placement:same-cell;}
--></style>
<style type=""text/css""><!--
br {mso-data-placement:same-cell;}
--></style>
<style type=""text/css""><!--
br {mso-data-placement:same-cell;}
--></style>",,,taxable,,1,,,0,0,,,,,1,,,,Polo Shirt,,,"https://cdn.shopify.com/s/files/1/0626/0421/4428/products/Custom-Name-Billiard-Balls-Flaming-Pattern-Polo-Shirt-Custom-Polo-Shirt_1.jpg?v=1710593571,https://cdn.shopify.com/s/files/1/0626/0421/4428/products/Custom-Name-Billiard-Balls-Flaming-Pattern-Polo-Shirt-Custom-Polo-Shirt_2.jpg?v=1710593571,https://cdn.shopify.com/s/files/1/0626/0421/4428/products/Custom-Name-Billiard-Balls-Flaming-Pattern-Polo-Shirt-Custom-Polo-Shirt_3.jpg?v=1710593571,https://cdn.shopify.com/s/files/1/0626/0421/4428/products/Custom-Name-Billiard-Balls-Flaming-Pattern-Polo-Shirt-Custom-Polo-Shirt_4.jpg?v=1710593571,https://cdn.shopify.com/s/files/1/0626/0421/4428/products/Custom-Name-Billiard-Balls-Flaming-Pattern-Polo-Shirt-Custom-Polo-Shirt_5.jpg?v=1710593571,https://cdn.shopify.com/s/files/1/0626/0421/4428/products/Custom-Name-Billiard-Balls-Flaming-Pattern-Polo-Shirt-Custom-Polo-Shirt_6.jpg?v=1710593571,https://cdn.shopify.com/s/files/1/0626/0421/4428/products/Custom-Name-Billiard-Balls-Flaming-Pattern-Polo-Shirt-Custom-Polo-Shirt_7.jpg?v=1710593572",,,,,,,,,0,Style,All-over Print Polo Shirt,0,1,All-over Print Polo Shirt,Size,"S,M,L,XL,2XL,3XL,4XL,5XL",0,1,S,,,,,,
,variation,,Custom Name Billiard Balls Flaming Pattern Polo Shirt - Custom Polo Shirt,1,0,visible,,,,,taxable,parent,1,,,,0,,,,,0,,,32.95,,,,https://cdn.shopify.com/s/files/1/0626/0421/4428/products/Custom-Name-Billiard-Balls-Flaming-Pattern-Polo-Shirt-Custom-Polo-Shirt_1.jpg?v=1710593571,,,7.90371E+12,,,,,,1,Style,All-over Print Polo Shirt,,1,,Size,S,,1,,,,,,,
,variation,,Custom Name Billiard Balls Flaming Pattern Polo Shirt - Custom Polo Shirt,1,0,visible,,,,,taxable,parent,1,,,,0,,,,,0,,,34.95,,,,https://cdn.shopify.com/s/files/1/0626/0421/4428/products/Custom-Name-Billiard-Balls-Flaming-Pattern-Polo-Shirt-Custom-Polo-Shirt_1.jpg?v=1710593571,,,7.90371E+12,,,,,,2,Style,All-over Print Polo Shirt,,1,,Size,M,,1,,,,,,,
,variation,,Custom Name Billiard Balls Flaming Pattern Polo Shirt - Custom Polo Shirt,1,0,visible,,,,,taxable,parent,1,,,,0,,,,,0,,,36.95,,,,https://cdn.shopify.com/s/files/1/0626/0421/4428/products/Custom-Name-Billiard-Balls-Flaming-Pattern-Polo-Shirt-Custom-Polo-Shirt_1.jpg?v=1710593571,,,7.90371E+12,,,,,,3,Style,All-over Print Polo Shirt,,1,,Size,L,,1,,,,,,,
,variation,,Custom Name Billiard Balls Flaming Pattern Polo Shirt - Custom Polo Shirt,1,0,visible,,,,,taxable,parent,1,,,,0,,,,,0,,,38.95,,,,https://cdn.shopify.com/s/files/1/0626/0421/4428/products/Custom-Name-Billiard-Balls-Flaming-Pattern-Polo-Shirt-Custom-Polo-Shirt_1.jpg?v=1710593571,,,7.90371E+12,,,,,,4,Style,All-over Print Polo Shirt,,1,,Size,XL,,1,,,,,,,
,variation,,Custom Name Billiard Balls Flaming Pattern Polo Shirt - Custom Polo Shirt,1,0,visible,,,,,taxable,parent,1,,,,0,,,,,0,,,38.95,,,,https://cdn.shopify.com/s/files/1/0626/0421/4428/products/Custom-Name-Billiard-Balls-Flaming-Pattern-Polo-Shirt-Custom-Polo-Shirt_1.jpg?v=1710593571,,,7.90371E+12,,,,,,5,Style,All-over Print Polo Shirt,,1,,Size,2XL,,1,,,,,,,
,variation,,Custom Name Billiard Balls Flaming Pattern Polo Shirt - Custom Polo Shirt,1,0,visible,,,,,taxable,parent,1,,,,0,,,,,0,,,40.95,,,,https://cdn.shopify.com/s/files/1/0626/0421/4428/products/Custom-Name-Billiard-Balls-Flaming-Pattern-Polo-Shirt-Custom-Polo-Shirt_1.jpg?v=1710593571,,,7.90371E+12,,,,,,6,Style,All-over Print Polo Shirt,,1,,Size,3XL,,1,,,,,,,
,variation,,Custom Name Billiard Balls Flaming Pattern Polo Shirt - Custom Polo Shirt,1,0,visible,,,,,taxable,parent,1,,,,0,,,,,0,,,42.95,,,,https://cdn.shopify.com/s/files/1/0626/0421/4428/products/Custom-Name-Billiard-Balls-Flaming-Pattern-Polo-Shirt-Custom-Polo-Shirt_1.jpg?v=1710593571,,,7.90371E+12,,,,,,7,Style,All-over Print Polo Shirt,,1,,Size,4XL,,1,,,,,,,
,variation,,Custom Name Billiard Balls Flaming Pattern Polo Shirt - Custom Polo Shirt,1,0,visible,,,,,taxable,parent,1,,,,0,,,,,0,,,42.95,,,,https://cdn.shopify.com/s/files/1/0626/0421/4428/products/Custom-Name-Billiard-Balls-Flaming-Pattern-Polo-Shirt-Custom-Polo-Shirt_1.jpg?v=1710593571,,,7.90371E+12,,,,,,8,Style,All-over Print Polo Shirt,,1,,Size,5XL,,1,,,,,,,
,variable,,Argyle Vintage Pattern Gift For Golf Lovers Dad Men Husband Gift - Custom Golf Shirt,1,0,visible,,"<div data-id=""07918756694720521"">
<div data-id=""07918756694720521"">
<div data-id=""07918756694720521"">
<div data-block-id=""block-75b37e0f-bdf4-4222-93a2-33cba27c8b52"">
<div data-block-id=""block-7c6e9a7e-f4b9-447a-a1fd-b1664992b1ac"" data-mce-fragment=""1"">
<div data-block-id=""block-b9605d8a-252d-4558-850f-1e123cb90be1"">
<div data-block-id=""block-9d14a48a-e444-4a73-bc49-d14ef0813b99"">
<div data-block-id=""block-b2a93716-ac2d-43fc-bac3-d4f28f5ebcea"">
<div data-block-id=""block-531f25f6-8aab-49c5-8f92-df38f15bfd0c"">
<div data-block-id=""block-da104865-b071-4cf1-9e05-b7f8fb879e07"">
<div data-block-id=""block-9f9f2582-304c-484d-b027-ad9d6792a4b9"">
<div data-block-id=""block-af00d9de-b0aa-4ea5-a3cb-cc2ce4674d4f"">
<div data-line=""true"" data-line-index=""0"" data-zone-id=""0"">
<div data-line=""true"" data-line-index=""0"" data-zone-id=""0"">Elevate your golf game with our Custom Golf Shirt, a personalized gift tailored for golf lovers who appreciate timeless style on and off the course. Crafted with meticulous attention to detail, this shirt boasts a classic vintage vibe adorned with a sophisticated argyle pattern, adding a touch of elegance to every swing.</div>
<div data-line=""true"" data-line-index=""1"" data-zone-id=""0"">Customize the shirt with a name or initials, creating a bespoke garment that speaks directly to the recipient's love for the game. Whether it's for a birthday, Father's Day, or any special occasion, this shirt is sure to impress even the most discerning golfer.</div>
<div data-line=""true"" data-line-index=""2"" data-zone-id=""0"">Ideal for both men and women, our Custom Golf Shirt seamlessly blends functionality with fashion, ensuring optimal performance while exuding effortless style. Whether teeing off with friends or hitting the driving range, this shirt is a must-have addition to any golfer's wardrobe.</div>
<div data-line=""true"" data-line-index=""3"" data-zone-id=""0"">Give the gift of personalized luxury with our Custom Golf Shirt a timeless and thoughtful gesture that celebrates the passion and camaraderie of golf in style.</div>
</div>
</div>
</div>
<div data-block-id=""block-86f8d042-b86c-4d54-a5e8-b92a37b5c771""><br></div>
</div>
</div>
</div>
</div>
</div>
</div>
</div>
<p data-mce-style=""text-align: left;""><strong>PRODUCT DETAILS:</strong><br><br></p>
</div>
</div>
</div>
<div data-id=""07918756694720521"">
<div data-id=""07918756694720521"">
<ul>
<li>Material: Bird-eye pique fabric with 3-5% Spandex – Lightweight, breathable, moisture-wicking, stretchable quick-drying fabric that is comfortable to wear as a casual or activewear outfit.</li>
<li>Regular fit allows you to move freely and conveniently.</li>
<li>Pull-on closure with 3-button placket – Classic Polo style yet comfortable to put on and take off.</li>
<li>Double-stitch hems for durability.</li>
<li>Sublimation printing creates vibrant and clear prints on the fabric which won’t come off.</li>
</ul>
</div>
</div>
<div data-id=""07918756694720521"">
<ul></ul>
<br>
</div>
<style type=""text/css""><!--
br {mso-data-placement:same-cell;}
--></style>
<style type=""text/css""><!--
br {mso-data-placement:same-cell;}
--></style>
<style type=""text/css""><!--
br {mso-data-placement:same-cell;}
--></style>",,,taxable,,1,,,0,0,,,,,1,,,,Polo Shirt,,,"https://cdn.shopify.com/s/files/1/0626/0421/4428/products/Argyle-Vintage-Pattern-Gift-For-Golf-Lovers-Dad-Men-Husband-Gift-Custom-Golf-Shirt_1.png?v=1710593513,https://cdn.shopify.com/s/files/1/0626/0421/4428/products/Argyle-Vintage-Pattern-Gift-For-Golf-Lovers-Dad-Men-Husband-Gift-Custom-Golf-Shirt_2.png?v=1710593513,https://cdn.shopify.com/s/files/1/0626/0421/4428/products/Argyle-Vintage-Pattern-Gift-For-Golf-Lovers-Dad-Men-Husband-Gift-Custom-Golf-Shirt_3.png?v=1710593513,https://cdn.shopify.com/s/files/1/0626/0421/4428/products/Argyle-Vintage-Pattern-Gift-For-Golf-Lovers-Dad-Men-Husband-Gift-Custom-Golf-Shirt_4.png?v=1710593513,https://cdn.shopify.com/s/files/1/0626/0421/4428/products/Argyle-Vintage-Pattern-Gift-For-Golf-Lovers-Dad-Men-Husband-Gift-Custom-Golf-Shirt_5.png?v=1710593513,https://cdn.shopify.com/s/files/1/0626/0421/4428/products/Argyle-Vintage-Pattern-Gift-For-Golf-Lovers-Dad-Men-Husband-Gift-Custom-Golf-Shirt_6.png?v=1710593513",,,,,,,,,0,Style,All-over Print Polo Shirt,0,1,All-over Print Polo Shirt,Size,"S,M,L,XL,2XL,3XL,4XL,5XL",0,1,S,,,,,,
,variation,,Argyle Vintage Pattern Gift For Golf Lovers Dad Men Husband Gift - Custom Golf Shirt,1,0,visible,,,,,taxable,parent,1,,,,0,,,,,0,,,32.95,,,,https://cdn.shopify.com/s/files/1/0626/0421/4428/products/Argyle-Vintage-Pattern-Gift-For-Golf-Lovers-Dad-Men-Husband-Gift-Custom-Golf-Shirt_1.png?v=1710593513,,,7.90371E+12,,,,,,1,Style,All-over Print Polo Shirt,,1,,Size,S,,1,,,,,,,
,variation,,Argyle Vintage Pattern Gift For Golf Lovers Dad Men Husband Gift - Custom Golf Shirt,1,0,visible,,,,,taxable,parent,1,,,,0,,,,,0,,,34.95,,,,https://cdn.shopify.com/s/files/1/0626/0421/4428/products/Argyle-Vintage-Pattern-Gift-For-Golf-Lovers-Dad-Men-Husband-Gift-Custom-Golf-Shirt_1.png?v=1710593513,,,7.90371E+12,,,,,,2,Style,All-over Print Polo Shirt,,1,,Size,M,,1,,,,,,,
,variation,,Argyle Vintage Pattern Gift For Golf Lovers Dad Men Husband Gift - Custom Golf Shirt,1,0,visible,,,,,taxable,parent,1,,,,0,,,,,0,,,36.95,,,,https://cdn.shopify.com/s/files/1/0626/0421/4428/products/Argyle-Vintage-Pattern-Gift-For-Golf-Lovers-Dad-Men-Husband-Gift-Custom-Golf-Shirt_1.png?v=1710593513,,,7.90371E+12,,,,,,3,Style,All-over Print Polo Shirt,,1,,Size,L,,1,,,,,,,
,variation,,Argyle Vintage Pattern Gift For Golf Lovers Dad Men Husband Gift - Custom Golf Shirt,1,0,visible,,,,,taxable,parent,1,,,,0,,,,,0,,,38.95,,,,https://cdn.shopify.com/s/files/1/0626/0421/4428/products/Argyle-Vintage-Pattern-Gift-For-Golf-Lovers-Dad-Men-Husband-Gift-Custom-Golf-Shirt_1.png?v=1710593513,,,7.90371E+12,,,,,,4,Style,All-over Print Polo Shirt,,1,,Size,XL,,1,,,,,,,
,variation,,Argyle Vintage Pattern Gift For Golf Lovers Dad Men Husband Gift - Custom Golf Shirt,1,0,visible,,,,,taxable,parent,1,,,,0,,,,,0,,,38.95,,,,https://cdn.shopify.com/s/files/1/0626/0421/4428/products/Argyle-Vintage-Pattern-Gift-For-Golf-Lovers-Dad-Men-Husband-Gift-Custom-Golf-Shirt_1.png?v=1710593513,,,7.90371E+12,,,,,,5,Style,All-over Print Polo Shirt,,1,,Size,2XL,,1,,,,,,,
,variation,,Argyle Vintage Pattern Gift For Golf Lovers Dad Men Husband Gift - Custom Golf Shirt,1,0,visible,,,,,taxable,parent,1,,,,0,,,,,0,,,40.95,,,,https://cdn.shopify.com/s/files/1/0626/0421/4428/products/Argyle-Vintage-Pattern-Gift-For-Golf-Lovers-Dad-Men-Husband-Gift-Custom-Golf-Shirt_1.png?v=1710593513,,,7.90371E+12,,,,,,6,Style,All-over Print Polo Shirt,,1,,Size,3XL,,1,,,,,,,
,variation,,Argyle Vintage Pattern Gift For Golf Lovers Dad Men Husband Gift - Custom Golf Shirt,1,0,visible,,,,,taxable,parent,1,,,,0,,,,,0,,,42.95,,,,https://cdn.shopify.com/s/files/1/0626/0421/4428/products/Argyle-Vintage-Pattern-Gift-For-Golf-Lovers-Dad-Men-Husband-Gift-Custom-Golf-Shirt_1.png?v=1710593513,,,7.90371E+12,,,,,,7,Style,All-over Print Polo Shirt,,1,,Size,4XL,,1,,,,,,,
,variation,,Argyle Vintage Pattern Gift For Golf Lovers Dad Men Husband Gift - Custom Golf Shirt,1,0,visible,,,,,taxable,parent,1,,,,0,,,,,0,,,42.95,,,,https://cdn.shopify.com/s/files/1/0626/0421/4428/products/Argyle-Vintage-Pattern-Gift-For-Golf-Lovers-Dad-Men-Husband-Gift-Custom-Golf-Shirt_1.png?v=1710593513,,,7.90371E+12,,,,,,8,Style,All-over Print Polo Shirt,,1,,Size,5XL,,1,,,,,,,
,variable,,Striped Polo Vintage Style Gift For Dad Men Husband - Custom Polo Shirt,1,0,visible,,"<div data-id=""07918756694720521"">
<div data-id=""07918756694720521"">
<div data-id=""07918756694720521"">
<div data-block-id=""block-75b37e0f-bdf4-4222-93a2-33cba27c8b52"" class=""ql-block"">
<div data-block-id=""block-0cd9770c-cce7-4d52-8647-3056a6c76c13"" class=""ql-block"">Elevate Dad's wardrobe with our Custom Polo Shirt – a thoughtful and stylish gift perfect for husbands, fathers, and the special men in your life. Adorned with a timeless striped line pattern in a vintage aesthetic, this polo shirt merges classic charm with contemporary comfort.</div>
<div data-block-id=""block-ff758f69-3484-4835-a198-10682c54147f"" class=""ql-block"">This custom shirt offers a perfect blend of style and ease, making it an ideal addition to Dad's wardrobe for family gatherings, casual outings, or even a round of golf. The customizable design allows you to infuse the shirt with sentimental value, creating a unique piece that captures the essence of family memories.</div>
<p data-block-id=""block-e288adc5-7357-4eaf-8337-707b2a706dc4"" class=""ql-block"">Make Father's Day unforgettable with this personalized polo shirt, celebrating Dad's timeless style and the enduring bonds of family. The vintage-inspired design adds a touch of sophistication to casual wear, making it a versatile and cherished gift. Gift Dad a custom polo shirt that combines comfort, nostalgia, and a dash of his unique personality for a truly special Father's Day surprise.</p>
</div>
<p data-block-id=""block-75b37e0f-bdf4-4222-93a2-33cba27c8b52"" class=""ql-block""><strong>MESSAGE: </strong>Best Dad Ever.</p>
<p data-mce-style=""text-align: left;""><strong>PRODUCT DETAILS:</strong></p>
</div>
</div>
</div>
<div data-id=""07918756694720521"">
<div data-id=""07918756694720521"">
<ul>
<li>Material: Bird-eye pique fabric with 3-5% Spandex – Lightweight, breathable, moisture-wicking, stretchable quick-drying fabric that is comfortable to wear as a casual or activewear outfit.</li>
<li>Regular fit allows you to move freely and conveniently.</li>
<li>Pull-on closure with 3-button placket – Classic Polo style yet comfortable to put on and take off.</li>
<li>Double-stitch hems for durability.</li>
<li>Sublimation printing creates vibrant and clear prints on the fabric which won’t come off.</li>
</ul>
</div>
</div>
<div data-id=""07918756694720521"">
<ul></ul>
</div>
<style type=""text/css""><!--
br {mso-data-placement:same-cell;}
--></style>
<style type=""text/css""><!--
br {mso-data-placement:same-cell;}
--></style>
<style type=""text/css""><!--
br {mso-data-placement:same-cell;}
--></style>",,,taxable,,1,,,0,0,,,,,1,,,,Polo Shirt,,,"https://cdn.shopify.com/s/files/1/0626/0421/4428/products/Striped-Polo-Vintage-Style-Gift-For-Dad-Men-Husband-Custom-Polo-Shirt1.png?v=1710594079,https://cdn.shopify.com/s/files/1/0626/0421/4428/products/Striped-Polo-Vintage-Style-Gift-For-Dad-Men-Husband-Custom-Polo-Shirt2.jpg?v=1710594080,https://cdn.shopify.com/s/files/1/0626/0421/4428/products/Striped-Polo-Vintage-Style-Gift-For-Dad-Men-Husband-Custom-Polo-Shirt3.jpg?v=1710594080,https://cdn.shopify.com/s/files/1/0626/0421/4428/products/Striped-Polo-Vintage-Style-Gift-For-Dad-Men-Husband-Custom-Polo-Shirt4.jpg?v=1710594080,https://cdn.shopify.com/s/files/1/0626/0421/4428/products/Striped-Polo-Vintage-Style-Gift-For-Dad-Men-Husband-Custom-Polo-Shirt5.jpg?v=1710594080,https://cdn.shopify.com/s/files/1/0626/0421/4428/products/Striped-Polo-Vintage-Style-Gift-For-Dad-Men-Husband-Custom-Polo-Shirt6.jpg?v=1710594080",,,,,,,,,0,Style,All-over Print Polo Shirt,0,1,All-over Print Polo Shirt,Size,"S,M,L,XL,2XL,3XL,4XL,5XL",0,1,S,,,,,,
,variation,,Striped Polo Vintage Style Gift For Dad Men Husband - Custom Polo Shirt,1,0,visible,,,,,taxable,parent,1,,,,0,,,,,0,,,32.95,,,,https://cdn.shopify.com/s/files/1/0626/0421/4428/products/Striped-Polo-Vintage-Style-Gift-For-Dad-Men-Husband-Custom-Polo-Shirt1.png?v=1710594079,,,7.90371E+12,,,,,,1,Style,All-over Print Polo Shirt,,1,,Size,S,,1,,,,,,,
,variation,,Striped Polo Vintage Style Gift For Dad Men Husband - Custom Polo Shirt,1,0,visible,,,,,taxable,parent,1,,,,0,,,,,0,,,34.95,,,,https://cdn.shopify.com/s/files/1/0626/0421/4428/products/Striped-Polo-Vintage-Style-Gift-For-Dad-Men-Husband-Custom-Polo-Shirt1.png?v=1710594079,,,7.90371E+12,,,,,,2,Style,All-over Print Polo Shirt,,1,,Size,M,,1,,,,,,,
,variation,,Striped Polo Vintage Style Gift For Dad Men Husband - Custom Polo Shirt,1,0,visible,,,,,taxable,parent,1,,,,0,,,,,0,,,36.95,,,,https://cdn.shopify.com/s/files/1/0626/0421/4428/products/Striped-Polo-Vintage-Style-Gift-For-Dad-Men-Husband-Custom-Polo-Shirt1.png?v=1710594079,,,7.90371E+12,,,,,,3,Style,All-over Print Polo Shirt,,1,,Size,L,,1,,,,,,,
,variation,,Striped Polo Vintage Style Gift For Dad Men Husband - Custom Polo Shirt,1,0,visible,,,,,taxable,parent,1,,,,0,,,,,0,,,38.95,,,,https://cdn.shopify.com/s/files/1/0626/0421/4428/products/Striped-Polo-Vintage-Style-Gift-For-Dad-Men-Husband-Custom-Polo-Shirt1.png?v=1710594079,,,7.90371E+12,,,,,,4,Style,All-over Print Polo Shirt,,1,,Size,XL,,1,,,,,,,
,variation,,Striped Polo Vintage Style Gift For Dad Men Husband - Custom Polo Shirt,1,0,visible,,,,,taxable,parent,1,,,,0,,,,,0,,,38.95,,,,https://cdn.shopify.com/s/files/1/0626/0421/4428/products/Striped-Polo-Vintage-Style-Gift-For-Dad-Men-Husband-Custom-Polo-Shirt1.png?v=1710594079,,,7.90371E+12,,,,,,5,Style,All-over Print Polo Shirt,,1,,Size,2XL,,1,,,,,,,
,variation,,Striped Polo Vintage Style Gift For Dad Men Husband - Custom Polo Shirt,1,0,visible,,,,,taxable,parent,1,,,,0,,,,,0,,,40.95,,,,https://cdn.shopify.com/s/files/1/0626/0421/4428/products/Striped-Polo-Vintage-Style-Gift-For-Dad-Men-Husband-Custom-Polo-Shirt1.png?v=1710594079,,,7.90371E+12,,,,,,6,Style,All-over Print Polo Shirt,,1,,Size,3XL,,1,,,,,,,
,variation,,Striped Polo Vintage Style Gift For Dad Men Husband - Custom Polo Shirt,1,0,visible,,,,,taxable,parent,1,,,,0,,,,,0,,,42.95,,,,https://cdn.shopify.com/s/files/1/0626/0421/4428/products/Striped-Polo-Vintage-Style-Gift-For-Dad-Men-Husband-Custom-Polo-Shirt1.png?v=1710594079,,,7.90371E+12,,,,,,7,Style,All-over Print Polo Shirt,,1,,Size,4XL,,1,,,,,,,
,variation,,Striped Polo Vintage Style Gift For Dad Men Husband - Custom Polo Shirt,1,0,visible,,,,,taxable,parent,1,,,,0,,,,,0,,,42.95,,,,https://cdn.shopify.com/s/files/1/0626/0421/4428/products/Striped-Polo-Vintage-Style-Gift-For-Dad-Men-Husband-Custom-Polo-Shirt1.png?v=1710594079,,,7.90371E+12,,,,,,8,Style,All-over Print Polo Shirt,,1,,Size,5XL,,1,,,,,,,
,variable,,Custom Name Golf Pattern Vintage Gift For Golf Lovers Men Dad - Custom Golf Shirt,1,0,visible,,"<div data-id=""07918756694720521"">
<div data-id=""07918756694720521"">
<div data-id=""07918756694720521"">
<div data-block-id=""block-75b37e0f-bdf4-4222-93a2-33cba27c8b52"" class=""ql-block"">
<div data-block-id=""block-0cd9770c-cce7-4d52-8647-3056a6c76c13"" class=""ql-block"">
<div class=""ql-block"" data-block-id=""block-7c6e9a7e-f4b9-447a-a1fd-b1664992b1ac"" data-mce-fragment=""1"">Introducing our Vintage Style Custom Golf Shirt—a timeless piece designed for the golf enthusiast in your life. Crafted with a classic silhouette and a palette of basic colors, this shirt effortlessly merges style and comfort on the golf course.</div>
<div class=""ql-block"" data-block-id=""block-ceb7de27-637a-4c57-94f3-591694d31ee9"" data-mce-fragment=""1"">Personalize this golf shirt with a custom name, adding a unique and thoughtful touch that transforms it into a cherished keepsake. Whether it's a gift for a golf-loving dad or a special man in your life, this shirt is a perfect way to express appreciation and celebrate their passion for the game.</div>
<div class=""ql-block"" data-block-id=""block-d1767d7a-ed98-4854-a2c8-d6c39c3cf503"" data-mce-fragment=""1"">Embrace the spirit of the fairway with a gift that transcends time—our Vintage Style Custom Golf Shirt, a classic choice for those who appreciate the artistry of the game.</div>
<br><br>
</div>
</div>
<p data-mce-style=""text-align: left;""><strong>PRODUCT DETAILS:</strong></p>
</div>
</div>
</div>
<div data-id=""07918756694720521"">
<div data-id=""07918756694720521"">
<ul>
<li>Material: Bird-eye pique fabric with 3-5% Spandex – Lightweight, breathable, moisture-wicking, stretchable quick-drying fabric that is comfortable to wear as a casual or activewear outfit.</li>
<li>Regular fit allows you to move freely and conveniently.</li>
<li>Pull-on closure with 3-button placket – Classic Polo style yet comfortable to put on and take off.</li>
<li>Double-stitch hems for durability.</li>
<li>Sublimation printing creates vibrant and clear prints on the fabric which won’t come off.</li>
</ul>
</div>
</div>
<div data-id=""07918756694720521"">
<ul></ul>
</div>
<style type=""text/css""><!--
br {mso-data-placement:same-cell;}
--></style>
<style type=""text/css""><!--
br {mso-data-placement:same-cell;}
--></style>
<style type=""text/css""><!--
br {mso-data-placement:same-cell;}
--></style>",,,taxable,,1,,,0,0,,,,,1,,,,Polo Shirt,,,"https://cdn.shopify.com/s/files/1/0626/0421/4428/products/Custom-Name-Golf-Pattern-Vintage-Gift-For-Golf-Lovers-Men-Dad-Custom-Golf-Shirt1.jpg?v=1710594057,https://cdn.shopify.com/s/files/1/0626/0421/4428/products/Custom-Name-Golf-Pattern-Vintage-Gift-For-Golf-Lovers-Men-Dad-Custom-Golf-Shirt2.jpg?v=1710594057,https://cdn.shopify.com/s/files/1/0626/0421/4428/products/Custom-Name-Golf-Pattern-Vintage-Gift-For-Golf-Lovers-Men-Dad-Custom-Golf-Shirt3.jpg?v=1710594057,https://cdn.shopify.com/s/files/1/0626/0421/4428/products/Custom-Name-Golf-Pattern-Vintage-Gift-For-Golf-Lovers-Men-Dad-Custom-Golf-Shirt4.jpg?v=1710594057,https://cdn.shopify.com/s/files/1/0626/0421/4428/products/Custom-Name-Golf-Pattern-Vintage-Gift-For-Golf-Lovers-Men-Dad-Custom-Golf-Shirt5.jpg?v=1710594057,https://cdn.shopify.com/s/files/1/0626/0421/4428/products/Custom-Name-Golf-Pattern-Vintage-Gift-For-Golf-Lovers-Men-Dad-Custom-Golf-Shirt6.jpg?v=1710594057",,,,,,,,,0,Style,All-over Print Polo Shirt,0,1,All-over Print Polo Shirt,Size,"S,M,L,XL,2XL,3XL,4XL,5XL",0,1,S,,,,,,
,variation,,Custom Name Golf Pattern Vintage Gift For Golf Lovers Men Dad - Custom Golf Shirt,1,0,visible,,,,,taxable,parent,1,,,,0,,,,,0,,,32.95,,,,https://cdn.shopify.com/s/files/1/0626/0421/4428/products/Custom-Name-Golf-Pattern-Vintage-Gift-For-Golf-Lovers-Men-Dad-Custom-Golf-Shirt1.jpg?v=1710594057,,,7.90371E+12,,,,,,1,Style,All-over Print Polo Shirt,,1,,Size,S,,1,,,,,,,
,variation,,Custom Name Golf Pattern Vintage Gift For Golf Lovers Men Dad - Custom Golf Shirt,1,0,visible,,,,,taxable,parent,1,,,,0,,,,,0,,,34.95,,,,https://cdn.shopify.com/s/files/1/0626/0421/4428/products/Custom-Name-Golf-Pattern-Vintage-Gift-For-Golf-Lovers-Men-Dad-Custom-Golf-Shirt1.jpg?v=1710594057,,,7.90371E+12,,,,,,2,Style,All-over Print Polo Shirt,,1,,Size,M,,1,,,,,,,
,variation,,Custom Name Golf Pattern Vintage Gift For Golf Lovers Men Dad - Custom Golf Shirt,1,0,visible,,,,,taxable,parent,1,,,,0,,,,,0,,,36.95,,,,https://cdn.shopify.com/s/files/1/0626/0421/4428/products/Custom-Name-Golf-Pattern-Vintage-Gift-For-Golf-Lovers-Men-Dad-Custom-Golf-Shirt1.jpg?v=1710594057,,,7.90371E+12,,,,,,3,Style,All-over Print Polo Shirt,,1,,Size,L,,1,,,,,,,
,variation,,Custom Name Golf Pattern Vintage Gift For Golf Lovers Men Dad - Custom Golf Shirt,1,0,visible,,,,,taxable,parent,1,,,,0,,,,,0,,,38.95,,,,https://cdn.shopify.com/s/files/1/0626/0421/4428/products/Custom-Name-Golf-Pattern-Vintage-Gift-For-Golf-Lovers-Men-Dad-Custom-Golf-Shirt1.jpg?v=1710594057,,,7.90371E+12,,,,,,4,Style,All-over Print Polo Shirt,,1,,Size,XL,,1,,,,,,,
,variation,,Custom Name Golf Pattern Vintage Gift For Golf Lovers Men Dad - Custom Golf Shirt,1,0,visible,,,,,taxable,parent,1,,,,0,,,,,0,,,38.95,,,,https://cdn.shopify.com/s/files/1/0626/0421/4428/products/Custom-Name-Golf-Pattern-Vintage-Gift-For-Golf-Lovers-Men-Dad-Custom-Golf-Shirt1.jpg?v=1710594057,,,7.90371E+12,,,,,,5,Style,All-over Print Polo Shirt,,1,,Size,2XL,,1,,,,,,,
,variation,,Custom Name Golf Pattern Vintage Gift For Golf Lovers Men Dad - Custom Golf Shirt,1,0,visible,,,,,taxable,parent,1,,,,0,,,,,0,,,40.95,,,,https://cdn.shopify.com/s/files/1/0626/0421/4428/products/Custom-Name-Golf-Pattern-Vintage-Gift-For-Golf-Lovers-Men-Dad-Custom-Golf-Shirt1.jpg?v=1710594057,,,7.90371E+12,,,,,,6,Style,All-over Print Polo Shirt,,1,,Size,3XL,,1,,,,,,,
,variation,,Custom Name Golf Pattern Vintage Gift For Golf Lovers Men Dad - Custom Golf Shirt,1,0,visible,,,,,taxable,parent,1,,,,0,,,,,0,,,42.95,,,,https://cdn.shopify.com/s/files/1/0626/0421/4428/products/Custom-Name-Golf-Pattern-Vintage-Gift-For-Golf-Lovers-Men-Dad-Custom-Golf-Shirt1.jpg?v=1710594057,,,7.90371E+12,,,,,,7,Style,All-over Print Polo Shirt,,1,,Size,4XL,,1,,,,,,,
,variation,,Custom Name Golf Pattern Vintage Gift For Golf Lovers Men Dad - Custom Golf Shirt,1,0,visible,,,,,taxable,parent,1,,,,0,,,,,0,,,42.95,,,,https://cdn.shopify.com/s/files/1/0626/0421/4428/products/Custom-Name-Golf-Pattern-Vintage-Gift-For-Golf-Lovers-Men-Dad-Custom-Golf-Shirt1.jpg?v=1710594057,,,7.90371E+12,,,,,,8,Style,All-over Print Polo Shirt,,1,,Size,5XL,,1,,,,,,,
,variable,,America Remember And Honor - Custom Polo Shirt,1,0,visible,,"<div data-id=""07918756694720521"">
<div data-id=""07918756694720521"">
<div data-id=""07918756694720521"">
<div data-block-id=""block-75b37e0f-bdf4-4222-93a2-33cba27c8b52"">
<div data-block-id=""block-0cd9770c-cce7-4d52-8647-3056a6c76c13"">
<div data-mce-fragment=""1"" data-block-id=""block-7c6e9a7e-f4b9-447a-a1fd-b1664992b1ac"">
<meta charset=""utf-8"">
<div data-block-id=""block-c71bd3fa-6614-4b9c-863f-12e3737bba15"">
<div class=""ql-block"" data-block-id=""block-d4de2fb7-b64d-4ae1-8edd-414fad6bc6d9"">Honor and celebrate with our ""America Remember And Honor"" - Custom Polo Shirt. This patriotic polo shirt is custom-made with your name, making it a unique and personal way to showcase your pride in America. Perfect for Independence Day, Veterans Day, or any occasion where you want to remember and honor the spirit of the nation.</div>
<div class=""ql-block"" data-block-id=""block-aac2eb8a-66f7-4195-a617-b8fab152c868"">Embrace the patriotic vibes with this comfortable and stylish polo shirt, suitable for dads, a gift for husbands, a gift for men, and anyone who holds a deep love for their country. Gift it to friends and family as a meaningful gesture on special occasions or wear it proudly during patriotic events.</div>
<div class=""ql-block"" data-block-id=""block-b7f2d252-a615-4204-bed6-d71a9d0a01b1"">This custom polo shirt serves as a symbol of respect and gratitude, allowing you to carry the spirit of remembrance and honor wherever you go. Step out in style and showcase your American pride with the ""America Remember And Honor"" Custom Polo Shirt.</div>
</div>
</div>
<br><strong>MESSAGE</strong>:<br><br>
</div>
<p data-block-id=""block-0cd9770c-cce7-4d52-8647-3056a6c76c13"">America Remember And Honor.</p>
<div data-block-id=""block-0cd9770c-cce7-4d52-8647-3056a6c76c13"">
<strong>PRODUCT DETAILS:</strong><br>
</div>
</div>
</div>
</div>
</div>
<div data-id=""07918756694720521"">
<div data-id=""07918756694720521"">
<ul>
<li>Material: Bird-eye pique fabric with 3-5% Spandex – Lightweight, breathable, moisture-wicking, stretchable quick-drying fabric that is comfortable to wear as a casual or activewear outfit.</li>
<li>Regular fit allows you to move freely and conveniently.</li>
<li>Pull-on closure with 3-button placket – Classic Polo style yet comfortable to put on and take off.</li>
<li>Double-stitch hems for durability.</li>
<li>Sublimation printing creates vibrant and clear prints on the fabric which won’t come off.</li>
</ul>
</div>
</div>
<div data-id=""07918756694720521"">
<ul></ul>
</div>
<style type=""text/css""><!--
br {mso-data-placement:same-cell;}
--></style>
<style type=""text/css""><!--
br {mso-data-placement:same-cell;}
--></style>
<style type=""text/css""><!--
br {mso-data-placement:same-cell;}
--></style>",,,taxable,,1,,,0,0,,,,,1,,,,Polo Shirt,,,"https://cdn.shopify.com/s/files/1/0626/0421/4428/products/America-Remember-And-Honor-Custom-Polo-Shirt1.jpg?v=1710593992,https://cdn.shopify.com/s/files/1/0626/0421/4428/products/America-Remember-And-Honor-Custom-Polo-Shirt2.jpg?v=1710593992,https://cdn.shopify.com/s/files/1/0626/0421/4428/products/America-Remember-And-Honor-Custom-Polo-Shirt3.jpg?v=1710593992,https://cdn.shopify.com/s/files/1/0626/0421/4428/products/America-Remember-And-Honor-Custom-Polo-Shirt4.jpg?v=1710593992,https://cdn.shopify.com/s/files/1/0626/0421/4428/products/America-Remember-And-Honor-Custom-Polo-Shirt5.jpg?v=1710593992,https://cdn.shopify.com/s/files/1/0626/0421/4428/products/America-Remember-And-Honor-Custom-Polo-Shirt6.jpg?v=1710593992",,,,,,,,,0,Style,All-over Print Polo Shirt,0,1,All-over Print Polo Shirt,Size,"S,M,L,XL,2XL,3XL,4XL,5XL",0,1,S,,,,,,
,variation,,America Remember And Honor - Custom Polo Shirt,1,0,visible,,,,,taxable,parent,1,,,,0,,,,,0,,,32.95,,,,https://cdn.shopify.com/s/files/1/0626/0421/4428/products/America-Remember-And-Honor-Custom-Polo-Shirt1.jpg?v=1710593992,,,7.90371E+12,,,,,,1,Style,All-over Print Polo Shirt,,1,,Size,S,,1,,,,,,,
,variation,,America Remember And Honor - Custom Polo Shirt,1,0,visible,,,,,taxable,parent,1,,,,0,,,,,0,,,34.95,,,,https://cdn.shopify.com/s/files/1/0626/0421/4428/products/America-Remember-And-Honor-Custom-Polo-Shirt1.jpg?v=1710593992,,,7.90371E+12,,,,,,2,Style,All-over Print Polo Shirt,,1,,Size,M,,1,,,,,,,
,variation,,America Remember And Honor - Custom Polo Shirt,1,0,visible,,,,,taxable,parent,1,,,,0,,,,,0,,,36.95,,,,https://cdn.shopify.com/s/files/1/0626/0421/4428/products/America-Remember-And-Honor-Custom-Polo-Shirt1.jpg?v=1710593992,,,7.90371E+12,,,,,,3,Style,All-over Print Polo Shirt,,1,,Size,L,,1,,,,,,,
,variation,,America Remember And Honor - Custom Polo Shirt,1,0,visible,,,,,taxable,parent,1,,,,0,,,,,0,,,38.95,,,,https://cdn.shopify.com/s/files/1/0626/0421/4428/products/America-Remember-And-Honor-Custom-Polo-Shirt1.jpg?v=1710593992,,,7.90371E+12,,,,,,4,Style,All-over Print Polo Shirt,,1,,Size,XL,,1,,,,,,,
,variation,,America Remember And Honor - Custom Polo Shirt,1,0,visible,,,,,taxable,parent,1,,,,0,,,,,0,,,38.95,,,,https://cdn.shopify.com/s/files/1/0626/0421/4428/products/America-Remember-And-Honor-Custom-Polo-Shirt1.jpg?v=1710593992,,,7.90371E+12,,,,,,5,Style,All-over Print Polo Shirt,,1,,Size,2XL,,1,,,,,,,
,variation,,America Remember And Honor - Custom Polo Shirt,1,0,visible,,,,,taxable,parent,1,,,,0,,,,,0,,,40.95,,,,https://cdn.shopify.com/s/files/1/0626/0421/4428/products/America-Remember-And-Honor-Custom-Polo-Shirt1.jpg?v=1710593992,,,7.90371E+12,,,,,,6,Style,All-over Print Polo Shirt,,1,,Size,3XL,,1,,,,,,,
,variation,,America Remember And Honor - Custom Polo Shirt,1,0,visible,,,,,taxable,parent,1,,,,0,,,,,0,,,42.95,,,,https://cdn.shopify.com/s/files/1/0626/0421/4428/products/America-Remember-And-Honor-Custom-Polo-Shirt1.jpg?v=1710593992,,,7.90371E+12,,,,,,7,Style,All-over Print Polo Shirt,,1,,Size,4XL,,1,,,,,,,
,variation,,America Remember And Honor - Custom Polo Shirt,1,0,visible,,,,,taxable,parent,1,,,,0,,,,,0,,,42.95,,,,https://cdn.shopify.com/s/files/1/0626/0421/4428/products/America-Remember-And-Honor-Custom-Polo-Shirt1.jpg?v=1710593992,,,7.90371E+12,,,,,,8,Style,All-over Print Polo Shirt,,1,,Size,5XL,,1,,,,,,,
,variable,,The Dope Black Dad - Custom Polo Shirt,1,0,visible,,"<div data-id=""07918756694720521"">
<div data-id=""07918756694720521"">
<div data-id=""07918756694720521"">
<div data-block-id=""block-75b37e0f-bdf4-4222-93a2-33cba27c8b52"" class=""ql-block"">
<div class=""ql-block"" data-block-id=""block-7c6e9a7e-f4b9-447a-a1fd-b1664992b1ac"" data-mce-fragment=""1"">
<div data-block-id=""block-b9605d8a-252d-4558-850f-1e123cb90be1"" class=""ql-block"">
<div data-block-id=""block-9d14a48a-e444-4a73-bc49-d14ef0813b99"" class=""ql-block"">
<div data-block-id=""block-f3ce0ead-6a34-4f8c-8083-3f8c36605013"" class=""ql-block"">
<div class=""ql-block"" data-block-id=""block-b221545c-93ce-413d-b9ed-6768956ae03a"" data-mce-fragment=""1"">Celebrate Dad in style with our ""Dope Black Dad"" Father's Day polo shirt. This personalized polo shirt is the perfect gift to show appreciation for his amazing role as a father. Whether he's actively parenting or embracing the essence of black culture, this polo shirt is a stylish nod to proud fatherhood.<br>
</div>
<div class=""ql-block"" data-block-id=""block-007cee27-e41d-424a-857a-8d2dbeed18f6"" data-mce-fragment=""1"">Featuring the words ""Dope Black Dad"" on the front, it's a cool and meaningful expression of your admiration for his parenting skills. Dad will love wearing this polo with pride, a constant reminder of the positive impact he has on the family.</div>
<p class=""ql-block"" data-block-id=""block-c25a69be-dec6-48d5-8429-9b98a5b44aba"" data-mce-fragment=""1"">This Father's Day polo is not just for the occasion—it makes an excellent birthday gift too. Surprise your husband with this funny and stylish polo, or have the kids present it to him as a special birthday present. However you choose to gift it, this polo is sure to bring joy and appreciation to the ""Dope Black Dad"" in your life.</p>
<p class=""ql-block"" data-block-id=""block-c25a69be-dec6-48d5-8429-9b98a5b44aba"" data-mce-fragment=""1""><strong>MESSAGE: </strong> Dope Black Dad.</p>
</div>
</div>
</div>
</div>
</div>
<p data-mce-style=""text-align: left;""><strong>PRODUCT DETAILS:</strong></p>
</div>
</div>
</div>
<div data-id=""07918756694720521"">
<div data-id=""07918756694720521"">
<ul>
<li>Material: Bird-eye pique fabric with 3-5% Spandex – Lightweight, breathable, moisture-wicking, stretchable quick-drying fabric that is comfortable to wear as a casual or activewear outfit.</li>
<li>Regular fit allows you to move freely and conveniently.</li>
<li>Pull-on closure with 3-button placket – Classic Polo style yet comfortable to put on and take off.</li>
<li>Double-stitch hems for durability.</li>
<li>Sublimation printing creates vibrant and clear prints on the fabric which won’t come off.</li>
</ul>
</div>
</div>
<div data-id=""07918756694720521"">
<ul></ul>
</div>
<style type=""text/css""><!--
br {mso-data-placement:same-cell;}
--></style>
<style type=""text/css""><!--
br {mso-data-placement:same-cell;}
--></style>
<style type=""text/css""><!--
br {mso-data-placement:same-cell;}
--></style>",,,taxable,,1,,,0,0,,,,,1,,,,Polo Shirt,,,"https://cdn.shopify.com/s/files/1/0626/0421/4428/products/The-Dope-Black-Dad-Custom-Polo-Shirt1.jpg?v=1710593952,https://cdn.shopify.com/s/files/1/0626/0421/4428/products/The-Dope-Black-Dad-Custom-Polo-Shirt2.jpg?v=1710593952,https://cdn.shopify.com/s/files/1/0626/0421/4428/products/The-Dope-Black-Dad-Custom-Polo-Shirt3.jpg?v=1710593952,https://cdn.shopify.com/s/files/1/0626/0421/4428/products/The-Dope-Black-Dad-Custom-Polo-Shirt4.jpg?v=1710593952,https://cdn.shopify.com/s/files/1/0626/0421/4428/products/The-Dope-Black-Dad-Custom-Polo-Shirt5.jpg?v=1710593952,https://cdn.shopify.com/s/files/1/0626/0421/4428/products/The-Dope-Black-Dad-Custom-Polo-Shirt6.jpg?v=1710593952",,,,,,,,,0,Style,All-over Print Polo Shirt,0,1,All-over Print Polo Shirt,Size,"S,M,L,XL,2XL,3XL,4XL,5XL",0,1,S,,,,,,
,variation,,The Dope Black Dad - Custom Polo Shirt,1,0,visible,,,,,taxable,parent,1,,,,0,,,,,0,,,32.95,,,,https://cdn.shopify.com/s/files/1/0626/0421/4428/products/The-Dope-Black-Dad-Custom-Polo-Shirt1.jpg?v=1710593952,,,7.90371E+12,,,,,,1,Style,All-over Print Polo Shirt,,1,,Size,S,,1,,,,,,,
,variation,,The Dope Black Dad - Custom Polo Shirt,1,0,visible,,,,,taxable,parent,1,,,,0,,,,,0,,,34.95,,,,https://cdn.shopify.com/s/files/1/0626/0421/4428/products/The-Dope-Black-Dad-Custom-Polo-Shirt1.jpg?v=1710593952,,,7.90371E+12,,,,,,2,Style,All-over Print Polo Shirt,,1,,Size,M,,1,,,,,,,
,variation,,The Dope Black Dad - Custom Polo Shirt,1,0,visible,,,,,taxable,parent,1,,,,0,,,,,0,,,36.95,,,,https://cdn.shopify.com/s/files/1/0626/0421/4428/products/The-Dope-Black-Dad-Custom-Polo-Shirt1.jpg?v=1710593952,,,7.90371E+12,,,,,,3,Style,All-over Print Polo Shirt,,1,,Size,L,,1,,,,,,,
,variation,,The Dope Black Dad - Custom Polo Shirt,1,0,visible,,,,,taxable,parent,1,,,,0,,,,,0,,,38.95,,,,https://cdn.shopify.com/s/files/1/0626/0421/4428/products/The-Dope-Black-Dad-Custom-Polo-Shirt1.jpg?v=1710593952,,,7.90371E+12,,,,,,4,Style,All-over Print Polo Shirt,,1,,Size,XL,,1,,,,,,,
,variation,,The Dope Black Dad - Custom Polo Shirt,1,0,visible,,,,,taxable,parent,1,,,,0,,,,,0,,,38.95,,,,https://cdn.shopify.com/s/files/1/0626/0421/4428/products/The-Dope-Black-Dad-Custom-Polo-Shirt1.jpg?v=1710593952,,,7.90371E+12,,,,,,5,Style,All-over Print Polo Shirt,,1,,Size,2XL,,1,,,,,,,
,variation,,The Dope Black Dad - Custom Polo Shirt,1,0,visible,,,,,taxable,parent,1,,,,0,,,,,0,,,40.95,,,,https://cdn.shopify.com/s/files/1/0626/0421/4428/products/The-Dope-Black-Dad-Custom-Polo-Shirt1.jpg?v=1710593952,,,7.90371E+12,,,,,,6,Style,All-over Print Polo Shirt,,1,,Size,3XL,,1,,,,,,,
,variation,,The Dope Black Dad - Custom Polo Shirt,1,0,visible,,,,,taxable,parent,1,,,,0,,,,,0,,,42.95,,,,https://cdn.shopify.com/s/files/1/0626/0421/4428/products/The-Dope-Black-Dad-Custom-Polo-Shirt1.jpg?v=1710593952,,,7.90371E+12,,,,,,7,Style,All-over Print Polo Shirt,,1,,Size,4XL,,1,,,,,,,
,variation,,The Dope Black Dad - Custom Polo Shirt,1,0,visible,,,,,taxable,parent,1,,,,0,,,,,0,,,42.95,,,,https://cdn.shopify.com/s/files/1/0626/0421/4428/products/The-Dope-Black-Dad-Custom-Polo-Shirt1.jpg?v=1710593952,,,7.90371E+12,,,,,,8,Style,All-over Print Polo Shirt,,1,,Size,5XL,,1,,,,,,,
,variable,,Custom Name Dad Line Vintage Color Gift For Men Father's Day - Custom Polo Shirt,1,0,visible,,"<div data-id=""07918756694720521"">
<div data-id=""07918756694720521"">
<div data-id=""07918756694720521"">
<div data-block-id=""block-75b37e0f-bdf4-4222-93a2-33cba27c8b52"" class=""ql-block"">
<div class=""ql-block"" data-block-id=""block-7c6e9a7e-f4b9-447a-a1fd-b1664992b1ac"" data-mce-fragment=""1"">
<div data-block-id=""block-b9605d8a-252d-4558-850f-1e123cb90be1"" class=""ql-block"">
<div data-block-id=""block-9d14a48a-e444-4a73-bc49-d14ef0813b99"" class=""ql-block"">
<div data-block-id=""block-b2a93716-ac2d-43fc-bac3-d4f28f5ebcea"" class=""ql-block"">
<div data-block-id=""block-531f25f6-8aab-49c5-8f92-df38f15bfd0c"" class=""ql-block"">
<div data-block-id=""block-da104865-b071-4cf1-9e05-b7f8fb879e07"" class=""ql-block"">Elevate Dad's golf game and style with our Custom Golf Shirt, the perfect Father's Day gift for the man who loves to hit the links.</div>
<div data-block-id=""block-b61a6e9f-1deb-4f1e-9756-f653ad1bd8bc"" class=""ql-block"">Featuring a sleek design and tailored fit, our custom golf shirt is as functional as it is fashionable. Personalize it with Dad's name or initials, adding a touch of sophistication and making it uniquely his own.</div>
<div data-block-id=""block-10f780c2-7ba4-4e64-a4f6-d0618fa8476b"" class=""ql-block"">Ideal for golf lovers and seasoned pros alike, this shirt is engineered to enhance performance on the course while exuding classic style. Whether Dad is teeing off with friends or enjoying a leisurely round, our Custom Golf Shirt ensures he looks and feels his best with every swing.</div>
<p data-block-id=""block-d283cbe3-0dc2-4784-a969-90a01cf4d27c"" class=""ql-block"">Show Dad how much he means to you with a gift that combines his passion for golf with personalized luxury. This Father's Day, celebrate his love for the game with a custom shirt that's sure to earn him compliments both on and off the course.</p>
</div>
</div>
</div>
</div>
</div>
</div>
<p data-mce-style=""text-align: left;""><strong>PRODUCT DETAILS:</strong></p>
</div>
</div>
</div>
<div data-id=""07918756694720521"">
<div data-id=""07918756694720521"">
<ul>
<li>Material: Bird-eye pique fabric with 3-5% Spandex – Lightweight, breathable, moisture-wicking, stretchable quick-drying fabric that is comfortable to wear as a casual or activewear outfit.</li>
<li>Regular fit allows you to move freely and conveniently.</li>
<li>Pull-on closure with 3-button placket – Classic Polo style yet comfortable to put on and take off.</li>
<li>Double-stitch hems for durability.</li>
<li>Sublimation printing creates vibrant and clear prints on the fabric which won’t come off.</li>
</ul>
</div>
</div>
<div data-id=""07918756694720521"">
<ul></ul>
</div>
<style type=""text/css""><!--
br {mso-data-placement:same-cell;}
--></style>
<style type=""text/css""><!--
br {mso-data-placement:same-cell;}
--></style>
<style type=""text/css""><!--
br {mso-data-placement:same-cell;}
--></style>",,,taxable,,1,,,0,0,,,,,1,,,,Polo Shirt,,,"https://cdn.shopify.com/s/files/1/0626/0421/4428/products/Custom-Name-Dad-Line-Vintage-Color-Gift-For-Men-Father_s-Day-Custom-Polo-Shirt_1.jpg?v=1710593753,https://cdn.shopify.com/s/files/1/0626/0421/4428/products/Custom-Name-Dad-Line-Vintage-Color-Gift-For-Men-Father_s-Day-Custom-Polo-Shirt_2.jpg?v=1710593753,https://cdn.shopify.com/s/files/1/0626/0421/4428/products/Custom-Name-Dad-Line-Vintage-Color-Gift-For-Men-Father_s-Day-Custom-Polo-Shirt_3.jpg?v=1710593753,https://cdn.shopify.com/s/files/1/0626/0421/4428/products/Custom-Name-Dad-Line-Vintage-Color-Gift-For-Men-Father_s-Day-Custom-Polo-Shirt_4.jpg?v=1710593753,https://cdn.shopify.com/s/files/1/0626/0421/4428/products/Custom-Name-Dad-Line-Vintage-Color-Gift-For-Men-Father_s-Day-Custom-Polo-Shirt_5.jpg?v=1710593753,https://cdn.shopify.com/s/files/1/0626/0421/4428/products/Custom-Name-Dad-Line-Vintage-Color-Gift-For-Men-Father_s-Day-Custom-Polo-Shirt_6.jpg?v=1710593753",,,,,,,,,0,Style,All-over Print Polo Shirt,0,1,All-over Print Polo Shirt,Size,"S,M,L,XL,2XL,3XL,4XL,5XL",0,1,S,,,,,,
,variation,,Custom Name Dad Line Vintage Color Gift For Men Father's Day - Custom Polo Shirt,1,0,visible,,,,,taxable,parent,1,,,,0,,,,,0,,,32.95,,,,https://cdn.shopify.com/s/files/1/0626/0421/4428/products/Custom-Name-Dad-Line-Vintage-Color-Gift-For-Men-Father_s-Day-Custom-Polo-Shirt_1.jpg?v=1710593753,,,7.90371E+12,,,,,,1,Style,All-over Print Polo Shirt,,1,,Size,S,,1,,,,,,,
,variation,,Custom Name Dad Line Vintage Color Gift For Men Father's Day - Custom Polo Shirt,1,0,visible,,,,,taxable,parent,1,,,,0,,,,,0,,,34.95,,,,https://cdn.shopify.com/s/files/1/0626/0421/4428/products/Custom-Name-Dad-Line-Vintage-Color-Gift-For-Men-Father_s-Day-Custom-Polo-Shirt_1.jpg?v=1710593753,,,7.90371E+12,,,,,,2,Style,All-over Print Polo Shirt,,1,,Size,M,,1,,,,,,,
,variation,,Custom Name Dad Line Vintage Color Gift For Men Father's Day - Custom Polo Shirt,1,0,visible,,,,,taxable,parent,1,,,,0,,,,,0,,,36.95,,,,https://cdn.shopify.com/s/files/1/0626/0421/4428/products/Custom-Name-Dad-Line-Vintage-Color-Gift-For-Men-Father_s-Day-Custom-Polo-Shirt_1.jpg?v=1710593753,,,7.90371E+12,,,,,,3,Style,All-over Print Polo Shirt,,1,,Size,L,,1,,,,,,,
,variation,,Custom Name Dad Line Vintage Color Gift For Men Father's Day - Custom Polo Shirt,1,0,visible,,,,,taxable,parent,1,,,,0,,,,,0,,,38.95,,,,https://cdn.shopify.com/s/files/1/0626/0421/4428/products/Custom-Name-Dad-Line-Vintage-Color-Gift-For-Men-Father_s-Day-Custom-Polo-Shirt_1.jpg?v=1710593753,,,7.90371E+12,,,,,,4,Style,All-over Print Polo Shirt,,1,,Size,XL,,1,,,,,,,
,variation,,Custom Name Dad Line Vintage Color Gift For Men Father's Day - Custom Polo Shirt,1,0,visible,,,,,taxable,parent,1,,,,0,,,,,0,,,38.95,,,,https://cdn.shopify.com/s/files/1/0626/0421/4428/products/Custom-Name-Dad-Line-Vintage-Color-Gift-For-Men-Father_s-Day-Custom-Polo-Shirt_1.jpg?v=1710593753,,,7.90371E+12,,,,,,5,Style,All-over Print Polo Shirt,,1,,Size,2XL,,1,,,,,,,
,variation,,Custom Name Dad Line Vintage Color Gift For Men Father's Day - Custom Polo Shirt,1,0,visible,,,,,taxable,parent,1,,,,0,,,,,0,,,40.95,,,,https://cdn.shopify.com/s/files/1/0626/0421/4428/products/Custom-Name-Dad-Line-Vintage-Color-Gift-For-Men-Father_s-Day-Custom-Polo-Shirt_1.jpg?v=1710593753,,,7.90371E+12,,,,,,6,Style,All-over Print Polo Shirt,,1,,Size,3XL,,1,,,,,,,
,variation,,Custom Name Dad Line Vintage Color Gift For Men Father's Day - Custom Polo Shirt,1,0,visible,,,,,taxable,parent,1,,,,0,,,,,0,,,42.95,,,,https://cdn.shopify.com/s/files/1/0626/0421/4428/products/Custom-Name-Dad-Line-Vintage-Color-Gift-For-Men-Father_s-Day-Custom-Polo-Shirt_1.jpg?v=1710593753,,,7.90371E+12,,,,,,7,Style,All-over Print Polo Shirt,,1,,Size,4XL,,1,,,,,,,
,variation,,Custom Name Dad Line Vintage Color Gift For Men Father's Day - Custom Polo Shirt,1,0,visible,,,,,taxable,parent,1,,,,0,,,,,0,,,42.95,,,,https://cdn.shopify.com/s/files/1/0626/0421/4428/products/Custom-Name-Dad-Line-Vintage-Color-Gift-For-Men-Father_s-Day-Custom-Polo-Shirt_1.jpg?v=1710593753,,,7.90371E+12,,,,,,8,Style,All-over Print Polo Shirt,,1,,Size,5XL,,1,,,,,,,
,variable,,Custom Name Golf Polo Shirt With Skater Golf Ball - Custom Golf Shirt,1,0,visible,,"<div data-id=""07918756694720521"">
<div data-id=""07918756694720521"">
<div data-id=""07918756694720521"">
<div data-block-id=""block-75b37e0f-bdf4-4222-93a2-33cba27c8b52"" class=""ql-block"">
<div class=""ql-block"" data-block-id=""block-7c6e9a7e-f4b9-447a-a1fd-b1664992b1ac"" data-mce-fragment=""1"">
<div data-block-id=""block-b9605d8a-252d-4558-850f-1e123cb90be1"" class=""ql-block"">
<div data-block-id=""block-9d14a48a-e444-4a73-bc49-d14ef0813b99"" class=""ql-block"">
<div data-block-id=""block-b2a93716-ac2d-43fc-bac3-d4f28f5ebcea"" class=""ql-block"">
<div data-block-id=""block-531f25f6-8aab-49c5-8f92-df38f15bfd0c"" class=""ql-block"">
<div data-block-id=""block-da104865-b071-4cf1-9e05-b7f8fb879e07"" class=""ql-block"">
<div data-block-id=""block-9f9f2582-304c-484d-b027-ad9d6792a4b9"" class=""ql-block"">
<div data-block-id=""block-af00d9de-b0aa-4ea5-a3cb-cc2ce4674d4f"" class=""ql-block"">Elevate your golfing style with our ""Custom Name Golf Polo Shirt With Skater Golf Ball."" This Custom golf shirt is a perfect blend of athletic flair and individualized charm. The skater golf ball design adds a playful touch, making it an ideal choice for golf enthusiasts who appreciate a unique and stylish look.</div>
<div data-block-id=""block-434e229c-fbd6-4cec-96a5-582666ce5515"" class=""ql-block""><br></div>
<div data-block-id=""block-36199fb6-8de2-40db-95b9-7310d30dfb3e"" class=""ql-block"">Crafted with high-quality material, this golf polo shirt ensures comfort and breathability during your time on the green. The customizable feature allows you to add a personal touch with your name, making it a standout addition to your wardrobe or a thoughtful gift for a golf-loving friend, dad, or husband.</div>
<div data-block-id=""block-bedf9269-24b1-4939-a1e3-3b99188e9452"" class=""ql-block""><br></div>
<div data-block-id=""block-0699c950-f3a4-474f-8795-f93dcedc04f4"" class=""ql-block"">Whether you're hitting the golf course for a round with friends or participating in a tournament, this custom golf shirt is designed to make you stand out. Embrace the spirit of the game with our ""Custom Name Golf Polo Shirt With Skater Golf Ball"" – the perfect blend of performance and personalization for any golf enthusiast.</div>
</div>
<div data-block-id=""block-86f8d042-b86c-4d54-a5e8-b92a37b5c771"" class=""ql-block""><br></div>
</div>
</div>
</div>
</div>
</div>
</div>
</div>
<p data-mce-style=""text-align: left;""><strong>PRODUCT DETAILS:</strong></p>
</div>
</div>
</div>
<div data-id=""07918756694720521"">
<div data-id=""07918756694720521"">
<ul>
<li>Material: Bird-eye pique fabric with 3-5% Spandex – Lightweight, breathable, moisture-wicking, stretchable quick-drying fabric that is comfortable to wear as a casual or activewear outfit.</li>
<li>Regular fit allows you to move freely and conveniently.</li>
<li>Pull-on closure with 3-button placket – Classic Polo style yet comfortable to put on and take off.</li>
<li>Double-stitch hems for durability.</li>
<li>Sublimation printing creates vibrant and clear prints on the fabric which won’t come off.</li>
</ul>
</div>
</div>
<div data-id=""07918756694720521"">
<ul></ul>
<br>
</div>
<style type=""text/css""><!--
br {mso-data-placement:same-cell;}
--></style>
<style type=""text/css""><!--
br {mso-data-placement:same-cell;}
--></style>
<style type=""text/css""><!--
br {mso-data-placement:same-cell;}
--></style>",,,taxable,,1,,,0,0,,,,,1,,,,Polo Shirt,,,"https://cdn.shopify.com/s/files/1/0626/0421/4428/products/Custom-Name-Golf-Polo-Shirt-With-Skater-Golf-Ball-Custom-Golf-Shirt_1.jpg?v=1710593555,https://cdn.shopify.com/s/files/1/0626/0421/4428/products/Custom-Name-Golf-Polo-Shirt-With-Skater-Golf-Ball-Custom-Golf-Shirt_2.jpg?v=1710593555,https://cdn.shopify.com/s/files/1/0626/0421/4428/products/Custom-Name-Golf-Polo-Shirt-With-Skater-Golf-Ball-Custom-Golf-Shirt_3.jpg?v=1710593555,https://cdn.shopify.com/s/files/1/0626/0421/4428/products/Custom-Name-Golf-Polo-Shirt-With-Skater-Golf-Ball-Custom-Golf-Shirt_4.jpg?v=1710593555,https://cdn.shopify.com/s/files/1/0626/0421/4428/products/Custom-Name-Golf-Polo-Shirt-With-Skater-Golf-Ball-Custom-Golf-Shirt_5.jpg?v=1710593555,https://cdn.shopify.com/s/files/1/0626/0421/4428/products/Custom-Name-Golf-Polo-Shirt-With-Skater-Golf-Ball-Custom-Golf-Shirt_6.jpg?v=1710593555",,,,,,,,,0,Style,All-over Print Polo Shirt,0,1,All-over Print Polo Shirt,Size,"S,M,L,XL,2XL,3XL,4XL,5XL",0,1,S,,,,,,
,variation,,Custom Name Golf Polo Shirt With Skater Golf Ball - Custom Golf Shirt,1,0,visible,,,,,taxable,parent,1,,,,0,,,,,0,,,32.95,,,,https://cdn.shopify.com/s/files/1/0626/0421/4428/products/Custom-Name-Golf-Polo-Shirt-With-Skater-Golf-Ball-Custom-Golf-Shirt_1.jpg?v=1710593555,,,7.90371E+12,,,,,,1,Style,All-over Print Polo Shirt,,1,,Size,S,,1,,,,,,,
,variation,,Custom Name Golf Polo Shirt With Skater Golf Ball - Custom Golf Shirt,1,0,visible,,,,,taxable,parent,1,,,,0,,,,,0,,,34.95,,,,https://cdn.shopify.com/s/files/1/0626/0421/4428/products/Custom-Name-Golf-Polo-Shirt-With-Skater-Golf-Ball-Custom-Golf-Shirt_1.jpg?v=1710593555,,,7.90371E+12,,,,,,2,Style,All-over Print Polo Shirt,,1,,Size,M,,1,,,,,,,
,variation,,Custom Name Golf Polo Shirt With Skater Golf Ball - Custom Golf Shirt,1,0,visible,,,,,taxable,parent,1,,,,0,,,,,0,,,36.95,,,,https://cdn.shopify.com/s/files/1/0626/0421/4428/products/Custom-Name-Golf-Polo-Shirt-With-Skater-Golf-Ball-Custom-Golf-Shirt_1.jpg?v=1710593555,,,7.90371E+12,,,,,,3,Style,All-over Print Polo Shirt,,1,,Size,L,,1,,,,,,,
,variation,,Custom Name Golf Polo Shirt With Skater Golf Ball - Custom Golf Shirt,1,0,visible,,,,,taxable,parent,1,,,,0,,,,,0,,,38.95,,,,https://cdn.shopify.com/s/files/1/0626/0421/4428/products/Custom-Name-Golf-Polo-Shirt-With-Skater-Golf-Ball-Custom-Golf-Shirt_1.jpg?v=1710593555,,,7.90371E+12,,,,,,4,Style,All-over Print Polo Shirt,,1,,Size,XL,,1,,,,,,,
,variation,,Custom Name Golf Polo Shirt With Skater Golf Ball - Custom Golf Shirt,1,0,visible,,,,,taxable,parent,1,,,,0,,,,,0,,,38.95,,,,https://cdn.shopify.com/s/files/1/0626/0421/4428/products/Custom-Name-Golf-Polo-Shirt-With-Skater-Golf-Ball-Custom-Golf-Shirt_1.jpg?v=1710593555,,,7.90371E+12,,,,,,5,Style,All-over Print Polo Shirt,,1,,Size,2XL,,1,,,,,,,
,variation,,Custom Name Golf Polo Shirt With Skater Golf Ball - Custom Golf Shirt,1,0,visible,,,,,taxable,parent,1,,,,0,,,,,0,,,40.95,,,,https://cdn.shopify.com/s/files/1/0626/0421/4428/products/Custom-Name-Golf-Polo-Shirt-With-Skater-Golf-Ball-Custom-Golf-Shirt_1.jpg?v=1710593555,,,7.90371E+12,,,,,,6,Style,All-over Print Polo Shirt,,1,,Size,3XL,,1,,,,,,,
,variation,,Custom Name Golf Polo Shirt With Skater Golf Ball - Custom Golf Shirt,1,0,visible,,,,,taxable,parent,1,,,,0,,,,,0,,,42.95,,,,https://cdn.shopify.com/s/files/1/0626/0421/4428/products/Custom-Name-Golf-Polo-Shirt-With-Skater-Golf-Ball-Custom-Golf-Shirt_1.jpg?v=1710593555,,,7.90371E+12,,,,,,7,Style,All-over Print Polo Shirt,,1,,Size,4XL,,1,,,,,,,
,variation,,Custom Name Golf Polo Shirt With Skater Golf Ball - Custom Golf Shirt,1,0,visible,,,,,taxable,parent,1,,,,0,,,,,0,,,42.95,,,,https://cdn.shopify.com/s/files/1/0626/0421/4428/products/Custom-Name-Golf-Polo-Shirt-With-Skater-Golf-Ball-Custom-Golf-Shirt_1.jpg?v=1710593555,,,7.90371E+12,,,,,,8,Style,All-over Print Polo Shirt,,1,,Size,5XL,,1,,,,,,,
,variable,,Strike Bowling Polo Shirt - Custom Polo Shirt,1,0,visible,,"<div data-id=""07918756694720521"">
<div data-id=""07918756694720521"">
<div data-id=""07918756694720521"">
<div data-block-id=""block-75b37e0f-bdf4-4222-93a2-33cba27c8b52"" class=""ql-block"">
<div class=""ql-block"" data-block-id=""block-7c6e9a7e-f4b9-447a-a1fd-b1664992b1ac"" data-mce-fragment=""1"">
<div data-block-id=""block-b9605d8a-252d-4558-850f-1e123cb90be1"" class=""ql-block"">
<div data-block-id=""block-9d14a48a-e444-4a73-bc49-d14ef0813b99"" class=""ql-block"">
<div data-block-id=""block-b2a93716-ac2d-43fc-bac3-d4f28f5ebcea"" class=""ql-block"">
<div data-block-id=""block-531f25f6-8aab-49c5-8f92-df38f15bfd0c"" class=""ql-block"">
<div data-block-id=""block-da104865-b071-4cf1-9e05-b7f8fb879e07"" class=""ql-block"">
<div data-block-id=""block-9f9f2582-304c-484d-b027-ad9d6792a4b9"" class=""ql-block"">
<div data-block-id=""block-af00d9de-b0aa-4ea5-a3cb-cc2ce4674d4f"" class=""ql-block"">
<div data-block-id=""block-01196df9-474b-49c6-a5de-1b072da461d4"" class=""ql-block"">Experience a perfect strike of style with our ""Strike Bowling"" Custom Polo Shirt! This exceptional shirt seamlessly blends sporty flair with personalized charm. The unique bowling ball and pin pattern make it an ideal choice for casual outings, league nights, or even as part of a stylish team uniform.</div>
<div data-block-id=""block-4698eca1-9f3b-4d45-b6cb-5c9731838fb5"" class=""ql-block"">Crafted with high-quality material, this polo shirt ensures comfort throughout the day. The striking bowling design adds a touch of personality, making it a standout piece in any wardrobe. Whether you're hitting the lanes for a game night or simply expressing your love for the sport, this shirt is a perfect choice.</div>
<div data-block-id=""block-f1cbc1bb-3aba-478f-994e-35c0dc77523b"" class=""ql-block"">Gift this customized polo shirt to your dad, husband, or any bowling enthusiast for a unique and thoughtful present. The ""Strike Bowling"" Custom Polo Shirt not only showcases their passion for bowling but also elevates their style game. Celebrate the joy of the game in every casual setting with this comfortable, fashionable, and personalized polo shirt!</div>
</div>
</div>
<div data-block-id=""block-86f8d042-b86c-4d54-a5e8-b92a37b5c771"" class=""ql-block""><br></div>
</div>
</div>
</div>
</div>
</div>
</div>
</div>
<p data-mce-style=""text-align: left;""><strong>PRODUCT DETAILS:</strong></p>
</div>
</div>
</div>
<div data-id=""07918756694720521"">
<div data-id=""07918756694720521"">
<ul>
<li>Material: Bird-eye pique fabric with 3-5% Spandex – Lightweight, breathable, moisture-wicking, stretchable quick-drying fabric that is comfortable to wear as a casual or activewear outfit.</li>
<li>Regular fit allows you to move freely and conveniently.</li>
<li>Pull-on closure with 3-button placket – Classic Polo style yet comfortable to put on and take off.</li>
<li>Double-stitch hems for durability.</li>
<li>Sublimation printing creates vibrant and clear prints on the fabric which won’t come off.</li>
</ul>
</div>
</div>
<div data-id=""07918756694720521"">
<ul></ul>
<br>
</div>
<style type=""text/css""><!--
br {mso-data-placement:same-cell;}
--></style>
<style type=""text/css""><!--
br {mso-data-placement:same-cell;}
--></style>
<style type=""text/css""><!--
br {mso-data-placement:same-cell;}
--></style>",,,taxable,,1,,,0,0,,,,,1,,,,Polo Shirt,,,"https://cdn.shopify.com/s/files/1/0626/0421/4428/products/Strike-Bowling-Polo-Shirt-Personalized-Polo-Shirt_1.jpg?v=1710593544,https://cdn.shopify.com/s/files/1/0626/0421/4428/products/Strike-Bowling-Polo-Shirt-Personalized-Polo-Shirt_2.jpg?v=1710593544,https://cdn.shopify.com/s/files/1/0626/0421/4428/products/Strike-Bowling-Polo-Shirt-Personalized-Polo-Shirt_3.jpg?v=1710593544,https://cdn.shopify.com/s/files/1/0626/0421/4428/products/Strike-Bowling-Polo-Shirt-Personalized-Polo-Shirt_4.jpg?v=1710593544,https://cdn.shopify.com/s/files/1/0626/0421/4428/products/Strike-Bowling-Polo-Shirt-Personalized-Polo-Shirt_5.jpg?v=1710593544,https://cdn.shopify.com/s/files/1/0626/0421/4428/products/Strike-Bowling-Polo-Shirt-Personalized-Polo-Shirt_6.jpg?v=1710593544,https://cdn.shopify.com/s/files/1/0626/0421/4428/products/Strike-Bowling-Polo-Shirt-Personalized-Polo-Shirt_7.jpg?v=1710593544",,,,,,,,,0,Style,All-over Print Polo Shirt,0,1,All-over Print Polo Shirt,Size,"S,M,L,XL,2XL,3XL,4XL,5XL",0,1,S,,,,,,
,variation,,Strike Bowling Polo Shirt - Custom Polo Shirt,1,0,visible,,,,,taxable,parent,1,,,,0,,,,,0,,,32.95,,,,https://cdn.shopify.com/s/files/1/0626/0421/4428/products/Strike-Bowling-Polo-Shirt-Personalized-Polo-Shirt_1.jpg?v=1710593544,,,7.90371E+12,,,,,,1,Style,All-over Print Polo Shirt,,1,,Size,S,,1,,,,,,,
,variation,,Strike Bowling Polo Shirt - Custom Polo Shirt,1,0,visible,,,,,taxable,parent,1,,,,0,,,,,0,,,34.95,,,,https://cdn.shopify.com/s/files/1/0626/0421/4428/products/Strike-Bowling-Polo-Shirt-Personalized-Polo-Shirt_1.jpg?v=1710593544,,,7.90371E+12,,,,,,2,Style,All-over Print Polo Shirt,,1,,Size,M,,1,,,,,,,
,variation,,Strike Bowling Polo Shirt - Custom Polo Shirt,1,0,visible,,,,,taxable,parent,1,,,,0,,,,,0,,,36.95,,,,https://cdn.shopify.com/s/files/1/0626/0421/4428/products/Strike-Bowling-Polo-Shirt-Personalized-Polo-Shirt_1.jpg?v=1710593544,,,7.90371E+12,,,,,,3,Style,All-over Print Polo Shirt,,1,,Size,L,,1,,,,,,,
,variation,,Strike Bowling Polo Shirt - Custom Polo Shirt,1,0,visible,,,,,taxable,parent,1,,,,0,,,,,0,,,38.95,,,,https://cdn.shopify.com/s/files/1/0626/0421/4428/products/Strike-Bowling-Polo-Shirt-Personalized-Polo-Shirt_1.jpg?v=1710593544,,,7.90371E+12,,,,,,4,Style,All-over Print Polo Shirt,,1,,Size,XL,,1,,,,,,,
,variation,,Strike Bowling Polo Shirt - Custom Polo Shirt,1,0,visible,,,,,taxable,parent,1,,,,0,,,,,0,,,38.95,,,,https://cdn.shopify.com/s/files/1/0626/0421/4428/products/Strike-Bowling-Polo-Shirt-Personalized-Polo-Shirt_1.jpg?v=1710593544,,,7.90371E+12,,,,,,5,Style,All-over Print Polo Shirt,,1,,Size,2XL,,1,,,,,,,
,variation,,Strike Bowling Polo Shirt - Custom Polo Shirt,1,0,visible,,,,,taxable,parent,1,,,,0,,,,,0,,,40.95,,,,https://cdn.shopify.com/s/files/1/0626/0421/4428/products/Strike-Bowling-Polo-Shirt-Personalized-Polo-Shirt_1.jpg?v=1710593544,,,7.90371E+12,,,,,,6,Style,All-over Print Polo Shirt,,1,,Size,3XL,,1,,,,,,,
,variation,,Strike Bowling Polo Shirt - Custom Polo Shirt,1,0,visible,,,,,taxable,parent,1,,,,0,,,,,0,,,42.95,,,,https://cdn.shopify.com/s/files/1/0626/0421/4428/products/Strike-Bowling-Polo-Shirt-Personalized-Polo-Shirt_1.jpg?v=1710593544,,,7.90371E+12,,,,,,7,Style,All-over Print Polo Shirt,,1,,Size,4XL,,1,,,,,,,
,variation,,Strike Bowling Polo Shirt - Custom Polo Shirt,1,0,visible,,,,,taxable,parent,1,,,,0,,,,,0,,,42.95,,,,https://cdn.shopify.com/s/files/1/0626/0421/4428/products/Strike-Bowling-Polo-Shirt-Personalized-Polo-Shirt_1.jpg?v=1710593544,,,7.90371E+12,,,,,,8,Style,All-over Print Polo Shirt,,1,,Size,5XL,,1,,,,,,,
,variable,,Custom Name Golf Vintage Style Gift For Golf Lovers Father's Day - Custom Golf Shirt,1,0,visible,,"<div data-id=""07918756694720521"">
<div data-id=""07918756694720521"">
<div data-id=""07918756694720521"">
<div data-block-id=""block-75b37e0f-bdf4-4222-93a2-33cba27c8b52"" class=""ql-block"">
<div class=""ql-block"" data-block-id=""block-7c6e9a7e-f4b9-447a-a1fd-b1664992b1ac"" data-mce-fragment=""1"">
<div data-block-id=""block-b9605d8a-252d-4558-850f-1e123cb90be1"" class=""ql-block"">
<div data-block-id=""block-9d14a48a-e444-4a73-bc49-d14ef0813b99"" class=""ql-block"">
<div data-block-id=""block-b2a93716-ac2d-43fc-bac3-d4f28f5ebcea"" class=""ql-block"">
<div data-block-id=""block-531f25f6-8aab-49c5-8f92-df38f15bfd0c"" class=""ql-block"">
<div data-block-id=""block-da104865-b071-4cf1-9e05-b7f8fb879e07"" class=""ql-block"">
<div data-block-id=""block-9f9f2582-304c-484d-b027-ad9d6792a4b9"" class=""ql-block"">
<div data-block-id=""block-af00d9de-b0aa-4ea5-a3cb-cc2ce4674d4f"" class=""ql-block"">
<div data-line=""true"" data-line-index=""0"" data-zone-id=""0"">Introducing our Vintage Style Custom Golf Shirt a timeless piece designed for the golf enthusiast in your life. Crafted with a classic silhouette and a palette of basic colors, this shirt effortlessly merges style and comfort on the golf course.</div>
<div data-line=""true"" data-line-index=""1"" data-zone-id=""0"">Personalize this golf shirt with a custom name, adding a unique and thoughtful touch that transforms it into a cherished keepsake. Whether it's a gift for a golf-loving dad or a special man in your life, this shirt is a perfect way to express appreciation and celebrate their passion for the game.</div>
<div data-line=""true"" data-line-index=""2"" data-zone-id=""0"">Embrace the spirit of the fairway with a gift that transcends time our Vintage Style Custom Golf Shirt, a classic choice for those who appreciate the artistry of the game.</div>
</div>
</div>
<div data-block-id=""block-86f8d042-b86c-4d54-a5e8-b92a37b5c771"" class=""ql-block""><br></div>
</div>
</div>
</div>
</div>
</div>
</div>
</div>
<p data-mce-style=""text-align: left;""><strong>PRODUCT DETAILS:<br><br></strong></p>
</div>
</div>
</div>
<div data-id=""07918756694720521"">
<div data-id=""07918756694720521"">
<ul>
<li>Material: Bird-eye pique fabric with 3-5% Spandex – Lightweight, breathable, moisture-wicking, stretchable quick-drying fabric that is comfortable to wear as a casual or activewear outfit.</li>
<li>Regular fit allows you to move freely and conveniently.</li>
<li>Pull-on closure with 3-button placket – Classic Polo style yet comfortable to put on and take off.</li>
<li>Double-stitch hems for durability.</li>
<li>Sublimation printing creates vibrant and clear prints on the fabric which won’t come off.</li>
</ul>
</div>
</div>
<div data-id=""07918756694720521"">
<ul></ul>
<br>
</div>
<style type=""text/css""><!--
br {mso-data-placement:same-cell;}
--></style>
<style type=""text/css""><!--
br {mso-data-placement:same-cell;}
--></style>
<style type=""text/css""><!--
br {mso-data-placement:same-cell;}
--></style>",,,taxable,,1,,,0,0,,,,,1,,,,Polo Shirt,,,"https://cdn.shopify.com/s/files/1/0626/0421/4428/products/Custom-Name-Golf-Vintage-Style-Gift-For-Golf-Lovers-Father_s-Day-Custom-Golf-Shirt1-Copy.jpg?v=1710593524,https://cdn.shopify.com/s/files/1/0626/0421/4428/products/Custom-Name-Golf-Vintage-Style-Gift-For-Golf-Lovers-Father_s-Day-Custom-Golf-Shirt2-Copy.jpg?v=1710593524,https://cdn.shopify.com/s/files/1/0626/0421/4428/products/Custom-Name-Golf-Vintage-Style-Gift-For-Golf-Lovers-Father_s-Day-Custom-Golf-Shirt3-Copy.jpg?v=1710593524,https://cdn.shopify.com/s/files/1/0626/0421/4428/products/Custom-Name-Golf-Vintage-Style-Gift-For-Golf-Lovers-Father_s-Day-Custom-Golf-Shirt4-Copy.jpg?v=1710593524,https://cdn.shopify.com/s/files/1/0626/0421/4428/products/Custom-Name-Golf-Vintage-Style-Gift-For-Golf-Lovers-Father_s-Day-Custom-Golf-Shirt5-Copy.jpg?v=1710593524,https://cdn.shopify.com/s/files/1/0626/0421/4428/products/Custom-Name-Golf-Vintage-Style-Gift-For-Golf-Lovers-Father_s-Day-Custom-Golf-Shirt6-Copy.jpg?v=1710593524",,,,,,,,,0,Style,All-over Print Polo Shirt,0,1,All-over Print Polo Shirt,Size,"S,M,L,XL,2XL,3XL,4XL,5XL",0,1,S,,,,,,
,variation,,Custom Name Golf Vintage Style Gift For Golf Lovers Father's Day - Custom Golf Shirt,1,0,visible,,,,,taxable,parent,1,,,,0,,,,,0,,,32.95,,,,https://cdn.shopify.com/s/files/1/0626/0421/4428/products/Custom-Name-Golf-Vintage-Style-Gift-For-Golf-Lovers-Father_s-Day-Custom-Golf-Shirt1-Copy.jpg?v=1710593524,,,7.90371E+12,,,,,,1,Style,All-over Print Polo Shirt,,1,,Size,S,,1,,,,,,,
,variation,,Custom Name Golf Vintage Style Gift For Golf Lovers Father's Day - Custom Golf Shirt,1,0,visible,,,,,taxable,parent,1,,,,0,,,,,0,,,34.95,,,,https://cdn.shopify.com/s/files/1/0626/0421/4428/products/Custom-Name-Golf-Vintage-Style-Gift-For-Golf-Lovers-Father_s-Day-Custom-Golf-Shirt1-Copy.jpg?v=1710593524,,,7.90371E+12,,,,,,2,Style,All-over Print Polo Shirt,,1,,Size,M,,1,,,,,,,
,variation,,Custom Name Golf Vintage Style Gift For Golf Lovers Father's Day - Custom Golf Shirt,1,0,visible,,,,,taxable,parent,1,,,,0,,,,,0,,,36.95,,,,https://cdn.shopify.com/s/files/1/0626/0421/4428/products/Custom-Name-Golf-Vintage-Style-Gift-For-Golf-Lovers-Father_s-Day-Custom-Golf-Shirt1-Copy.jpg?v=1710593524,,,7.90371E+12,,,,,,3,Style,All-over Print Polo Shirt,,1,,Size,L,,1,,,,,,,
,variation,,Custom Name Golf Vintage Style Gift For Golf Lovers Father's Day - Custom Golf Shirt,1,0,visible,,,,,taxable,parent,1,,,,0,,,,,0,,,38.95,,,,https://cdn.shopify.com/s/files/1/0626/0421/4428/products/Custom-Name-Golf-Vintage-Style-Gift-For-Golf-Lovers-Father_s-Day-Custom-Golf-Shirt1-Copy.jpg?v=1710593524,,,7.90371E+12,,,,,,4,Style,All-over Print Polo Shirt,,1,,Size,XL,,1,,,,,,,
,variation,,Custom Name Golf Vintage Style Gift For Golf Lovers Father's Day - Custom Golf Shirt,1,0,visible,,,,,taxable,parent,1,,,,0,,,,,0,,,38.95,,,,https://cdn.shopify.com/s/files/1/0626/0421/4428/products/Custom-Name-Golf-Vintage-Style-Gift-For-Golf-Lovers-Father_s-Day-Custom-Golf-Shirt1-Copy.jpg?v=1710593524,,,7.90371E+12,,,,,,5,Style,All-over Print Polo Shirt,,1,,Size,2XL,,1,,,,,,,
,variation,,Custom Name Golf Vintage Style Gift For Golf Lovers Father's Day - Custom Golf Shirt,1,0,visible,,,,,taxable,parent,1,,,,0,,,,,0,,,40.95,,,,https://cdn.shopify.com/s/files/1/0626/0421/4428/products/Custom-Name-Golf-Vintage-Style-Gift-For-Golf-Lovers-Father_s-Day-Custom-Golf-Shirt1-Copy.jpg?v=1710593524,,,7.90371E+12,,,,,,6,Style,All-over Print Polo Shirt,,1,,Size,3XL,,1,,,,,,,
,variation,,Custom Name Golf Vintage Style Gift For Golf Lovers Father's Day - Custom Golf Shirt,1,0,visible,,,,,taxable,parent,1,,,,0,,,,,0,,,42.95,,,,https://cdn.shopify.com/s/files/1/0626/0421/4428/products/Custom-Name-Golf-Vintage-Style-Gift-For-Golf-Lovers-Father_s-Day-Custom-Golf-Shirt1-Copy.jpg?v=1710593524,,,7.90371E+12,,,,,,7,Style,All-over Print Polo Shirt,,1,,Size,4XL,,1,,,,,,,
,variation,,Custom Name Golf Vintage Style Gift For Golf Lovers Father's Day - Custom Golf Shirt,1,0,visible,,,,,taxable,parent,1,,,,0,,,,,0,,,42.95,,,,https://cdn.shopify.com/s/files/1/0626/0421/4428/products/Custom-Name-Golf-Vintage-Style-Gift-For-Golf-Lovers-Father_s-Day-Custom-Golf-Shirt1-Copy.jpg?v=1710593524,,,7.90371E+12,,,,,,8,Style,All-over Print Polo Shirt,,1,,Size,5XL,,1,,,,,,,
,variable,,American Flag Vintage Style Gift For Golf Lovers - Custom Golf Shirt,1,0,visible,,"<div data-id=""07918756694720521"">
<div data-id=""07918756694720521"">
<div data-id=""07918756694720521"">
<div data-block-id=""block-75b37e0f-bdf4-4222-93a2-33cba27c8b52"">
<div data-block-id=""block-7c6e9a7e-f4b9-447a-a1fd-b1664992b1ac"" data-mce-fragment=""1"">
<div data-block-id=""block-b9605d8a-252d-4558-850f-1e123cb90be1"">
<div data-block-id=""block-9d14a48a-e444-4a73-bc49-d14ef0813b99"">
<div data-block-id=""block-b2a93716-ac2d-43fc-bac3-d4f28f5ebcea"">
<div data-block-id=""block-531f25f6-8aab-49c5-8f92-df38f15bfd0c"">
<div data-block-id=""block-da104865-b071-4cf1-9e05-b7f8fb879e07"">
<div data-block-id=""block-9f9f2582-304c-484d-b027-ad9d6792a4b9"">
<div data-block-id=""block-af00d9de-b0aa-4ea5-a3cb-cc2ce4674d4f"">
<div data-line=""true"" data-line-index=""0"" data-zone-id=""0"">
<div data-line=""true"" data-line-index=""0"" data-zone-id=""0"">
<div data-line=""true"" data-line-index=""0"" data-zone-id=""0"">Introducing our Custom Golf Shirt, a stylish and patriotic tribute to the avid golfers in your life. Crafted with precision and pride, this shirt features a dynamic American flag pattern that embodies the spirit of red, white, and blue. Personalize it with the golfer's name, adding a touch of individuality to their on-course ensemble.</div>
<div data-line=""true"" data-line-index=""1"" data-zone-id=""0"">Perfect for golf lovers of all skill levels, this custom shirt is more than just apparel; it's a statement of passion for both the game and the nation. Whether they're hitting the links with friends or participating in a tournament, this shirt ensures they stand out with style and pride.</div>
<div data-line=""true"" data-line-index=""2"" data-zone-id=""0"">Imagine the delight on their face as they unwrap a gift that perfectly combines their love for golf and their patriotic spirit. Elevate their golfing experience with this thoughtful and customized shirt, a testament to their dedication to the game and their country.<br><br>
</div>
</div>
</div>
</div>
</div>
</div>
</div>
</div>
</div>
</div>
</div>
</div>
<p data-mce-style=""text-align: left;""><strong>PRODUCT DETAILS:</strong><br><br></p>
</div>
</div>
</div>
<div data-id=""07918756694720521"">
<div data-id=""07918756694720521"">
<ul>
<li>Material: Bird-eye pique fabric with 3-5% Spandex – Lightweight, breathable, moisture-wicking, stretchable quick-drying fabric that is comfortable to wear as a casual or activewear outfit.</li>
<li>Regular fit allows you to move freely and conveniently.</li>
<li>Pull-on closure with 3-button placket – Classic Polo style yet comfortable to put on and take off.</li>
<li>Double-stitch hems for durability.</li>
<li>Sublimation printing creates vibrant and clear prints on the fabric which won’t come off.</li>
</ul>
</div>
</div>
<div data-id=""07918756694720521"">
<ul></ul>
<br>
</div>
<style type=""text/css""><!--
br {mso-data-placement:same-cell;}
--></style>
<style type=""text/css""><!--
br {mso-data-placement:same-cell;}
--></style>
<style type=""text/css""><!--
br {mso-data-placement:same-cell;}
--></style>",,,taxable,,1,,,0,0,,,,,1,,,,Polo Shirt,,,"https://cdn.shopify.com/s/files/1/0626/0421/4428/products/American-Flag-Vintage-Style-Gift-For-Golf-Lovers-Custom-Golf-Shirt_1.png?v=1710593497,https://cdn.shopify.com/s/files/1/0626/0421/4428/products/American-Flag-Vintage-Style-Gift-For-Golf-Lovers-Custom-Golf-Shirt_2.png?v=1710593498,https://cdn.shopify.com/s/files/1/0626/0421/4428/products/American-Flag-Vintage-Style-Gift-For-Golf-Lovers-Custom-Golf-Shirt_3.png?v=1710593498,https://cdn.shopify.com/s/files/1/0626/0421/4428/products/American-Flag-Vintage-Style-Gift-For-Golf-Lovers-Custom-Golf-Shirt_4.png?v=1710593498,https://cdn.shopify.com/s/files/1/0626/0421/4428/products/American-Flag-Vintage-Style-Gift-For-Golf-Lovers-Custom-Golf-Shirt_5.png?v=1710593498,https://cdn.shopify.com/s/files/1/0626/0421/4428/products/American-Flag-Vintage-Style-Gift-For-Golf-Lovers-Custom-Golf-Shirt_6.png?v=1710593498",,,,,,,,,0,Style,All-over Print Polo Shirt,0,1,All-over Print Polo Shirt,Size,"S,M,L,XL,2XL,3XL,4XL,5XL",0,1,S,,,,,,
,variation,,American Flag Vintage Style Gift For Golf Lovers - Custom Golf Shirt,1,0,visible,,,,,taxable,parent,1,,,,0,,,,,0,,,32.95,,,,https://cdn.shopify.com/s/files/1/0626/0421/4428/products/American-Flag-Vintage-Style-Gift-For-Golf-Lovers-Custom-Golf-Shirt_1.png?v=1710593497,,,7.9037E+12,,,,,,1,Style,All-over Print Polo Shirt,,1,,Size,S,,1,,,,,,,
,variation,,American Flag Vintage Style Gift For Golf Lovers - Custom Golf Shirt,1,0,visible,,,,,taxable,parent,1,,,,0,,,,,0,,,34.95,,,,https://cdn.shopify.com/s/files/1/0626/0421/4428/products/American-Flag-Vintage-Style-Gift-For-Golf-Lovers-Custom-Golf-Shirt_1.png?v=1710593497,,,7.9037E+12,,,,,,2,Style,All-over Print Polo Shirt,,1,,Size,M,,1,,,,,,,
,variation,,American Flag Vintage Style Gift For Golf Lovers - Custom Golf Shirt,1,0,visible,,,,,taxable,parent,1,,,,0,,,,,0,,,36.95,,,,https://cdn.shopify.com/s/files/1/0626/0421/4428/products/American-Flag-Vintage-Style-Gift-For-Golf-Lovers-Custom-Golf-Shirt_1.png?v=1710593497,,,7.9037E+12,,,,,,3,Style,All-over Print Polo Shirt,,1,,Size,L,,1,,,,,,,
,variation,,American Flag Vintage Style Gift For Golf Lovers - Custom Golf Shirt,1,0,visible,,,,,taxable,parent,1,,,,0,,,,,0,,,38.95,,,,https://cdn.shopify.com/s/files/1/0626/0421/4428/products/American-Flag-Vintage-Style-Gift-For-Golf-Lovers-Custom-Golf-Shirt_1.png?v=1710593497,,,7.9037E+12,,,,,,4,Style,All-over Print Polo Shirt,,1,,Size,XL,,1,,,,,,,
,variation,,American Flag Vintage Style Gift For Golf Lovers - Custom Golf Shirt,1,0,visible,,,,,taxable,parent,1,,,,0,,,,,0,,,38.95,,,,https://cdn.shopify.com/s/files/1/0626/0421/4428/products/American-Flag-Vintage-Style-Gift-For-Golf-Lovers-Custom-Golf-Shirt_1.png?v=1710593497,,,7.9037E+12,,,,,,5,Style,All-over Print Polo Shirt,,1,,Size,2XL,,1,,,,,,,
,variation,,American Flag Vintage Style Gift For Golf Lovers - Custom Golf Shirt,1,0,visible,,,,,taxable,parent,1,,,,0,,,,,0,,,40.95,,,,https://cdn.shopify.com/s/files/1/0626/0421/4428/products/American-Flag-Vintage-Style-Gift-For-Golf-Lovers-Custom-Golf-Shirt_1.png?v=1710593497,,,7.9037E+12,,,,,,6,Style,All-over Print Polo Shirt,,1,,Size,3XL,,1,,,,,,,
,variation,,American Flag Vintage Style Gift For Golf Lovers - Custom Golf Shirt,1,0,visible,,,,,taxable,parent,1,,,,0,,,,,0,,,42.95,,,,https://cdn.shopify.com/s/files/1/0626/0421/4428/products/American-Flag-Vintage-Style-Gift-For-Golf-Lovers-Custom-Golf-Shirt_1.png?v=1710593497,,,7.9037E+12,,,,,,7,Style,All-over Print Polo Shirt,,1,,Size,4XL,,1,,,,,,,
,variation,,American Flag Vintage Style Gift For Golf Lovers - Custom Golf Shirt,1,0,visible,,,,,taxable,parent,1,,,,0,,,,,0,,,42.95,,,,https://cdn.shopify.com/s/files/1/0626/0421/4428/products/American-Flag-Vintage-Style-Gift-For-Golf-Lovers-Custom-Golf-Shirt_1.png?v=1710593497,,,7.9037E+12,,,,,,8,Style,All-over Print Polo Shirt,,1,,Size,5XL,,1,,,,,,,
,variable,,Dope Black Dad - Personalized Polo Shirt,1,0,visible,,"<div data-id=""07918756694720521"">
<div data-id=""07918756694720521"">
<div data-id=""07918756694720521"">
<div data-block-id=""block-75b37e0f-bdf4-4222-93a2-33cba27c8b52"">
<div data-block-id=""block-7c6e9a7e-f4b9-447a-a1fd-b1664992b1ac"" data-mce-fragment=""1"">
<div data-block-id=""block-b9605d8a-252d-4558-850f-1e123cb90be1"">
<div data-block-id=""block-9d14a48a-e444-4a73-bc49-d14ef0813b99"">
<div data-block-id=""block-b2a93716-ac2d-43fc-bac3-d4f28f5ebcea"">
<div data-block-id=""block-531f25f6-8aab-49c5-8f92-df38f15bfd0c"">
<div data-block-id=""block-da104865-b071-4cf1-9e05-b7f8fb879e07"">
<div data-block-id=""block-9f9f2582-304c-484d-b027-ad9d6792a4b9"">
<div data-block-id=""block-af00d9de-b0aa-4ea5-a3cb-cc2ce4674d4f"">
<div data-line=""true"" data-line-index=""0"" data-zone-id=""0"">
<div data-line=""true"" data-line-index=""0"" data-zone-id=""0"">
<div data-line=""true"" data-line-index=""0"" data-zone-id=""0"">
<div data-line=""true"" data-line-index=""0"" data-zone-id=""0"">
<div data-line=""true"" data-line-index=""0"" data-zone-id=""0"">The Personalized Polo Shirt, labeled ""Dope Black Dad,"" is a stylish and meaningful Father's Day gift created specifically for dads, fathers, and black dads. This polo shirt serves as a fashionable and personalized expression of appreciation and recognition. With its unique design, it becomes a proud statement, allowing the wearer to showcase their identity and celebrate fatherhood with a touch of style. This gift is a thoughtful way to honor and acknowledge the importance of being a dad, particularly within the black community.</div>
</div>
</div>
<div data-line=""true"" data-line-index=""2"" data-zone-id=""0"">
<br><strong>MESSAGE</strong>:  Dope black dad.<br><br>
</div>
</div>
</div>
</div>
</div>
</div>
</div>
</div>
</div>
</div>
</div>
</div>
<p data-mce-style=""text-align: left;""><strong>PRODUCT DETAILS:</strong><br><br></p>
</div>
</div>
</div>
<div data-id=""07918756694720521"">
<div data-id=""07918756694720521"">
<ul>
<li>Material: Bird-eye pique fabric with 3-5% Spandex – Lightweight, breathable, moisture-wicking, stretchable quick-drying fabric that is comfortable to wear as a casual or activewear outfit.</li>
<li>Regular fit allows you to move freely and conveniently.</li>
<li>Pull-on closure with 3-button placket – Classic Polo style yet comfortable to put on and take off.</li>
<li>Double-stitch hems for durability.</li>
<li>Sublimation printing creates vibrant and clear prints on the fabric which won’t come off.</li>
</ul>
</div>
</div>
<div data-id=""07918756694720521"">
<ul></ul>
<br>
</div>
<style type=""text/css""><!--
br {mso-data-placement:same-cell;}
--></style>
<style type=""text/css""><!--
br {mso-data-placement:same-cell;}
--></style>
<style type=""text/css""><!--
br {mso-data-placement:same-cell;}
--></style>",,,taxable,,1,,,0,0,,,,,1,,,,Polo Shirt,,,"https://cdn.shopify.com/s/files/1/0626/0421/4428/products/Dope-Black-Dad-Personalized-Polo-Shirt_1.jpg?v=1710593464,https://cdn.shopify.com/s/files/1/0626/0421/4428/products/Dope-Black-Dad-Personalized-Polo-Shirt_2.jpg?v=1710593464,https://cdn.shopify.com/s/files/1/0626/0421/4428/products/Dope-Black-Dad-Personalized-Polo-Shirt_3.jpg?v=1710593464,https://cdn.shopify.com/s/files/1/0626/0421/4428/products/Dope-Black-Dad-Personalized-Polo-Shirt_4.jpg?v=1710593464,https://cdn.shopify.com/s/files/1/0626/0421/4428/products/Dope-Black-Dad-Personalized-Polo-Shirt_5.jpg?v=1710593464,https://cdn.shopify.com/s/files/1/0626/0421/4428/products/Dope-Black-Dad-Personalized-Polo-Shirt_6.jpg?v=1710593464",,,,,,,,,0,Style,All-over Print Polo Shirt,0,1,All-over Print Polo Shirt,Size,"S,M,L,XL,2XL,3XL,4XL,5XL",0,1,S,,,,,,
,variation,,Dope Black Dad - Personalized Polo Shirt,1,0,visible,,,,,taxable,parent,1,,,,0,,,,,0,,,32.95,,,,https://cdn.shopify.com/s/files/1/0626/0421/4428/products/Dope-Black-Dad-Personalized-Polo-Shirt_1.jpg?v=1710593464,,,7.9037E+12,,,,,,1,Style,All-over Print Polo Shirt,,1,,Size,S,,1,,,,,,,
,variation,,Dope Black Dad - Personalized Polo Shirt,1,0,visible,,,,,taxable,parent,1,,,,0,,,,,0,,,34.95,,,,https://cdn.shopify.com/s/files/1/0626/0421/4428/products/Dope-Black-Dad-Personalized-Polo-Shirt_1.jpg?v=1710593464,,,7.9037E+12,,,,,,2,Style,All-over Print Polo Shirt,,1,,Size,M,,1,,,,,,,
,variation,,Dope Black Dad - Personalized Polo Shirt,1,0,visible,,,,,taxable,parent,1,,,,0,,,,,0,,,36.95,,,,https://cdn.shopify.com/s/files/1/0626/0421/4428/products/Dope-Black-Dad-Personalized-Polo-Shirt_1.jpg?v=1710593464,,,7.9037E+12,,,,,,3,Style,All-over Print Polo Shirt,,1,,Size,L,,1,,,,,,,
,variation,,Dope Black Dad - Personalized Polo Shirt,1,0,visible,,,,,taxable,parent,1,,,,0,,,,,0,,,38.95,,,,https://cdn.shopify.com/s/files/1/0626/0421/4428/products/Dope-Black-Dad-Personalized-Polo-Shirt_1.jpg?v=1710593464,,,7.9037E+12,,,,,,4,Style,All-over Print Polo Shirt,,1,,Size,XL,,1,,,,,,,
,variation,,Dope Black Dad - Personalized Polo Shirt,1,0,visible,,,,,taxable,parent,1,,,,0,,,,,0,,,38.95,,,,https://cdn.shopify.com/s/files/1/0626/0421/4428/products/Dope-Black-Dad-Personalized-Polo-Shirt_1.jpg?v=1710593464,,,7.9037E+12,,,,,,5,Style,All-over Print Polo Shirt,,1,,Size,2XL,,1,,,,,,,
,variation,,Dope Black Dad - Personalized Polo Shirt,1,0,visible,,,,,taxable,parent,1,,,,0,,,,,0,,,40.95,,,,https://cdn.shopify.com/s/files/1/0626/0421/4428/products/Dope-Black-Dad-Personalized-Polo-Shirt_1.jpg?v=1710593464,,,7.9037E+12,,,,,,6,Style,All-over Print Polo Shirt,,1,,Size,3XL,,1,,,,,,,
,variation,,Dope Black Dad - Personalized Polo Shirt,1,0,visible,,,,,taxable,parent,1,,,,0,,,,,0,,,42.95,,,,https://cdn.shopify.com/s/files/1/0626/0421/4428/products/Dope-Black-Dad-Personalized-Polo-Shirt_1.jpg?v=1710593464,,,7.9037E+12,,,,,,7,Style,All-over Print Polo Shirt,,1,,Size,4XL,,1,,,,,,,
,variation,,Dope Black Dad - Personalized Polo Shirt,1,0,visible,,,,,taxable,parent,1,,,,0,,,,,0,,,42.95,,,,https://cdn.shopify.com/s/files/1/0626/0421/4428/products/Dope-Black-Dad-Personalized-Polo-Shirt_1.jpg?v=1710593464,,,7.9037E+12,,,,,,8,Style,All-over Print Polo Shirt,,1,,Size,5XL,,1,,,,,,,
,variable,,Custom Your Own Polo Shirt With Pet Photo Over 200 Combinations,1,0,visible,,"<h1>Unleash the WOW: Their Pet Face on a Polo Shirt, Prepare for Epic Reactions!</h1><ul>
<li><p>Pet-Inspired Elegance: Elevate your style with our Custom Polo Shirt adorned with a cherished photo of your furry companion.</p></li>
<li><p>Premium Polyester: Crafted from high-quality polyester, our shirt ensures a comfortable fit while retaining its vibrant colors and shape.</p></li>
<li><p>Uniquely Yours: Personalize your polo shirt with your pet's photo, creating a one-of-a-kind fashion statement that showcases your bond.</p></li>
<li><p>Sleek and Stylish: Our custom polo seamlessly blends fashion and sentimentality, making it suitable for both casual and semi-formal occasions.</p></li>
<li><p>Durability and Comfort: Experience the softness and durability of polyester fabric while flaunting your pet's charm in every step you take.</p></li>
</ul>",,,taxable,,1,,,0,0,,,,,1,,,,Polo Shirt,,,"https://cdn.shopify.com/s/files/1/0291/0214/5580/products/64dafaee0491a.webp?v=1693587911,https://cdn.shopify.com/s/files/1/0291/0214/5580/products/64dafaedd5e08.webp?v=1693587911,https://cdn.shopify.com/s/files/1/0291/0214/5580/products/64dafb3db4400.webp?v=1693587910,https://cdn.shopify.com/s/files/1/0291/0214/5580/products/64dafb37b2e01.webp?v=1693587911,https://cdn.shopify.com/s/files/1/0291/0214/5580/products/64dafb318c33c.webp?v=1693587910",,,,,,,,,0,Available Product,Polo Shirt,0,1,Polo Shirt,Color,All Over Print,0,1,All Over Print,Size,"S,M,L,XL,2XL,3XL,4XL,5XL",0,1,S,
,variation,,Custom Your Own Polo Shirt With Pet Photo Over 200 Combinations,1,0,visible,,,,,taxable,parent,1,,,,0,,,,,0,,,45.95,,,,https://cdn.shopify.com/s/files/1/0291/0214/5580/products/64dafaee0491a.webp?v=1693587911,,,8.17476E+12,,,,,,1,Available Product,Polo Shirt,,1,,Color,All Over Print,,1,,Size,S,,1,,
,variation,,Custom Your Own Polo Shirt With Pet Photo Over 200 Combinations,1,0,visible,,,,,taxable,parent,1,,,,0,,,,,0,,,45.95,,,,https://cdn.shopify.com/s/files/1/0291/0214/5580/products/64dafaee0491a.webp?v=1693587911,,,8.17476E+12,,,,,,2,Available Product,Polo Shirt,,1,,Color,All Over Print,,1,,Size,M,,1,,
,variation,,Custom Your Own Polo Shirt With Pet Photo Over 200 Combinations,1,0,visible,,,,,taxable,parent,1,,,,0,,,,,0,,,46.95,,,,https://cdn.shopify.com/s/files/1/0291/0214/5580/products/64dafaee0491a.webp?v=1693587911,,,8.17476E+12,,,,,,3,Available Product,Polo Shirt,,1,,Color,All Over Print,,1,,Size,L,,1,,
,variation,,Custom Your Own Polo Shirt With Pet Photo Over 200 Combinations,1,0,visible,,,,,taxable,parent,1,,,,0,,,,,0,,,46.95,,,,https://cdn.shopify.com/s/files/1/0291/0214/5580/products/64dafaee0491a.webp?v=1693587911,,,8.17476E+12,,,,,,4,Available Product,Polo Shirt,,1,,Color,All Over Print,,1,,Size,XL,,1,,
,variation,,Custom Your Own Polo Shirt With Pet Photo Over 200 Combinations,1,0,visible,,,,,taxable,parent,1,,,,0,,,,,0,,,48.95,,,,https://cdn.shopify.com/s/files/1/0291/0214/5580/products/64dafaee0491a.webp?v=1693587911,,,8.17476E+12,,,,,,5,Available Product,Polo Shirt,,1,,Color,All Over Print,,1,,Size,2XL,,1,,
,variation,,Custom Your Own Polo Shirt With Pet Photo Over 200 Combinations,1,0,visible,,,,,taxable,parent,1,,,,0,,,,,0,,,48.95,,,,https://cdn.shopify.com/s/files/1/0291/0214/5580/products/64dafaee0491a.webp?v=1693587911,,,8.17476E+12,,,,,,6,Available Product,Polo Shirt,,1,,Color,All Over Print,,1,,Size,3XL,,1,,
,variation,,Custom Your Own Polo Shirt With Pet Photo Over 200 Combinations,1,0,visible,,,,,taxable,parent,1,,,,0,,,,,0,,,49.95,,,,https://cdn.shopify.com/s/files/1/0291/0214/5580/products/64dafaee0491a.webp?v=1693587911,,,8.17476E+12,,,,,,7,Available Product,Polo Shirt,,1,,Color,All Over Print,,1,,Size,4XL,,1,,
,variation,,Custom Your Own Polo Shirt With Pet Photo Over 200 Combinations,1,0,visible,,,,,taxable,parent,1,,,,0,,,,,0,,,49.95,,,,https://cdn.shopify.com/s/files/1/0291/0214/5580/products/64dafaee0491a.webp?v=1693587911,,,8.17476E+12,,,,,,8,Available Product,Polo Shirt,,1,,Color,All Over Print,,1,,Size,5XL,,1,,
,variable,,Custom Polo Shirt With Dog Face | Personalized Gift For Dog Dad | Summer Flower Pattern Men Polo Shirt,1,0,visible,,"<div data-mce-fragment=""1"">
<h2 data-mce-fragment=""1"">HOW TO ORDER:</h2>
<div data-mce-fragment=""1"">1. Choose the size from the drop-down menu</div>
<div data-mce-fragment=""1"">2. Upload the photo of your pet</div>
<div data-mce-fragment=""1"">3.<meta charset=""utf-8""> <span data-mce-fragment=""1"">Click on 'Add To Cart</span>
</div>
<div data-mce-fragment=""1"">4. Add your delivery address and bank details</div>
<div data-mce-fragment=""1"">5. And that's it!</div>
<div data-mce-fragment=""1""><b data-mce-fragment=""1"">NOTE: BUY 2 OR MORE TO SAVE YOUR SHIPPING COST !!!</b></div>
<div data-mce-fragment=""1""><b data-mce-fragment=""1""></b></div>
</div>
<div data-mce-fragment=""1"">
<div data-mce-fragment=""1"">
<h2 data-mce-fragment=""1""><strong data-mce-fragment=""1"">SIZING GUIDE</strong></h2>
</div>
</div>
<style type=""text/css""><!--
td {border: 1px solid #ccc;}br {mso-data-placement:same-cell;}
--></style>
<style type=""text/css""><!--
td {border: 1px solid #ccc;}br {mso-data-placement:same-cell;}
--></style>
<div data-mce-fragment=""1"">
<table border=""1"" dir=""ltr"" cellpadding=""0"" cellspacing=""0"" xmlns=""http://www.w3.org/1999/xhtml"">
<colgroup> <col width=""100""> <col width=""100""> <col width=""100""> <col width=""100""> <col width=""100""> <col width=""100""> <col width=""100""> <col width=""100""> <col width=""100""> </colgroup>
<tbody>
<tr>
<td data-sheets-value='{""1"":2,""2"":""inch""}'>inch</td>
<td data-sheets-value='{""1"":2,""2"":""S""}'>S</td>
<td data-sheets-value='{""1"":2,""2"":""M""}'>M</td>
<td data-sheets-value='{""1"":2,""2"":""L""}'>L</td>
<td data-sheets-value='{""1"":2,""2"":""XL""}'>XL</td>
<td data-sheets-value='{""1"":2,""2"":""2XL""}'>2XL</td>
<td data-sheets-value='{""1"":2,""2"":""3XL""}'>3XL</td>
<td data-sheets-value='{""1"":2,""2"":""4XL""}'>4XL</td>
<td data-sheets-value='{""1"":2,""2"":""5XL""}'>5XL</td>
</tr>
<tr>
<td data-sheets-value='{""1"":2,""2"":""Length""}'>Length</td>
<td data-sheets-numberformat='{""1"":5,""2"":""d.m"",""3"":1}' data-sheets-value='{""1"":3,""3"":44619}'>27.2</td>
<td data-sheets-numberformat='{""1"":5,""2"":""d.m"",""3"":1}' data-sheets-value='{""1"":3,""3"":44648}'>28.3</td>
<td data-sheets-numberformat='{""1"":5,""2"":""d.m"",""3"":1}' data-sheets-value='{""1"":3,""3"":44590}'>29.1</td>
<td data-sheets-numberformat='{""1"":5,""2"":""d.m"",""3"":1}' data-sheets-value='{""1"":3,""3"":44650}'>30.3</td>
<td data-sheets-numberformat='{""1"":5,""2"":""d.m"",""3"":1}' data-sheets-value='{""1"":3,""3"":44592}'>31.1</td>
<td data-sheets-value='{""1"":2,""2"":""32.3""}'>32.3</td>
<td data-sheets-value='{""1"":2,""2"":""33.1""}'>33.1</td>
<td data-sheets-value='{""1"":2,""2"":""34.3""}'>34.3</td>
</tr>
<tr>
<td data-sheets-value='{""1"":2,""2"":""Bust""}'>Bust</td>
<td data-sheets-value='{""1"":2,""2"":""34.6""}'>34.6</td>
<td data-sheets-value='{""1"":2,""2"":""38.6""}'>38.6</td>
<td data-sheets-value='{""1"":2,""2"":""42.5""}'>42.5</td>
<td data-sheets-value='{""1"":2,""2"":""46.5""}'>46.5</td>
<td data-sheets-value='{""1"":2,""2"":""50.4""}'>50.4</td>
<td data-sheets-value='{""1"":2,""2"":""54.3""}'>54.3</td>
<td data-sheets-value='{""1"":2,""2"":""58.3""}'>58.3</td>
<td data-sheets-value='{""1"":2,""2"":""62.2""}'>62.2</td>
</tr>
<tr>
<td data-sheets-value='{""1"":2,""2"":""Sleeve""}'>Sleeve</td>
<td data-sheets-numberformat='{""1"":5,""2"":""d.m"",""3"":1}' data-sheets-value='{""1"":3,""3"":44664}'>13.4</td>
<td data-sheets-numberformat='{""1"":5,""2"":""d.m"",""3"":1}' data-sheets-value='{""1"":3,""3"":44606}'>14.2</td>
<td data-sheets-value='{""1"":2,""2"":""15.0""}'>15.0</td>
<td data-sheets-numberformat='{""1"":5,""2"":""d.m"",""3"":1}' data-sheets-value='{""1"":3,""3"":44757}'>15.7</td>
<td data-sheets-numberformat='{""1"":5,""2"":""d.m"",""3"":1}' data-sheets-value='{""1"":3,""3"":44697}'>16.5</td>
<td data-sheets-numberformat='{""1"":5,""2"":""d.m"",""3"":1}' data-sheets-value='{""1"":3,""3"":44637}'>17.3</td>
<td data-sheets-numberformat='{""1"":5,""2"":""d.m"",""3"":1}' data-sheets-value='{""1"":3,""3"":44579}'>18.1</td>
<td data-sheets-numberformat='{""1"":5,""2"":""d.m"",""3"":1}' data-sheets-value='{""1"":3,""3"":44822}'>18.9</td>
</tr>
<tr>
<td></td>
<td></td>
<td></td>
<td></td>
<td></td>
<td></td>
<td></td>
<td></td>
<td></td>
</tr>
<tr>
<td data-sheets-value='{""1"":2,""2"":""centimeter""}'>centimeter</td>
<td data-sheets-value='{""1"":2,""2"":""S""}'>S</td>
<td data-sheets-value='{""1"":2,""2"":""M""}'>M</td>
<td data-sheets-value='{""1"":2,""2"":""L""}'>L</td>
<td data-sheets-value='{""1"":2,""2"":""XL""}'>XL</td>
<td data-sheets-value='{""1"":2,""2"":""2XL""}'>2XL</td>
<td data-sheets-value='{""1"":2,""2"":""3XL""}'>3XL</td>
<td data-sheets-value='{""1"":2,""2"":""4XL""}'>4XL</td>
<td data-sheets-value='{""1"":2,""2"":""5XL""}'>5XL</td>
</tr>
<tr>
<td data-sheets-value='{""1"":2,""2"":""Length""}'>Length</td>
<td data-sheets-value='{""1"":2,""2"":""69.0""}'>69.0</td>
<td data-sheets-value='{""1"":2,""2"":""72.0""}'>72.0</td>
<td data-sheets-value='{""1"":2,""2"":""74.0""}'>74.0</td>
<td data-sheets-value='{""1"":2,""2"":""77.0""}'>77.0</td>
<td data-sheets-value='{""1"":2,""2"":""79.0""}'>79.0</td>
<td data-sheets-value='{""1"":2,""2"":""82.0""}'>82.0</td>
<td data-sheets-value='{""1"":2,""2"":""84.0""}'>84.0</td>
<td data-sheets-value='{""1"":2,""2"":""87.0""}'>87.0</td>
</tr>
<tr>
<td data-sheets-value='{""1"":2,""2"":""Bust""}'>Bust</td>
<td data-sheets-value='{""1"":2,""2"":""88.0""}'>88.0</td>
<td data-sheets-value='{""1"":2,""2"":""98.0""}'>98.0</td>
<td data-sheets-value='{""1"":2,""2"":""108.0""}'>108.0</td>
<td data-sheets-value='{""1"":2,""2"":""118.0""}'>118.0</td>
<td data-sheets-value='{""1"":2,""2"":""128.0""}'>128.0</td>
<td data-sheets-value='{""1"":2,""2"":""138.0""}'>138.0</td>
<td data-sheets-value='{""1"":2,""2"":""148.0""}'>148.0</td>
<td data-sheets-value='{""1"":2,""2"":""158.0""}'>158.0</td>
</tr>
<tr>
<td data-sheets-value='{""1"":2,""2"":""Sleeve""}'>Sleeve</td>
<td data-sheets-value='{""1"":2,""2"":""34.0""}'>34.0</td>
<td data-sheets-value='{""1"":2,""2"":""36.0""}'>36.0</td>
<td data-sheets-value='{""1"":2,""2"":""38.0""}'>38.0</td>
<td data-sheets-value='{""1"":2,""2"":""40.0""}'>40.0</td>
<td data-sheets-value='{""1"":2,""2"":""42.0""}'>42.0</td>
<td data-sheets-value='{""1"":2,""2"":""44.0""}'>44.0</td>
<td data-sheets-value='{""1"":2,""2"":""46.0""}'>46.0</td>
<td data-sheets-value='{""1"":2,""2"":""48.0""}'>48.0</td>
</tr>
</tbody>
</table>
<br>
<p><b data-mce-fragment=""1"">Note:<span> </span></b><strong>Actual product measurements may vary by up to 1 inch (3cm)</strong></p>
</div>
<h2 data-mce-fragment=""1""><b data-mce-fragment=""1"">CARE INSTRUCTIONS</b></h2>
<div data-mce-fragment=""1"">All Noble Pawtrait Clothing – Machine wash in cold water. Mild detergent is safe to use. Do not bleach. Tumble dry.</div>
<div data-mce-fragment=""1""><br data-mce-fragment=""1""></div>
<meta charset=""utf-8""><span data-mce-fragment=""1""></span><span data-mce-fragment=""1""></span><span data-mce-fragment=""1""></span><span data-mce-fragment=""1""></span>
<h2 data-mce-fragment=""1""><b data-mce-fragment=""1"">PRODUCT DETAILS </b></h2>
<p data-mce-fragment=""1"">The Polo shirt is made with <span data-mce-fragment=""1"">100% Polyester</span> that is perfect for printing, the shirt color is vibrant and bright with eye-catching designs. The custom all-over print shirt will make you look so good. Go to beaches in comfort and grab public attention impressively.</p>
<meta charset=""utf-8""><span data-mce-fragment=""1""></span><span data-mce-fragment=""1""></span><span data-mce-fragment=""1""></span><span data-mce-fragment=""1""></span>
<div data-reactid='.1agge3towpi.7.0.${""splat""=2""-/-"",""tagSlug""=2""Aquatic &amp; Land"",""campaignUrl""=2""turtle-sweet-soul""}.0.0.2.3.1.h.2.0' class=""px-1 py-1 lg:px-0 fs-lg flex items-center bc-grey-200"" data-mce-fragment=""1"">
<h2 data-reactid='.1agge3towpi.7.0.${""splat""=2""-/-"",""tagSlug""=2""Aquatic &amp; Land"",""campaignUrl""=2""turtle-sweet-soul""}.0.0.2.3.1.h.2.0.0' class=""flex-grow fw-bold color-black"" data-mce-fragment=""1""><span data-reactid='.1agge3towpi.7.0.${""splat""=2""-/-"",""tagSlug""=2""Aquatic &amp; Land"",""campaignUrl""=2""turtle-sweet-soul""}.0.0.2.3.1.h.2.0.0.0' class=""capitalize"" data-mce-fragment=""1""><span data-reactid='.1agge3towpi.7.0.${""splat""=2""-/-"",""tagSlug""=2""Aquatic &amp; Land"",""campaignUrl""=2""turtle-sweet-soul""}.0.0.2.3.1.h.2.0.0.0.0' data-mce-fragment=""1"">SHIPPING INFO</span></span></h2>
</div>
<div data-reactid='.1agge3towpi.7.0.${""splat""=2""-/-"",""tagSlug""=2""Aquatic &amp; Land"",""campaignUrl""=2""turtle-sweet-soul""}.0.0.2.3.1.h.2.1' class=""px-1 pb-1 lg:px-0 bgc-white"" data-mce-fragment=""1"">
<div data-reactid='.1agge3towpi.7.0.${""splat""=2""-/-"",""tagSlug""=2""Aquatic &amp; Land"",""campaignUrl""=2""turtle-sweet-soul""}.0.0.2.3.1.h.2.1.0' data-mce-fragment=""1"">
<p data-mce-fragment=""1""><span class=""emoji"" data-mce-fragment=""1"">📦 US, Canada, and Europe </span><span data-reactid='.1agge3towpi.7.0.${""splat""=2""-/-"",""tagSlug""=2""Aquatic &amp; Land"",""campaignUrl""=2""turtle-sweet-soul""}.0.0.2.3.1.h.2.1.0.0.0' data-mce-fragment=""1"">Orders ship within 10 to 15 business days (delaying time can be 15-21 business days due to Covid-19). </span>Up to 30 working days transit time for rest of world.</p>
</div>
<div data-reactid='.1agge3towpi.7.0.${""splat""=2""-/-"",""tagSlug""=2""Aquatic &amp; Land"",""campaignUrl""=2""turtle-sweet-soul""}.0.0.2.3.1.h.2.1.2' class=""mb-1"" data-mce-fragment=""1"">
<span data-reactid='.1agge3towpi.7.0.${""splat""=2""-/-"",""tagSlug""=2""Aquatic &amp; Land"",""campaignUrl""=2""turtle-sweet-soul""}.0.0.2.3.1.h.2.1.2.0' data-mce-fragment=""1"">📦 For more details about our shipping rates, please visit </span><a href=""https://noblepawtrait.com/pages/faq"" data-mce-fragment=""1"" data-mce-href=""https://noblepawtrait.com/pages/faq""><span data-reactid='.1agge3towpi.7.0.${""splat""=2""-/-"",""tagSlug""=2""Aquatic &amp; Land"",""campaignUrl""=2""turtle-sweet-soul""}.0.0.2.3.1.h.2.1.2.1.0' data-mce-fragment=""1"">here</span></a>
</div>
<div data-reactid='.1agge3towpi.7.0.${""splat""=2""-/-"",""tagSlug""=2""Aquatic &amp; Land"",""campaignUrl""=2""turtle-sweet-soul""}.0.0.2.3.1.h.2.1.2' class=""mb-1"" data-mce-fragment=""1"">
<span data-reactid='.1agge3towpi.7.0.${""splat""=2""-/-"",""tagSlug""=2""Aquatic &amp; Land"",""campaignUrl""=2""turtle-sweet-soul""}.0.0.2.3.1.h.2.1.2.1.0' data-mce-fragment=""1""></span><br data-mce-fragment=""1"">
</div>
<div data-reactid='.1agge3towpi.7.0.${""splat""=2""-/-"",""tagSlug""=2""Aquatic &amp; Land"",""campaignUrl""=2""turtle-sweet-soul""}.0.0.2.3.1.h.2.1.2' class=""mb-1"" data-mce-fragment=""1"">
<h2 data-reactid='.1agge3towpi.7.0.${""splat""=2""-/-"",""tagSlug""=2""Aquatic &amp; Land"",""campaignUrl""=2""turtle-sweet-soul""}.0.0.2.3.1.h.2.0.0' class=""flex-grow fw-bold color-black"" data-mce-fragment=""1""><span data-reactid='.1agge3towpi.7.0.${""splat""=2""-/-"",""tagSlug""=2""Aquatic &amp; Land"",""campaignUrl""=2""turtle-sweet-soul""}.0.0.2.3.1.h.2.0.0.0' class=""capitalize"" data-mce-fragment=""1""><span data-reactid='.1agge3towpi.7.0.${""splat""=2""-/-"",""tagSlug""=2""Aquatic &amp; Land"",""campaignUrl""=2""turtle-sweet-soul""}.0.0.2.3.1.h.2.0.0.0.0' data-mce-fragment=""1"">MORE QUESTION?</span></span></h2>
</div>
<div data-reactid='.1agge3towpi.7.0.${""splat""=2""-/-"",""tagSlug""=2""Aquatic &amp; Land"",""campaignUrl""=2""turtle-sweet-soul""}.0.0.2.3.1.h.2.1.2' class=""mb-1"" data-mce-fragment=""1"">Don't hesitate to contact us<span data-mce-fragment=""1""> </span><a href=""https://noblepawtrait.com/pages/contact-us"" data-mce-fragment=""1"" data-mce-href=""https://noblepawtrait.com/pages/contact-us"">here</a><span data-mce-fragment=""1""> </span>❤️</div>
<div data-reactid='.1agge3towpi.7.0.${""splat""=2""-/-"",""tagSlug""=2""Aquatic &amp; Land"",""campaignUrl""=2""turtle-sweet-soul""}.0.0.2.3.1.h.2.1.2' class=""mb-1"" data-mce-fragment=""1""><br data-mce-fragment=""1""></div>
</div>
<p data-mce-fragment=""1""><span data-mce-fragment=""1"">Join the growing family of Noble Pawtrait and before long, you’ll be enjoying side-splitting laughter at people’s reactions!</span></p>",,,taxable,,1,,,0,0,,,,,1,,,,Polo Shirt,,,"https://cdn.shopify.com/s/files/1/0291/0214/5580/products/Polo01mk1.jpg?v=1660713480,https://cdn.shopify.com/s/files/1/0291/0214/5580/products/Polo01mk3.jpg?v=1660713484,https://cdn.shopify.com/s/files/1/0291/0214/5580/products/Polo01mk2.jpg?v=1660713484,https://cdn.shopify.com/s/files/1/0291/0214/5580/products/Polo01mk4.jpg?v=1660713503",,,,,,,,,0,Size,"S,M,L,XL,2XL,3XL,4XL,5XL,6XL",0,1,S,Number Of Pets,"1,2,3,4,5",0,1,1,,,,,,
,variation,,Custom Polo Shirt With Dog Face | Personalized Gift For Dog Dad | Summer Flower Pattern Men Polo Shirt,1,0,visible,,,,,taxable,parent,1,,,,0,,,,,0,,,49.95,,,,,,,7.7603E+12,,,,,,1,Size,S,,1,,Number Of Pets,1,,1,,,,,,,
,variation,,Custom Polo Shirt With Dog Face | Personalized Gift For Dog Dad | Summer Flower Pattern Men Polo Shirt,1,0,visible,,,,,taxable,parent,1,,,,0,,,,,0,,,54.95,,,,,,,7.7603E+12,,,,,,2,Size,S,,1,,Number Of Pets,2,,1,,,,,,,
,variation,,Custom Polo Shirt With Dog Face | Personalized Gift For Dog Dad | Summer Flower Pattern Men Polo Shirt,1,0,visible,,,,,taxable,parent,1,,,,0,,,,,0,,,59.95,,,,,,,7.7603E+12,,,,,,3,Size,S,,1,,Number Of Pets,3,,1,,,,,,,
,variation,,Custom Polo Shirt With Dog Face | Personalized Gift For Dog Dad | Summer Flower Pattern Men Polo Shirt,1,0,visible,,,,,taxable,parent,1,,,,0,,,,,0,,,64.95,,,,,,,7.7603E+12,,,,,,4,Size,S,,1,,Number Of Pets,4,,1,,,,,,,
,variation,,Custom Polo Shirt With Dog Face | Personalized Gift For Dog Dad | Summer Flower Pattern Men Polo Shirt,1,0,visible,,,,,taxable,parent,1,,,,0,,,,,0,,,69.95,,,,,,,7.7603E+12,,,,,,5,Size,S,,1,,Number Of Pets,5,,1,,,,,,,
,variation,,Custom Polo Shirt With Dog Face | Personalized Gift For Dog Dad | Summer Flower Pattern Men Polo Shirt,1,0,visible,,,,,taxable,parent,1,,,,0,,,,,0,,,49.95,,,,,,,7.7603E+12,,,,,,6,Size,M,,1,,Number Of Pets,1,,1,,,,,,,
,variation,,Custom Polo Shirt With Dog Face | Personalized Gift For Dog Dad | Summer Flower Pattern Men Polo Shirt,1,0,visible,,,,,taxable,parent,1,,,,0,,,,,0,,,54.95,,,,,,,7.7603E+12,,,,,,7,Size,M,,1,,Number Of Pets,2,,1,,,,,,,
,variation,,Custom Polo Shirt With Dog Face | Personalized Gift For Dog Dad | Summer Flower Pattern Men Polo Shirt,1,0,visible,,,,,taxable,parent,1,,,,0,,,,,0,,,59.95,,,,,,,7.7603E+12,,,,,,8,Size,M,,1,,Number Of Pets,3,,1,,,,,,,
,variation,,Custom Polo Shirt With Dog Face | Personalized Gift For Dog Dad | Summer Flower Pattern Men Polo Shirt,1,0,visible,,,,,taxable,parent,1,,,,0,,,,,0,,,64.95,,,,,,,7.7603E+12,,,,,,9,Size,M,,1,,Number Of Pets,4,,1,,,,,,,
,variation,,Custom Polo Shirt With Dog Face | Personalized Gift For Dog Dad | Summer Flower Pattern Men Polo Shirt,1,0,visible,,,,,taxable,parent,1,,,,0,,,,,0,,,69.95,,,,,,,7.7603E+12,,,,,,10,Size,M,,1,,Number Of Pets,5,,1,,,,,,,
,variation,,Custom Polo Shirt With Dog Face | Personalized Gift For Dog Dad | Summer Flower Pattern Men Polo Shirt,1,0,visible,,,,,taxable,parent,1,,,,0,,,,,0,,,49.95,,,,,,,7.7603E+12,,,,,,11,Size,L,,1,,Number Of Pets,1,,1,,,,,,,
,variation,,Custom Polo Shirt With Dog Face | Personalized Gift For Dog Dad | Summer Flower Pattern Men Polo Shirt,1,0,visible,,,,,taxable,parent,1,,,,0,,,,,0,,,54.95,,,,,,,7.7603E+12,,,,,,12,Size,L,,1,,Number Of Pets,2,,1,,,,,,,
,variation,,Custom Polo Shirt With Dog Face | Personalized Gift For Dog Dad | Summer Flower Pattern Men Polo Shirt,1,0,visible,,,,,taxable,parent,1,,,,0,,,,,0,,,59.95,,,,,,,7.7603E+12,,,,,,13,Size,L,,1,,Number Of Pets,3,,1,,,,,,,
,variation,,Custom Polo Shirt With Dog Face | Personalized Gift For Dog Dad | Summer Flower Pattern Men Polo Shirt,1,0,visible,,,,,taxable,parent,1,,,,0,,,,,0,,,64.95,,,,,,,7.7603E+12,,,,,,14,Size,L,,1,,Number Of Pets,4,,1,,,,,,,
,variation,,Custom Polo Shirt With Dog Face | Personalized Gift For Dog Dad | Summer Flower Pattern Men Polo Shirt,1,0,visible,,,,,taxable,parent,1,,,,0,,,,,0,,,69.95,,,,,,,7.7603E+12,,,,,,15,Size,L,,1,,Number Of Pets,5,,1,,,,,,,
,variation,,Custom Polo Shirt With Dog Face | Personalized Gift For Dog Dad | Summer Flower Pattern Men Polo Shirt,1,0,visible,,,,,taxable,parent,1,,,,0,,,,,0,,,49.95,,,,,,,7.7603E+12,,,,,,16,Size,XL,,1,,Number Of Pets,1,,1,,,,,,,
,variation,,Custom Polo Shirt With Dog Face | Personalized Gift For Dog Dad | Summer Flower Pattern Men Polo Shirt,1,0,visible,,,,,taxable,parent,1,,,,0,,,,,0,,,54.95,,,,,,,7.7603E+12,,,,,,17,Size,XL,,1,,Number Of Pets,2,,1,,,,,,,
,variation,,Custom Polo Shirt With Dog Face | Personalized Gift For Dog Dad | Summer Flower Pattern Men Polo Shirt,1,0,visible,,,,,taxable,parent,1,,,,0,,,,,0,,,59.95,,,,,,,7.7603E+12,,,,,,18,Size,XL,,1,,Number Of Pets,3,,1,,,,,,,
,variation,,Custom Polo Shirt With Dog Face | Personalized Gift For Dog Dad | Summer Flower Pattern Men Polo Shirt,1,0,visible,,,,,taxable,parent,1,,,,0,,,,,0,,,64.95,,,,,,,7.7603E+12,,,,,,19,Size,XL,,1,,Number Of Pets,4,,1,,,,,,,
,variation,,Custom Polo Shirt With Dog Face | Personalized Gift For Dog Dad | Summer Flower Pattern Men Polo Shirt,1,0,visible,,,,,taxable,parent,1,,,,0,,,,,0,,,69.95,,,,,,,7.7603E+12,,,,,,20,Size,XL,,1,,Number Of Pets,5,,1,,,,,,,
,variation,,Custom Polo Shirt With Dog Face | Personalized Gift For Dog Dad | Summer Flower Pattern Men Polo Shirt,1,0,visible,,,,,taxable,parent,1,,,,0,,,,,0,,,49.95,,,,,,,7.7603E+12,,,,,,21,Size,2XL,,1,,Number Of Pets,1,,1,,,,,,,
,variation,,Custom Polo Shirt With Dog Face | Personalized Gift For Dog Dad | Summer Flower Pattern Men Polo Shirt,1,0,visible,,,,,taxable,parent,1,,,,0,,,,,0,,,54.95,,,,,,,7.7603E+12,,,,,,22,Size,2XL,,1,,Number Of Pets,2,,1,,,,,,,
,variation,,Custom Polo Shirt With Dog Face | Personalized Gift For Dog Dad | Summer Flower Pattern Men Polo Shirt,1,0,visible,,,,,taxable,parent,1,,,,0,,,,,0,,,59.95,,,,,,,7.7603E+12,,,,,,23,Size,2XL,,1,,Number Of Pets,3,,1,,,,,,,
,variation,,Custom Polo Shirt With Dog Face | Personalized Gift For Dog Dad | Summer Flower Pattern Men Polo Shirt,1,0,visible,,,,,taxable,parent,1,,,,0,,,,,0,,,64.95,,,,,,,7.7603E+12,,,,,,24,Size,2XL,,1,,Number Of Pets,4,,1,,,,,,,
,variation,,Custom Polo Shirt With Dog Face | Personalized Gift For Dog Dad | Summer Flower Pattern Men Polo Shirt,1,0,visible,,,,,taxable,parent,1,,,,0,,,,,0,,,69.95,,,,,,,7.7603E+12,,,,,,25,Size,2XL,,1,,Number Of Pets,5,,1,,,,,,,
,variation,,Custom Polo Shirt With Dog Face | Personalized Gift For Dog Dad | Summer Flower Pattern Men Polo Shirt,1,0,visible,,,,,taxable,parent,1,,,,0,,,,,0,,,49.95,,,,,,,7.7603E+12,,,,,,26,Size,3XL,,1,,Number Of Pets,1,,1,,,,,,,
,variation,,Custom Polo Shirt With Dog Face | Personalized Gift For Dog Dad | Summer Flower Pattern Men Polo Shirt,1,0,visible,,,,,taxable,parent,1,,,,0,,,,,0,,,54.95,,,,,,,7.7603E+12,,,,,,27,Size,3XL,,1,,Number Of Pets,2,,1,,,,,,,
,variation,,Custom Polo Shirt With Dog Face | Personalized Gift For Dog Dad | Summer Flower Pattern Men Polo Shirt,1,0,visible,,,,,taxable,parent,1,,,,0,,,,,0,,,59.95,,,,,,,7.7603E+12,,,,,,28,Size,3XL,,1,,Number Of Pets,3,,1,,,,,,,
,variation,,Custom Polo Shirt With Dog Face | Personalized Gift For Dog Dad | Summer Flower Pattern Men Polo Shirt,1,0,visible,,,,,taxable,parent,1,,,,0,,,,,0,,,64.95,,,,,,,7.7603E+12,,,,,,29,Size,3XL,,1,,Number Of Pets,4,,1,,,,,,,
,variation,,Custom Polo Shirt With Dog Face | Personalized Gift For Dog Dad | Summer Flower Pattern Men Polo Shirt,1,0,visible,,,,,taxable,parent,1,,,,0,,,,,0,,,69.95,,,,,,,7.7603E+12,,,,,,30,Size,3XL,,1,,Number Of Pets,5,,1,,,,,,,
,variation,,Custom Polo Shirt With Dog Face | Personalized Gift For Dog Dad | Summer Flower Pattern Men Polo Shirt,1,0,visible,,,,,taxable,parent,1,,,,0,,,,,0,,,49.95,,,,,,,7.7603E+12,,,,,,31,Size,4XL,,1,,Number Of Pets,1,,1,,,,,,,
,variation,,Custom Polo Shirt With Dog Face | Personalized Gift For Dog Dad | Summer Flower Pattern Men Polo Shirt,1,0,visible,,,,,taxable,parent,1,,,,0,,,,,0,,,54.95,,,,,,,7.7603E+12,,,,,,32,Size,4XL,,1,,Number Of Pets,2,,1,,,,,,,
,variation,,Custom Polo Shirt With Dog Face | Personalized Gift For Dog Dad | Summer Flower Pattern Men Polo Shirt,1,0,visible,,,,,taxable,parent,1,,,,0,,,,,0,,,59.95,,,,,,,7.7603E+12,,,,,,33,Size,4XL,,1,,Number Of Pets,3,,1,,,,,,,
,variation,,Custom Polo Shirt With Dog Face | Personalized Gift For Dog Dad | Summer Flower Pattern Men Polo Shirt,1,0,visible,,,,,taxable,parent,1,,,,0,,,,,0,,,64.95,,,,,,,7.7603E+12,,,,,,34,Size,4XL,,1,,Number Of Pets,4,,1,,,,,,,
,variation,,Custom Polo Shirt With Dog Face | Personalized Gift For Dog Dad | Summer Flower Pattern Men Polo Shirt,1,0,visible,,,,,taxable,parent,1,,,,0,,,,,0,,,69.95,,,,,,,7.7603E+12,,,,,,35,Size,4XL,,1,,Number Of Pets,5,,1,,,,,,,
,variation,,Custom Polo Shirt With Dog Face | Personalized Gift For Dog Dad | Summer Flower Pattern Men Polo Shirt,1,0,visible,,,,,taxable,parent,1,,,,0,,,,,0,,,49.95,,,,,,,7.7603E+12,,,,,,36,Size,5XL,,1,,Number Of Pets,1,,1,,,,,,,
,variation,,Custom Polo Shirt With Dog Face | Personalized Gift For Dog Dad | Summer Flower Pattern Men Polo Shirt,1,0,visible,,,,,taxable,parent,1,,,,0,,,,,0,,,54.95,,,,,,,7.7603E+12,,,,,,37,Size,5XL,,1,,Number Of Pets,2,,1,,,,,,,
,variation,,Custom Polo Shirt With Dog Face | Personalized Gift For Dog Dad | Summer Flower Pattern Men Polo Shirt,1,0,visible,,,,,taxable,parent,1,,,,0,,,,,0,,,59.95,,,,,,,7.7603E+12,,,,,,38,Size,5XL,,1,,Number Of Pets,3,,1,,,,,,,
,variation,,Custom Polo Shirt With Dog Face | Personalized Gift For Dog Dad | Summer Flower Pattern Men Polo Shirt,1,0,visible,,,,,taxable,parent,1,,,,0,,,,,0,,,64.95,,,,,,,7.7603E+12,,,,,,39,Size,5XL,,1,,Number Of Pets,4,,1,,,,,,,
,variation,,Custom Polo Shirt With Dog Face | Personalized Gift For Dog Dad | Summer Flower Pattern Men Polo Shirt,1,0,visible,,,,,taxable,parent,1,,,,0,,,,,0,,,69.95,,,,,,,7.7603E+12,,,,,,40,Size,5XL,,1,,Number Of Pets,5,,1,,,,,,,
,variation,,Custom Polo Shirt With Dog Face | Personalized Gift For Dog Dad | Summer Flower Pattern Men Polo Shirt,1,0,visible,,,,,taxable,parent,1,,,,0,,,,,0,,,49.95,,,,,,,7.7603E+12,,,,,,41,Size,6XL,,1,,Number Of Pets,1,,1,,,,,,,
,variation,,Custom Polo Shirt With Dog Face | Personalized Gift For Dog Dad | Summer Flower Pattern Men Polo Shirt,1,0,visible,,,,,taxable,parent,1,,,,0,,,,,0,,,54.95,,,,,,,7.7603E+12,,,,,,42,Size,6XL,,1,,Number Of Pets,2,,1,,,,,,,
,variation,,Custom Polo Shirt With Dog Face | Personalized Gift For Dog Dad | Summer Flower Pattern Men Polo Shirt,1,0,visible,,,,,taxable,parent,1,,,,0,,,,,0,,,59.95,,,,,,,7.7603E+12,,,,,,43,Size,6XL,,1,,Number Of Pets,3,,1,,,,,,,
,variation,,Custom Polo Shirt With Dog Face | Personalized Gift For Dog Dad | Summer Flower Pattern Men Polo Shirt,1,0,visible,,,,,taxable,parent,1,,,,0,,,,,0,,,64.95,,,,,,,7.7603E+12,,,,,,44,Size,6XL,,1,,Number Of Pets,4,,1,,,,,,,
,variation,,Custom Polo Shirt With Dog Face | Personalized Gift For Dog Dad | Summer Flower Pattern Men Polo Shirt,1,0,visible,,,,,taxable,parent,1,,,,0,,,,,0,,,69.95,,,,,,,7.7603E+12,,,,,,45,Size,6XL,,1,,Number Of Pets,5,,1,,,,,,,
,variable,,Custom Polo Shirt With Dog Face | Personalized Gift For Dog Dad | Green Leaves Pattern Men Polo Shirt,1,0,visible,,"<div data-mce-fragment=""1"">
<h2 data-mce-fragment=""1"">HOW TO ORDER:</h2>
<div data-mce-fragment=""1"">1. Choose the size from the drop-down menu</div>
<div data-mce-fragment=""1"">2. Upload the photo of your pet</div>
<div data-mce-fragment=""1"">3.<meta charset=""utf-8""> <span data-mce-fragment=""1"">Click on 'Add To Cart</span>
</div>
<div data-mce-fragment=""1"">4. Add your delivery address and bank details</div>
<div data-mce-fragment=""1"">5. And that's it!</div>
<div data-mce-fragment=""1""><b data-mce-fragment=""1"">NOTE: BUY 2 OR MORE TO SAVE YOUR SHIPPING COST !!!</b></div>
<div data-mce-fragment=""1""><b data-mce-fragment=""1""></b></div>
</div>
<div data-mce-fragment=""1"">
<div data-mce-fragment=""1"">
<h2 data-mce-fragment=""1""><strong data-mce-fragment=""1"">SIZING GUIDE</strong></h2>
</div>
</div>
<style type=""text/css""><!--
td {border: 1px solid #ccc;}br {mso-data-placement:same-cell;}
--></style>
<style type=""text/css""><!--
td {border: 1px solid #ccc;}br {mso-data-placement:same-cell;}
--></style>
<div data-mce-fragment=""1"">
<table border=""1"" dir=""ltr"" cellpadding=""0"" cellspacing=""0"" xmlns=""http://www.w3.org/1999/xhtml"">
<colgroup> <col width=""100""> <col width=""100""> <col width=""100""> <col width=""100""> <col width=""100""> <col width=""100""> <col width=""100""> <col width=""100""> <col width=""100""> </colgroup>
<tbody>
<tr>
<td data-sheets-value='{""1"":2,""2"":""inch""}'>inch</td>
<td data-sheets-value='{""1"":2,""2"":""S""}'>S</td>
<td data-sheets-value='{""1"":2,""2"":""M""}'>M</td>
<td data-sheets-value='{""1"":2,""2"":""L""}'>L</td>
<td data-sheets-value='{""1"":2,""2"":""XL""}'>XL</td>
<td data-sheets-value='{""1"":2,""2"":""2XL""}'>2XL</td>
<td data-sheets-value='{""1"":2,""2"":""3XL""}'>3XL</td>
<td data-sheets-value='{""1"":2,""2"":""4XL""}'>4XL</td>
<td data-sheets-value='{""1"":2,""2"":""5XL""}'>5XL</td>
</tr>
<tr>
<td data-sheets-value='{""1"":2,""2"":""Length""}'>Length</td>
<td data-sheets-numberformat='{""1"":5,""2"":""d.m"",""3"":1}' data-sheets-value='{""1"":3,""3"":44619}'>27.2</td>
<td data-sheets-numberformat='{""1"":5,""2"":""d.m"",""3"":1}' data-sheets-value='{""1"":3,""3"":44648}'>28.3</td>
<td data-sheets-numberformat='{""1"":5,""2"":""d.m"",""3"":1}' data-sheets-value='{""1"":3,""3"":44590}'>29.1</td>
<td data-sheets-numberformat='{""1"":5,""2"":""d.m"",""3"":1}' data-sheets-value='{""1"":3,""3"":44650}'>30.3</td>
<td data-sheets-numberformat='{""1"":5,""2"":""d.m"",""3"":1}' data-sheets-value='{""1"":3,""3"":44592}'>31.1</td>
<td data-sheets-value='{""1"":2,""2"":""32.3""}'>32.3</td>
<td data-sheets-value='{""1"":2,""2"":""33.1""}'>33.1</td>
<td data-sheets-value='{""1"":2,""2"":""34.3""}'>34.3</td>
</tr>
<tr>
<td data-sheets-value='{""1"":2,""2"":""Bust""}'>Bust</td>
<td data-sheets-value='{""1"":2,""2"":""34.6""}'>34.6</td>
<td data-sheets-value='{""1"":2,""2"":""38.6""}'>38.6</td>
<td data-sheets-value='{""1"":2,""2"":""42.5""}'>42.5</td>
<td data-sheets-value='{""1"":2,""2"":""46.5""}'>46.5</td>
<td data-sheets-value='{""1"":2,""2"":""50.4""}'>50.4</td>
<td data-sheets-value='{""1"":2,""2"":""54.3""}'>54.3</td>
<td data-sheets-value='{""1"":2,""2"":""58.3""}'>58.3</td>
<td data-sheets-value='{""1"":2,""2"":""62.2""}'>62.2</td>
</tr>
<tr>
<td data-sheets-value='{""1"":2,""2"":""Sleeve""}'>Sleeve</td>
<td data-sheets-numberformat='{""1"":5,""2"":""d.m"",""3"":1}' data-sheets-value='{""1"":3,""3"":44664}'>13.4</td>
<td data-sheets-numberformat='{""1"":5,""2"":""d.m"",""3"":1}' data-sheets-value='{""1"":3,""3"":44606}'>14.2</td>
<td data-sheets-value='{""1"":2,""2"":""15.0""}'>15.0</td>
<td data-sheets-numberformat='{""1"":5,""2"":""d.m"",""3"":1}' data-sheets-value='{""1"":3,""3"":44757}'>15.7</td>
<td data-sheets-numberformat='{""1"":5,""2"":""d.m"",""3"":1}' data-sheets-value='{""1"":3,""3"":44697}'>16.5</td>
<td data-sheets-numberformat='{""1"":5,""2"":""d.m"",""3"":1}' data-sheets-value='{""1"":3,""3"":44637}'>17.3</td>
<td data-sheets-numberformat='{""1"":5,""2"":""d.m"",""3"":1}' data-sheets-value='{""1"":3,""3"":44579}'>18.1</td>
<td data-sheets-numberformat='{""1"":5,""2"":""d.m"",""3"":1}' data-sheets-value='{""1"":3,""3"":44822}'>18.9</td>
</tr>
<tr>
<td></td>
<td></td>
<td></td>
<td></td>
<td></td>
<td></td>
<td></td>
<td></td>
<td></td>
</tr>
<tr>
<td data-sheets-value='{""1"":2,""2"":""centimeter""}'>centimeter</td>
<td data-sheets-value='{""1"":2,""2"":""S""}'>S</td>
<td data-sheets-value='{""1"":2,""2"":""M""}'>M</td>
<td data-sheets-value='{""1"":2,""2"":""L""}'>L</td>
<td data-sheets-value='{""1"":2,""2"":""XL""}'>XL</td>
<td data-sheets-value='{""1"":2,""2"":""2XL""}'>2XL</td>
<td data-sheets-value='{""1"":2,""2"":""3XL""}'>3XL</td>
<td data-sheets-value='{""1"":2,""2"":""4XL""}'>4XL</td>
<td data-sheets-value='{""1"":2,""2"":""5XL""}'>5XL</td>
</tr>
<tr>
<td data-sheets-value='{""1"":2,""2"":""Length""}'>Length</td>
<td data-sheets-value='{""1"":2,""2"":""69.0""}'>69.0</td>
<td data-sheets-value='{""1"":2,""2"":""72.0""}'>72.0</td>
<td data-sheets-value='{""1"":2,""2"":""74.0""}'>74.0</td>
<td data-sheets-value='{""1"":2,""2"":""77.0""}'>77.0</td>
<td data-sheets-value='{""1"":2,""2"":""79.0""}'>79.0</td>
<td data-sheets-value='{""1"":2,""2"":""82.0""}'>82.0</td>
<td data-sheets-value='{""1"":2,""2"":""84.0""}'>84.0</td>
<td data-sheets-value='{""1"":2,""2"":""87.0""}'>87.0</td>
</tr>
<tr>
<td data-sheets-value='{""1"":2,""2"":""Bust""}'>Bust</td>
<td data-sheets-value='{""1"":2,""2"":""88.0""}'>88.0</td>
<td data-sheets-value='{""1"":2,""2"":""98.0""}'>98.0</td>
<td data-sheets-value='{""1"":2,""2"":""108.0""}'>108.0</td>
<td data-sheets-value='{""1"":2,""2"":""118.0""}'>118.0</td>
<td data-sheets-value='{""1"":2,""2"":""128.0""}'>128.0</td>
<td data-sheets-value='{""1"":2,""2"":""138.0""}'>138.0</td>
<td data-sheets-value='{""1"":2,""2"":""148.0""}'>148.0</td>
<td data-sheets-value='{""1"":2,""2"":""158.0""}'>158.0</td>
</tr>
<tr>
<td data-sheets-value='{""1"":2,""2"":""Sleeve""}'>Sleeve</td>
<td data-sheets-value='{""1"":2,""2"":""34.0""}'>34.0</td>
<td data-sheets-value='{""1"":2,""2"":""36.0""}'>36.0</td>
<td data-sheets-value='{""1"":2,""2"":""38.0""}'>38.0</td>
<td data-sheets-value='{""1"":2,""2"":""40.0""}'>40.0</td>
<td data-sheets-value='{""1"":2,""2"":""42.0""}'>42.0</td>
<td data-sheets-value='{""1"":2,""2"":""44.0""}'>44.0</td>
<td data-sheets-value='{""1"":2,""2"":""46.0""}'>46.0</td>
<td data-sheets-value='{""1"":2,""2"":""48.0""}'>48.0</td>
</tr>
</tbody>
</table>
<br>
<p><b data-mce-fragment=""1"">Note:<span> </span></b><strong>Actual product measurements may vary by up to 1 inch (3cm)</strong></p>
</div>
<h2 data-mce-fragment=""1""><b data-mce-fragment=""1"">CARE INSTRUCTIONS</b></h2>
<div data-mce-fragment=""1"">All Noble Pawtrait Clothing – Machine wash in cold water. Mild detergent is safe to use. Do not bleach. Tumble dry.</div>
<div data-mce-fragment=""1""><br data-mce-fragment=""1""></div>
<meta charset=""utf-8""><span data-mce-fragment=""1""></span><span data-mce-fragment=""1""></span><span data-mce-fragment=""1""></span><span data-mce-fragment=""1""></span>
<h2 data-mce-fragment=""1""><b data-mce-fragment=""1"">PRODUCT DETAILS </b></h2>
<p data-mce-fragment=""1"">The Polo shirt is made with <span data-mce-fragment=""1"">100% Polyester</span> that is perfect for printing, the shirt color is vibrant and bright with eye-catching designs. The custom all-over print shirt will make you look so good. Go to beaches in comfort and grab public attention impressively.</p>
<meta charset=""utf-8""><span data-mce-fragment=""1""></span><span data-mce-fragment=""1""></span><span data-mce-fragment=""1""></span><span data-mce-fragment=""1""></span>
<div data-reactid='.1agge3towpi.7.0.${""splat""=2""-/-"",""tagSlug""=2""Aquatic &amp; Land"",""campaignUrl""=2""turtle-sweet-soul""}.0.0.2.3.1.h.2.0' class=""px-1 py-1 lg:px-0 fs-lg flex items-center bc-grey-200"" data-mce-fragment=""1"">
<h2 data-reactid='.1agge3towpi.7.0.${""splat""=2""-/-"",""tagSlug""=2""Aquatic &amp; Land"",""campaignUrl""=2""turtle-sweet-soul""}.0.0.2.3.1.h.2.0.0' class=""flex-grow fw-bold color-black"" data-mce-fragment=""1""><span data-reactid='.1agge3towpi.7.0.${""splat""=2""-/-"",""tagSlug""=2""Aquatic &amp; Land"",""campaignUrl""=2""turtle-sweet-soul""}.0.0.2.3.1.h.2.0.0.0' class=""capitalize"" data-mce-fragment=""1""><span data-reactid='.1agge3towpi.7.0.${""splat""=2""-/-"",""tagSlug""=2""Aquatic &amp; Land"",""campaignUrl""=2""turtle-sweet-soul""}.0.0.2.3.1.h.2.0.0.0.0' data-mce-fragment=""1"">SHIPPING INFO</span></span></h2>
</div>
<div data-reactid='.1agge3towpi.7.0.${""splat""=2""-/-"",""tagSlug""=2""Aquatic &amp; Land"",""campaignUrl""=2""turtle-sweet-soul""}.0.0.2.3.1.h.2.1' class=""px-1 pb-1 lg:px-0 bgc-white"" data-mce-fragment=""1"">
<div data-reactid='.1agge3towpi.7.0.${""splat""=2""-/-"",""tagSlug""=2""Aquatic &amp; Land"",""campaignUrl""=2""turtle-sweet-soul""}.0.0.2.3.1.h.2.1.0' data-mce-fragment=""1"">
<p data-mce-fragment=""1""><span class=""emoji"" data-mce-fragment=""1"">📦 US, Canada, and Europe </span><span data-reactid='.1agge3towpi.7.0.${""splat""=2""-/-"",""tagSlug""=2""Aquatic &amp; Land"",""campaignUrl""=2""turtle-sweet-soul""}.0.0.2.3.1.h.2.1.0.0.0' data-mce-fragment=""1"">Orders ship within 10 to 15 business days (delaying time can be 15-21 business days due to Covid-19). </span>Up to 30 working days transit time for rest of world.</p>
</div>
<div data-reactid='.1agge3towpi.7.0.${""splat""=2""-/-"",""tagSlug""=2""Aquatic &amp; Land"",""campaignUrl""=2""turtle-sweet-soul""}.0.0.2.3.1.h.2.1.2' class=""mb-1"" data-mce-fragment=""1"">
<span data-reactid='.1agge3towpi.7.0.${""splat""=2""-/-"",""tagSlug""=2""Aquatic &amp; Land"",""campaignUrl""=2""turtle-sweet-soul""}.0.0.2.3.1.h.2.1.2.0' data-mce-fragment=""1"">📦 For more details about our shipping rates, please visit </span><a href=""https://noblepawtrait.com/pages/faq"" data-mce-fragment=""1"" data-mce-href=""https://noblepawtrait.com/pages/faq""><span data-reactid='.1agge3towpi.7.0.${""splat""=2""-/-"",""tagSlug""=2""Aquatic &amp; Land"",""campaignUrl""=2""turtle-sweet-soul""}.0.0.2.3.1.h.2.1.2.1.0' data-mce-fragment=""1"">here</span></a>
</div>
<div data-reactid='.1agge3towpi.7.0.${""splat""=2""-/-"",""tagSlug""=2""Aquatic &amp; Land"",""campaignUrl""=2""turtle-sweet-soul""}.0.0.2.3.1.h.2.1.2' class=""mb-1"" data-mce-fragment=""1"">
<span data-reactid='.1agge3towpi.7.0.${""splat""=2""-/-"",""tagSlug""=2""Aquatic &amp; Land"",""campaignUrl""=2""turtle-sweet-soul""}.0.0.2.3.1.h.2.1.2.1.0' data-mce-fragment=""1""></span><br data-mce-fragment=""1"">
</div>
<div data-reactid='.1agge3towpi.7.0.${""splat""=2""-/-"",""tagSlug""=2""Aquatic &amp; Land"",""campaignUrl""=2""turtle-sweet-soul""}.0.0.2.3.1.h.2.1.2' class=""mb-1"" data-mce-fragment=""1"">
<h2 data-reactid='.1agge3towpi.7.0.${""splat""=2""-/-"",""tagSlug""=2""Aquatic &amp; Land"",""campaignUrl""=2""turtle-sweet-soul""}.0.0.2.3.1.h.2.0.0' class=""flex-grow fw-bold color-black"" data-mce-fragment=""1""><span data-reactid='.1agge3towpi.7.0.${""splat""=2""-/-"",""tagSlug""=2""Aquatic &amp; Land"",""campaignUrl""=2""turtle-sweet-soul""}.0.0.2.3.1.h.2.0.0.0' class=""capitalize"" data-mce-fragment=""1""><span data-reactid='.1agge3towpi.7.0.${""splat""=2""-/-"",""tagSlug""=2""Aquatic &amp; Land"",""campaignUrl""=2""turtle-sweet-soul""}.0.0.2.3.1.h.2.0.0.0.0' data-mce-fragment=""1"">MORE QUESTION?</span></span></h2>
</div>
<div data-reactid='.1agge3towpi.7.0.${""splat""=2""-/-"",""tagSlug""=2""Aquatic &amp; Land"",""campaignUrl""=2""turtle-sweet-soul""}.0.0.2.3.1.h.2.1.2' class=""mb-1"" data-mce-fragment=""1"">Don't hesitate to contact us<span data-mce-fragment=""1""> </span><a href=""https://noblepawtrait.com/pages/contact-us"" data-mce-fragment=""1"" data-mce-href=""https://noblepawtrait.com/pages/contact-us"">here</a><span data-mce-fragment=""1""> </span>❤️</div>
<div data-reactid='.1agge3towpi.7.0.${""splat""=2""-/-"",""tagSlug""=2""Aquatic &amp; Land"",""campaignUrl""=2""turtle-sweet-soul""}.0.0.2.3.1.h.2.1.2' class=""mb-1"" data-mce-fragment=""1""><br data-mce-fragment=""1""></div>
</div>
<p data-mce-fragment=""1""><span data-mce-fragment=""1"">Join the growing family of Noble Pawtrait and before long, you’ll be enjoying side-splitting laughter at people’s reactions!</span></p>",,,taxable,,1,,,0,0,,,,,1,,,,Polo Shirt,,,"https://cdn.shopify.com/s/files/1/0291/0214/5580/products/Polo05mk1.jpg?v=1660740200,https://cdn.shopify.com/s/files/1/0291/0214/5580/products/Polo05mk2.jpg?v=1660740200,https://cdn.shopify.com/s/files/1/0291/0214/5580/products/Polo05mk3.jpg?v=1660740200,https://cdn.shopify.com/s/files/1/0291/0214/5580/products/Polo05mk4.jpg?v=1660740200",,,,,,,,,0,Size,"S,M,L,XL,2XL,3XL,4XL,5XL,6XL",0,1,S,Number Of Pets,"1,2,3,4,5",0,1,1,,,,,,
,variation,,Custom Polo Shirt With Dog Face | Personalized Gift For Dog Dad | Green Leaves Pattern Men Polo Shirt,1,0,visible,,,,,taxable,parent,1,,,,0,,,,,0,,,49.95,,,,,,,7.76082E+12,,,,,,1,Size,S,,1,,Number Of Pets,1,,1,,,,,,,
,variation,,Custom Polo Shirt With Dog Face | Personalized Gift For Dog Dad | Green Leaves Pattern Men Polo Shirt,1,0,visible,,,,,taxable,parent,1,,,,0,,,,,0,,,54.95,,,,,,,7.76082E+12,,,,,,2,Size,S,,1,,Number Of Pets,2,,1,,,,,,,
,variation,,Custom Polo Shirt With Dog Face | Personalized Gift For Dog Dad | Green Leaves Pattern Men Polo Shirt,1,0,visible,,,,,taxable,parent,1,,,,0,,,,,0,,,59.95,,,,,,,7.76082E+12,,,,,,3,Size,S,,1,,Number Of Pets,3,,1,,,,,,,
,variation,,Custom Polo Shirt With Dog Face | Personalized Gift For Dog Dad | Green Leaves Pattern Men Polo Shirt,1,0,visible,,,,,taxable,parent,1,,,,0,,,,,0,,,64.95,,,,,,,7.76082E+12,,,,,,4,Size,S,,1,,Number Of Pets,4,,1,,,,,,,
,variation,,Custom Polo Shirt With Dog Face | Personalized Gift For Dog Dad | Green Leaves Pattern Men Polo Shirt,1,0,visible,,,,,taxable,parent,1,,,,0,,,,,0,,,69.95,,,,,,,7.76082E+12,,,,,,5,Size,S,,1,,Number Of Pets,5,,1,,,,,,,
,variation,,Custom Polo Shirt With Dog Face | Personalized Gift For Dog Dad | Green Leaves Pattern Men Polo Shirt,1,0,visible,,,,,taxable,parent,1,,,,0,,,,,0,,,49.95,,,,,,,7.76082E+12,,,,,,6,Size,M,,1,,Number Of Pets,1,,1,,,,,,,
,variation,,Custom Polo Shirt With Dog Face | Personalized Gift For Dog Dad | Green Leaves Pattern Men Polo Shirt,1,0,visible,,,,,taxable,parent,1,,,,0,,,,,0,,,54.95,,,,,,,7.76082E+12,,,,,,7,Size,M,,1,,Number Of Pets,2,,1,,,,,,,
,variation,,Custom Polo Shirt With Dog Face | Personalized Gift For Dog Dad | Green Leaves Pattern Men Polo Shirt,1,0,visible,,,,,taxable,parent,1,,,,0,,,,,0,,,59.95,,,,,,,7.76082E+12,,,,,,8,Size,M,,1,,Number Of Pets,3,,1,,,,,,,
,variation,,Custom Polo Shirt With Dog Face | Personalized Gift For Dog Dad | Green Leaves Pattern Men Polo Shirt,1,0,visible,,,,,taxable,parent,1,,,,0,,,,,0,,,64.95,,,,,,,7.76082E+12,,,,,,9,Size,M,,1,,Number Of Pets,4,,1,,,,,,,
,variation,,Custom Polo Shirt With Dog Face | Personalized Gift For Dog Dad | Green Leaves Pattern Men Polo Shirt,1,0,visible,,,,,taxable,parent,1,,,,0,,,,,0,,,69.95,,,,,,,7.76082E+12,,,,,,10,Size,M,,1,,Number Of Pets,5,,1,,,,,,,
,variation,,Custom Polo Shirt With Dog Face | Personalized Gift For Dog Dad | Green Leaves Pattern Men Polo Shirt,1,0,visible,,,,,taxable,parent,1,,,,0,,,,,0,,,49.95,,,,,,,7.76082E+12,,,,,,11,Size,L,,1,,Number Of Pets,1,,1,,,,,,,
,variation,,Custom Polo Shirt With Dog Face | Personalized Gift For Dog Dad | Green Leaves Pattern Men Polo Shirt,1,0,visible,,,,,taxable,parent,1,,,,0,,,,,0,,,54.95,,,,,,,7.76082E+12,,,,,,12,Size,L,,1,,Number Of Pets,2,,1,,,,,,,
,variation,,Custom Polo Shirt With Dog Face | Personalized Gift For Dog Dad | Green Leaves Pattern Men Polo Shirt,1,0,visible,,,,,taxable,parent,1,,,,0,,,,,0,,,59.95,,,,,,,7.76082E+12,,,,,,13,Size,L,,1,,Number Of Pets,3,,1,,,,,,,
,variation,,Custom Polo Shirt With Dog Face | Personalized Gift For Dog Dad | Green Leaves Pattern Men Polo Shirt,1,0,visible,,,,,taxable,parent,1,,,,0,,,,,0,,,64.95,,,,,,,7.76082E+12,,,,,,14,Size,L,,1,,Number Of Pets,4,,1,,,,,,,
,variation,,Custom Polo Shirt With Dog Face | Personalized Gift For Dog Dad | Green Leaves Pattern Men Polo Shirt,1,0,visible,,,,,taxable,parent,1,,,,0,,,,,0,,,69.95,,,,,,,7.76082E+12,,,,,,15,Size,L,,1,,Number Of Pets,5,,1,,,,,,,
,variation,,Custom Polo Shirt With Dog Face | Personalized Gift For Dog Dad | Green Leaves Pattern Men Polo Shirt,1,0,visible,,,,,taxable,parent,1,,,,0,,,,,0,,,49.95,,,,,,,7.76082E+12,,,,,,16,Size,XL,,1,,Number Of Pets,1,,1,,,,,,,
,variation,,Custom Polo Shirt With Dog Face | Personalized Gift For Dog Dad | Green Leaves Pattern Men Polo Shirt,1,0,visible,,,,,taxable,parent,1,,,,0,,,,,0,,,54.95,,,,,,,7.76082E+12,,,,,,17,Size,XL,,1,,Number Of Pets,2,,1,,,,,,,
,variation,,Custom Polo Shirt With Dog Face | Personalized Gift For Dog Dad | Green Leaves Pattern Men Polo Shirt,1,0,visible,,,,,taxable,parent,1,,,,0,,,,,0,,,59.95,,,,,,,7.76082E+12,,,,,,18,Size,XL,,1,,Number Of Pets,3,,1,,,,,,,
,variation,,Custom Polo Shirt With Dog Face | Personalized Gift For Dog Dad | Green Leaves Pattern Men Polo Shirt,1,0,visible,,,,,taxable,parent,1,,,,0,,,,,0,,,64.95,,,,,,,7.76082E+12,,,,,,19,Size,XL,,1,,Number Of Pets,4,,1,,,,,,,
,variation,,Custom Polo Shirt With Dog Face | Personalized Gift For Dog Dad | Green Leaves Pattern Men Polo Shirt,1,0,visible,,,,,taxable,parent,1,,,,0,,,,,0,,,69.95,,,,,,,7.76082E+12,,,,,,20,Size,XL,,1,,Number Of Pets,5,,1,,,,,,,
,variation,,Custom Polo Shirt With Dog Face | Personalized Gift For Dog Dad | Green Leaves Pattern Men Polo Shirt,1,0,visible,,,,,taxable,parent,1,,,,0,,,,,0,,,49.95,,,,,,,7.76082E+12,,,,,,21,Size,2XL,,1,,Number Of Pets,1,,1,,,,,,,
,variation,,Custom Polo Shirt With Dog Face | Personalized Gift For Dog Dad | Green Leaves Pattern Men Polo Shirt,1,0,visible,,,,,taxable,parent,1,,,,0,,,,,0,,,54.95,,,,,,,7.76082E+12,,,,,,22,Size,2XL,,1,,Number Of Pets,2,,1,,,,,,,
,variation,,Custom Polo Shirt With Dog Face | Personalized Gift For Dog Dad | Green Leaves Pattern Men Polo Shirt,1,0,visible,,,,,taxable,parent,1,,,,0,,,,,0,,,59.95,,,,,,,7.76082E+12,,,,,,23,Size,2XL,,1,,Number Of Pets,3,,1,,,,,,,
,variation,,Custom Polo Shirt With Dog Face | Personalized Gift For Dog Dad | Green Leaves Pattern Men Polo Shirt,1,0,visible,,,,,taxable,parent,1,,,,0,,,,,0,,,64.95,,,,,,,7.76082E+12,,,,,,24,Size,2XL,,1,,Number Of Pets,4,,1,,,,,,,
,variation,,Custom Polo Shirt With Dog Face | Personalized Gift For Dog Dad | Green Leaves Pattern Men Polo Shirt,1,0,visible,,,,,taxable,parent,1,,,,0,,,,,0,,,69.95,,,,,,,7.76082E+12,,,,,,25,Size,2XL,,1,,Number Of Pets,5,,1,,,,,,,
,variation,,Custom Polo Shirt With Dog Face | Personalized Gift For Dog Dad | Green Leaves Pattern Men Polo Shirt,1,0,visible,,,,,taxable,parent,1,,,,0,,,,,0,,,49.95,,,,,,,7.76082E+12,,,,,,26,Size,3XL,,1,,Number Of Pets,1,,1,,,,,,,
,variation,,Custom Polo Shirt With Dog Face | Personalized Gift For Dog Dad | Green Leaves Pattern Men Polo Shirt,1,0,visible,,,,,taxable,parent,1,,,,0,,,,,0,,,54.95,,,,,,,7.76082E+12,,,,,,27,Size,3XL,,1,,Number Of Pets,2,,1,,,,,,,
,variation,,Custom Polo Shirt With Dog Face | Personalized Gift For Dog Dad | Green Leaves Pattern Men Polo Shirt,1,0,visible,,,,,taxable,parent,1,,,,0,,,,,0,,,59.95,,,,,,,7.76082E+12,,,,,,28,Size,3XL,,1,,Number Of Pets,3,,1,,,,,,,
,variation,,Custom Polo Shirt With Dog Face | Personalized Gift For Dog Dad | Green Leaves Pattern Men Polo Shirt,1,0,visible,,,,,taxable,parent,1,,,,0,,,,,0,,,64.95,,,,,,,7.76082E+12,,,,,,29,Size,3XL,,1,,Number Of Pets,4,,1,,,,,,,
,variation,,Custom Polo Shirt With Dog Face | Personalized Gift For Dog Dad | Green Leaves Pattern Men Polo Shirt,1,0,visible,,,,,taxable,parent,1,,,,0,,,,,0,,,69.95,,,,,,,7.76082E+12,,,,,,30,Size,3XL,,1,,Number Of Pets,5,,1,,,,,,,
,variation,,Custom Polo Shirt With Dog Face | Personalized Gift For Dog Dad | Green Leaves Pattern Men Polo Shirt,1,0,visible,,,,,taxable,parent,1,,,,0,,,,,0,,,49.95,,,,,,,7.76082E+12,,,,,,31,Size,4XL,,1,,Number Of Pets,1,,1,,,,,,,
,variation,,Custom Polo Shirt With Dog Face | Personalized Gift For Dog Dad | Green Leaves Pattern Men Polo Shirt,1,0,visible,,,,,taxable,parent,1,,,,0,,,,,0,,,54.95,,,,,,,7.76082E+12,,,,,,32,Size,4XL,,1,,Number Of Pets,2,,1,,,,,,,
,variation,,Custom Polo Shirt With Dog Face | Personalized Gift For Dog Dad | Green Leaves Pattern Men Polo Shirt,1,0,visible,,,,,taxable,parent,1,,,,0,,,,,0,,,59.95,,,,,,,7.76082E+12,,,,,,33,Size,4XL,,1,,Number Of Pets,3,,1,,,,,,,
,variation,,Custom Polo Shirt With Dog Face | Personalized Gift For Dog Dad | Green Leaves Pattern Men Polo Shirt,1,0,visible,,,,,taxable,parent,1,,,,0,,,,,0,,,64.95,,,,,,,7.76082E+12,,,,,,34,Size,4XL,,1,,Number Of Pets,4,,1,,,,,,,
,variation,,Custom Polo Shirt With Dog Face | Personalized Gift For Dog Dad | Green Leaves Pattern Men Polo Shirt,1,0,visible,,,,,taxable,parent,1,,,,0,,,,,0,,,69.95,,,,,,,7.76082E+12,,,,,,35,Size,4XL,,1,,Number Of Pets,5,,1,,,,,,,
,variation,,Custom Polo Shirt With Dog Face | Personalized Gift For Dog Dad | Green Leaves Pattern Men Polo Shirt,1,0,visible,,,,,taxable,parent,1,,,,0,,,,,0,,,49.95,,,,,,,7.76082E+12,,,,,,36,Size,5XL,,1,,Number Of Pets,1,,1,,,,,,,
,variation,,Custom Polo Shirt With Dog Face | Personalized Gift For Dog Dad | Green Leaves Pattern Men Polo Shirt,1,0,visible,,,,,taxable,parent,1,,,,0,,,,,0,,,54.95,,,,,,,7.76082E+12,,,,,,37,Size,5XL,,1,,Number Of Pets,2,,1,,,,,,,
,variation,,Custom Polo Shirt With Dog Face | Personalized Gift For Dog Dad | Green Leaves Pattern Men Polo Shirt,1,0,visible,,,,,taxable,parent,1,,,,0,,,,,0,,,59.95,,,,,,,7.76082E+12,,,,,,38,Size,5XL,,1,,Number Of Pets,3,,1,,,,,,,
,variation,,Custom Polo Shirt With Dog Face | Personalized Gift For Dog Dad | Green Leaves Pattern Men Polo Shirt,1,0,visible,,,,,taxable,parent,1,,,,0,,,,,0,,,64.95,,,,,,,7.76082E+12,,,,,,39,Size,5XL,,1,,Number Of Pets,4,,1,,,,,,,
,variation,,Custom Polo Shirt With Dog Face | Personalized Gift For Dog Dad | Green Leaves Pattern Men Polo Shirt,1,0,visible,,,,,taxable,parent,1,,,,0,,,,,0,,,69.95,,,,,,,7.76082E+12,,,,,,40,Size,5XL,,1,,Number Of Pets,5,,1,,,,,,,
,variation,,Custom Polo Shirt With Dog Face | Personalized Gift For Dog Dad | Green Leaves Pattern Men Polo Shirt,1,0,visible,,,,,taxable,parent,1,,,,0,,,,,0,,,49.95,,,,,,,7.76082E+12,,,,,,41,Size,6XL,,1,,Number Of Pets,1,,1,,,,,,,
,variation,,Custom Polo Shirt With Dog Face | Personalized Gift For Dog Dad | Green Leaves Pattern Men Polo Shirt,1,0,visible,,,,,taxable,parent,1,,,,0,,,,,0,,,54.95,,,,,,,7.76082E+12,,,,,,42,Size,6XL,,1,,Number Of Pets,2,,1,,,,,,,
,variation,,Custom Polo Shirt With Dog Face | Personalized Gift For Dog Dad | Green Leaves Pattern Men Polo Shirt,1,0,visible,,,,,taxable,parent,1,,,,0,,,,,0,,,59.95,,,,,,,7.76082E+12,,,,,,43,Size,6XL,,1,,Number Of Pets,3,,1,,,,,,,
,variation,,Custom Polo Shirt With Dog Face | Personalized Gift For Dog Dad | Green Leaves Pattern Men Polo Shirt,1,0,visible,,,,,taxable,parent,1,,,,0,,,,,0,,,64.95,,,,,,,7.76082E+12,,,,,,44,Size,6XL,,1,,Number Of Pets,4,,1,,,,,,,
,variation,,Custom Polo Shirt With Dog Face | Personalized Gift For Dog Dad | Green Leaves Pattern Men Polo Shirt,1,0,visible,,,,,taxable,parent,1,,,,0,,,,,0,,,69.95,,,,,,,7.76082E+12,,,,,,45,Size,6XL,,1,,Number Of Pets,5,,1,,,,,,,
,variable,,Custom Polo Shirt With Dog Face | Personalized Gift For Dog Dad | Blizzard Blue Leaves Pattern Men Polo Shirt,1,0,visible,,"<div data-mce-fragment=""1"">
<h2 data-mce-fragment=""1"">HOW TO ORDER:</h2>
<div data-mce-fragment=""1"">1. Choose the size from the drop-down menu</div>
<div data-mce-fragment=""1"">2. Upload the photo of your pet</div>
<div data-mce-fragment=""1"">3.<meta charset=""utf-8""> <span data-mce-fragment=""1"">Click on 'Add To Cart</span>
</div>
<div data-mce-fragment=""1"">4. Add your delivery address and bank details</div>
<div data-mce-fragment=""1"">5. And that's it!</div>
<div data-mce-fragment=""1""><b data-mce-fragment=""1"">NOTE: BUY 2 OR MORE TO SAVE YOUR SHIPPING COST !!!</b></div>
<div data-mce-fragment=""1""><b data-mce-fragment=""1""></b></div>
</div>
<div data-mce-fragment=""1"">
<div data-mce-fragment=""1"">
<h2 data-mce-fragment=""1""><strong data-mce-fragment=""1"">SIZING GUIDE</strong></h2>
</div>
</div>
<style type=""text/css""><!--
td {border: 1px solid #ccc;}br {mso-data-placement:same-cell;}
--></style>
<style type=""text/css""><!--
td {border: 1px solid #ccc;}br {mso-data-placement:same-cell;}
--></style>
<div data-mce-fragment=""1"">
<table border=""1"" dir=""ltr"" cellpadding=""0"" cellspacing=""0"" xmlns=""http://www.w3.org/1999/xhtml"">
<colgroup> <col width=""100""> <col width=""100""> <col width=""100""> <col width=""100""> <col width=""100""> <col width=""100""> <col width=""100""> <col width=""100""> <col width=""100""> </colgroup>
<tbody>
<tr>
<td data-sheets-value='{""1"":2,""2"":""inch""}'>inch</td>
<td data-sheets-value='{""1"":2,""2"":""S""}'>S</td>
<td data-sheets-value='{""1"":2,""2"":""M""}'>M</td>
<td data-sheets-value='{""1"":2,""2"":""L""}'>L</td>
<td data-sheets-value='{""1"":2,""2"":""XL""}'>XL</td>
<td data-sheets-value='{""1"":2,""2"":""2XL""}'>2XL</td>
<td data-sheets-value='{""1"":2,""2"":""3XL""}'>3XL</td>
<td data-sheets-value='{""1"":2,""2"":""4XL""}'>4XL</td>
<td data-sheets-value='{""1"":2,""2"":""5XL""}'>5XL</td>
</tr>
<tr>
<td data-sheets-value='{""1"":2,""2"":""Length""}'>Length</td>
<td data-sheets-numberformat='{""1"":5,""2"":""d.m"",""3"":1}' data-sheets-value='{""1"":3,""3"":44619}'>27.2</td>
<td data-sheets-numberformat='{""1"":5,""2"":""d.m"",""3"":1}' data-sheets-value='{""1"":3,""3"":44648}'>28.3</td>
<td data-sheets-numberformat='{""1"":5,""2"":""d.m"",""3"":1}' data-sheets-value='{""1"":3,""3"":44590}'>29.1</td>
<td data-sheets-numberformat='{""1"":5,""2"":""d.m"",""3"":1}' data-sheets-value='{""1"":3,""3"":44650}'>30.3</td>
<td data-sheets-numberformat='{""1"":5,""2"":""d.m"",""3"":1}' data-sheets-value='{""1"":3,""3"":44592}'>31.1</td>
<td data-sheets-value='{""1"":2,""2"":""32.3""}'>32.3</td>
<td data-sheets-value='{""1"":2,""2"":""33.1""}'>33.1</td>
<td data-sheets-value='{""1"":2,""2"":""34.3""}'>34.3</td>
</tr>
<tr>
<td data-sheets-value='{""1"":2,""2"":""Bust""}'>Bust</td>
<td data-sheets-value='{""1"":2,""2"":""34.6""}'>34.6</td>
<td data-sheets-value='{""1"":2,""2"":""38.6""}'>38.6</td>
<td data-sheets-value='{""1"":2,""2"":""42.5""}'>42.5</td>
<td data-sheets-value='{""1"":2,""2"":""46.5""}'>46.5</td>
<td data-sheets-value='{""1"":2,""2"":""50.4""}'>50.4</td>
<td data-sheets-value='{""1"":2,""2"":""54.3""}'>54.3</td>
<td data-sheets-value='{""1"":2,""2"":""58.3""}'>58.3</td>
<td data-sheets-value='{""1"":2,""2"":""62.2""}'>62.2</td>
</tr>
<tr>
<td data-sheets-value='{""1"":2,""2"":""Sleeve""}'>Sleeve</td>
<td data-sheets-numberformat='{""1"":5,""2"":""d.m"",""3"":1}' data-sheets-value='{""1"":3,""3"":44664}'>13.4</td>
<td data-sheets-numberformat='{""1"":5,""2"":""d.m"",""3"":1}' data-sheets-value='{""1"":3,""3"":44606}'>14.2</td>
<td data-sheets-value='{""1"":2,""2"":""15.0""}'>15.0</td>
<td data-sheets-numberformat='{""1"":5,""2"":""d.m"",""3"":1}' data-sheets-value='{""1"":3,""3"":44757}'>15.7</td>
<td data-sheets-numberformat='{""1"":5,""2"":""d.m"",""3"":1}' data-sheets-value='{""1"":3,""3"":44697}'>16.5</td>
<td data-sheets-numberformat='{""1"":5,""2"":""d.m"",""3"":1}' data-sheets-value='{""1"":3,""3"":44637}'>17.3</td>
<td data-sheets-numberformat='{""1"":5,""2"":""d.m"",""3"":1}' data-sheets-value='{""1"":3,""3"":44579}'>18.1</td>
<td data-sheets-numberformat='{""1"":5,""2"":""d.m"",""3"":1}' data-sheets-value='{""1"":3,""3"":44822}'>18.9</td>
</tr>
<tr>
<td></td>
<td></td>
<td></td>
<td></td>
<td></td>
<td></td>
<td></td>
<td></td>
<td></td>
</tr>
<tr>
<td data-sheets-value='{""1"":2,""2"":""centimeter""}'>centimeter</td>
<td data-sheets-value='{""1"":2,""2"":""S""}'>S</td>
<td data-sheets-value='{""1"":2,""2"":""M""}'>M</td>
<td data-sheets-value='{""1"":2,""2"":""L""}'>L</td>
<td data-sheets-value='{""1"":2,""2"":""XL""}'>XL</td>
<td data-sheets-value='{""1"":2,""2"":""2XL""}'>2XL</td>
<td data-sheets-value='{""1"":2,""2"":""3XL""}'>3XL</td>
<td data-sheets-value='{""1"":2,""2"":""4XL""}'>4XL</td>
<td data-sheets-value='{""1"":2,""2"":""5XL""}'>5XL</td>
</tr>
<tr>
<td data-sheets-value='{""1"":2,""2"":""Length""}'>Length</td>
<td data-sheets-value='{""1"":2,""2"":""69.0""}'>69.0</td>
<td data-sheets-value='{""1"":2,""2"":""72.0""}'>72.0</td>
<td data-sheets-value='{""1"":2,""2"":""74.0""}'>74.0</td>
<td data-sheets-value='{""1"":2,""2"":""77.0""}'>77.0</td>
<td data-sheets-value='{""1"":2,""2"":""79.0""}'>79.0</td>
<td data-sheets-value='{""1"":2,""2"":""82.0""}'>82.0</td>
<td data-sheets-value='{""1"":2,""2"":""84.0""}'>84.0</td>
<td data-sheets-value='{""1"":2,""2"":""87.0""}'>87.0</td>
</tr>
<tr>
<td data-sheets-value='{""1"":2,""2"":""Bust""}'>Bust</td>
<td data-sheets-value='{""1"":2,""2"":""88.0""}'>88.0</td>
<td data-sheets-value='{""1"":2,""2"":""98.0""}'>98.0</td>
<td data-sheets-value='{""1"":2,""2"":""108.0""}'>108.0</td>
<td data-sheets-value='{""1"":2,""2"":""118.0""}'>118.0</td>
<td data-sheets-value='{""1"":2,""2"":""128.0""}'>128.0</td>
<td data-sheets-value='{""1"":2,""2"":""138.0""}'>138.0</td>
<td data-sheets-value='{""1"":2,""2"":""148.0""}'>148.0</td>
<td data-sheets-value='{""1"":2,""2"":""158.0""}'>158.0</td>
</tr>
<tr>
<td data-sheets-value='{""1"":2,""2"":""Sleeve""}'>Sleeve</td>
<td data-sheets-value='{""1"":2,""2"":""34.0""}'>34.0</td>
<td data-sheets-value='{""1"":2,""2"":""36.0""}'>36.0</td>
<td data-sheets-value='{""1"":2,""2"":""38.0""}'>38.0</td>
<td data-sheets-value='{""1"":2,""2"":""40.0""}'>40.0</td>
<td data-sheets-value='{""1"":2,""2"":""42.0""}'>42.0</td>
<td data-sheets-value='{""1"":2,""2"":""44.0""}'>44.0</td>
<td data-sheets-value='{""1"":2,""2"":""46.0""}'>46.0</td>
<td data-sheets-value='{""1"":2,""2"":""48.0""}'>48.0</td>
</tr>
</tbody>
</table>
<br>
<p><b data-mce-fragment=""1"">Note:<span> </span></b><strong>Actual product measurements may vary by up to 1 inch (3cm)</strong></p>
</div>
<h2 data-mce-fragment=""1""><b data-mce-fragment=""1"">CARE INSTRUCTIONS</b></h2>
<div data-mce-fragment=""1"">All Noble Pawtrait Clothing – Machine wash in cold water. Mild detergent is safe to use. Do not bleach. Tumble dry.</div>
<div data-mce-fragment=""1""><br data-mce-fragment=""1""></div>
<meta charset=""utf-8""><span data-mce-fragment=""1""></span><span data-mce-fragment=""1""></span><span data-mce-fragment=""1""></span><span data-mce-fragment=""1""></span>
<h2 data-mce-fragment=""1""><b data-mce-fragment=""1"">PRODUCT DETAILS </b></h2>
<p data-mce-fragment=""1"">The Polo shirt is made with <span data-mce-fragment=""1"">100% Polyester</span> that is perfect for printing, the shirt color is vibrant and bright with eye-catching designs. The custom all-over print shirt will make you look so good. Go to beaches in comfort and grab public attention impressively.</p>
<meta charset=""utf-8""><span data-mce-fragment=""1""></span><span data-mce-fragment=""1""></span><span data-mce-fragment=""1""></span><span data-mce-fragment=""1""></span>
<div data-reactid='.1agge3towpi.7.0.${""splat""=2""-/-"",""tagSlug""=2""Aquatic &amp; Land"",""campaignUrl""=2""turtle-sweet-soul""}.0.0.2.3.1.h.2.0' class=""px-1 py-1 lg:px-0 fs-lg flex items-center bc-grey-200"" data-mce-fragment=""1"">
<h2 data-reactid='.1agge3towpi.7.0.${""splat""=2""-/-"",""tagSlug""=2""Aquatic &amp; Land"",""campaignUrl""=2""turtle-sweet-soul""}.0.0.2.3.1.h.2.0.0' class=""flex-grow fw-bold color-black"" data-mce-fragment=""1""><span data-reactid='.1agge3towpi.7.0.${""splat""=2""-/-"",""tagSlug""=2""Aquatic &amp; Land"",""campaignUrl""=2""turtle-sweet-soul""}.0.0.2.3.1.h.2.0.0.0' class=""capitalize"" data-mce-fragment=""1""><span data-reactid='.1agge3towpi.7.0.${""splat""=2""-/-"",""tagSlug""=2""Aquatic &amp; Land"",""campaignUrl""=2""turtle-sweet-soul""}.0.0.2.3.1.h.2.0.0.0.0' data-mce-fragment=""1"">SHIPPING INFO</span></span></h2>
</div>
<div data-reactid='.1agge3towpi.7.0.${""splat""=2""-/-"",""tagSlug""=2""Aquatic &amp; Land"",""campaignUrl""=2""turtle-sweet-soul""}.0.0.2.3.1.h.2.1' class=""px-1 pb-1 lg:px-0 bgc-white"" data-mce-fragment=""1"">
<div data-reactid='.1agge3towpi.7.0.${""splat""=2""-/-"",""tagSlug""=2""Aquatic &amp; Land"",""campaignUrl""=2""turtle-sweet-soul""}.0.0.2.3.1.h.2.1.0' data-mce-fragment=""1"">
<p data-mce-fragment=""1""><span class=""emoji"" data-mce-fragment=""1"">📦 US, Canada, and Europe </span><span data-reactid='.1agge3towpi.7.0.${""splat""=2""-/-"",""tagSlug""=2""Aquatic &amp; Land"",""campaignUrl""=2""turtle-sweet-soul""}.0.0.2.3.1.h.2.1.0.0.0' data-mce-fragment=""1"">Orders ship within 10 to 15 business days (delaying time can be 15-21 business days due to Covid-19). </span>Up to 30 working days transit time for rest of world.</p>
</div>
<div data-reactid='.1agge3towpi.7.0.${""splat""=2""-/-"",""tagSlug""=2""Aquatic &amp; Land"",""campaignUrl""=2""turtle-sweet-soul""}.0.0.2.3.1.h.2.1.2' class=""mb-1"" data-mce-fragment=""1"">
<span data-reactid='.1agge3towpi.7.0.${""splat""=2""-/-"",""tagSlug""=2""Aquatic &amp; Land"",""campaignUrl""=2""turtle-sweet-soul""}.0.0.2.3.1.h.2.1.2.0' data-mce-fragment=""1"">📦 For more details about our shipping rates, please visit </span><a href=""https://noblepawtrait.com/pages/faq"" data-mce-fragment=""1"" data-mce-href=""https://noblepawtrait.com/pages/faq""><span data-reactid='.1agge3towpi.7.0.${""splat""=2""-/-"",""tagSlug""=2""Aquatic &amp; Land"",""campaignUrl""=2""turtle-sweet-soul""}.0.0.2.3.1.h.2.1.2.1.0' data-mce-fragment=""1"">here</span></a>
</div>
<div data-reactid='.1agge3towpi.7.0.${""splat""=2""-/-"",""tagSlug""=2""Aquatic &amp; Land"",""campaignUrl""=2""turtle-sweet-soul""}.0.0.2.3.1.h.2.1.2' class=""mb-1"" data-mce-fragment=""1"">
<span data-reactid='.1agge3towpi.7.0.${""splat""=2""-/-"",""tagSlug""=2""Aquatic &amp; Land"",""campaignUrl""=2""turtle-sweet-soul""}.0.0.2.3.1.h.2.1.2.1.0' data-mce-fragment=""1""></span><br data-mce-fragment=""1"">
</div>
<div data-reactid='.1agge3towpi.7.0.${""splat""=2""-/-"",""tagSlug""=2""Aquatic &amp; Land"",""campaignUrl""=2""turtle-sweet-soul""}.0.0.2.3.1.h.2.1.2' class=""mb-1"" data-mce-fragment=""1"">
<h2 data-reactid='.1agge3towpi.7.0.${""splat""=2""-/-"",""tagSlug""=2""Aquatic &amp; Land"",""campaignUrl""=2""turtle-sweet-soul""}.0.0.2.3.1.h.2.0.0' class=""flex-grow fw-bold color-black"" data-mce-fragment=""1""><span data-reactid='.1agge3towpi.7.0.${""splat""=2""-/-"",""tagSlug""=2""Aquatic &amp; Land"",""campaignUrl""=2""turtle-sweet-soul""}.0.0.2.3.1.h.2.0.0.0' class=""capitalize"" data-mce-fragment=""1""><span data-reactid='.1agge3towpi.7.0.${""splat""=2""-/-"",""tagSlug""=2""Aquatic &amp; Land"",""campaignUrl""=2""turtle-sweet-soul""}.0.0.2.3.1.h.2.0.0.0.0' data-mce-fragment=""1"">MORE QUESTION?</span></span></h2>
</div>
<div data-reactid='.1agge3towpi.7.0.${""splat""=2""-/-"",""tagSlug""=2""Aquatic &amp; Land"",""campaignUrl""=2""turtle-sweet-soul""}.0.0.2.3.1.h.2.1.2' class=""mb-1"" data-mce-fragment=""1"">Don't hesitate to contact us<span data-mce-fragment=""1""> </span><a href=""https://noblepawtrait.com/pages/contact-us"" data-mce-fragment=""1"" data-mce-href=""https://noblepawtrait.com/pages/contact-us"">here</a><span data-mce-fragment=""1""> </span>❤️</div>
<div data-reactid='.1agge3towpi.7.0.${""splat""=2""-/-"",""tagSlug""=2""Aquatic &amp; Land"",""campaignUrl""=2""turtle-sweet-soul""}.0.0.2.3.1.h.2.1.2' class=""mb-1"" data-mce-fragment=""1""><br data-mce-fragment=""1""></div>
</div>
<p data-mce-fragment=""1""><span data-mce-fragment=""1"">Join the growing family of Noble Pawtrait and before long, you’ll be enjoying side-splitting laughter at people’s reactions!</span></p>",,,taxable,,1,,,0,0,,,,,1,,,,Polo Shirt,,,"https://cdn.shopify.com/s/files/1/0291/0214/5580/products/Polo02mk1.jpg?v=1660738670,https://cdn.shopify.com/s/files/1/0291/0214/5580/products/Polo02mk2.jpg?v=1660738671,https://cdn.shopify.com/s/files/1/0291/0214/5580/products/Polo02mk3.jpg?v=1660738670,https://cdn.shopify.com/s/files/1/0291/0214/5580/products/Polo02mk4.jpg?v=1660738671",,,,,,,,,0,Size,"S,M,L,XL,2XL,3XL,4XL,5XL,6XL",0,1,S,Number Of Pets,"1,2,3,4,5",0,1,1,,,,,,
,variation,,Custom Polo Shirt With Dog Face | Personalized Gift For Dog Dad | Blizzard Blue Leaves Pattern Men Polo Shirt,1,0,visible,,,,,taxable,parent,1,,,,0,,,,,0,,,49.95,,,,,,,7.76072E+12,,,,,,1,Size,S,,1,,Number Of Pets,1,,1,,,,,,,
,variation,,Custom Polo Shirt With Dog Face | Personalized Gift For Dog Dad | Blizzard Blue Leaves Pattern Men Polo Shirt,1,0,visible,,,,,taxable,parent,1,,,,0,,,,,0,,,54.95,,,,,,,7.76072E+12,,,,,,2,Size,S,,1,,Number Of Pets,2,,1,,,,,,,
,variation,,Custom Polo Shirt With Dog Face | Personalized Gift For Dog Dad | Blizzard Blue Leaves Pattern Men Polo Shirt,1,0,visible,,,,,taxable,parent,1,,,,0,,,,,0,,,59.95,,,,,,,7.76072E+12,,,,,,3,Size,S,,1,,Number Of Pets,3,,1,,,,,,,
,variation,,Custom Polo Shirt With Dog Face | Personalized Gift For Dog Dad | Blizzard Blue Leaves Pattern Men Polo Shirt,1,0,visible,,,,,taxable,parent,1,,,,0,,,,,0,,,64.95,,,,,,,7.76072E+12,,,,,,4,Size,S,,1,,Number Of Pets,4,,1,,,,,,,
,variation,,Custom Polo Shirt With Dog Face | Personalized Gift For Dog Dad | Blizzard Blue Leaves Pattern Men Polo Shirt,1,0,visible,,,,,taxable,parent,1,,,,0,,,,,0,,,69.95,,,,,,,7.76072E+12,,,,,,5,Size,S,,1,,Number Of Pets,5,,1,,,,,,,
,variation,,Custom Polo Shirt With Dog Face | Personalized Gift For Dog Dad | Blizzard Blue Leaves Pattern Men Polo Shirt,1,0,visible,,,,,taxable,parent,1,,,,0,,,,,0,,,49.95,,,,,,,7.76072E+12,,,,,,6,Size,M,,1,,Number Of Pets,1,,1,,,,,,,
,variation,,Custom Polo Shirt With Dog Face | Personalized Gift For Dog Dad | Blizzard Blue Leaves Pattern Men Polo Shirt,1,0,visible,,,,,taxable,parent,1,,,,0,,,,,0,,,54.95,,,,,,,7.76072E+12,,,,,,7,Size,M,,1,,Number Of Pets,2,,1,,,,,,,
,variation,,Custom Polo Shirt With Dog Face | Personalized Gift For Dog Dad | Blizzard Blue Leaves Pattern Men Polo Shirt,1,0,visible,,,,,taxable,parent,1,,,,0,,,,,0,,,59.95,,,,,,,7.76072E+12,,,,,,8,Size,M,,1,,Number Of Pets,3,,1,,,,,,,
,variation,,Custom Polo Shirt With Dog Face | Personalized Gift For Dog Dad | Blizzard Blue Leaves Pattern Men Polo Shirt,1,0,visible,,,,,taxable,parent,1,,,,0,,,,,0,,,64.95,,,,,,,7.76072E+12,,,,,,9,Size,M,,1,,Number Of Pets,4,,1,,,,,,,
,variation,,Custom Polo Shirt With Dog Face | Personalized Gift For Dog Dad | Blizzard Blue Leaves Pattern Men Polo Shirt,1,0,visible,,,,,taxable,parent,1,,,,0,,,,,0,,,69.95,,,,,,,7.76072E+12,,,,,,10,Size,M,,1,,Number Of Pets,5,,1,,,,,,,
,variation,,Custom Polo Shirt With Dog Face | Personalized Gift For Dog Dad | Blizzard Blue Leaves Pattern Men Polo Shirt,1,0,visible,,,,,taxable,parent,1,,,,0,,,,,0,,,49.95,,,,,,,7.76072E+12,,,,,,11,Size,L,,1,,Number Of Pets,1,,1,,,,,,,
,variation,,Custom Polo Shirt With Dog Face | Personalized Gift For Dog Dad | Blizzard Blue Leaves Pattern Men Polo Shirt,1,0,visible,,,,,taxable,parent,1,,,,0,,,,,0,,,54.95,,,,,,,7.76072E+12,,,,,,12,Size,L,,1,,Number Of Pets,2,,1,,,,,,,
,variation,,Custom Polo Shirt With Dog Face | Personalized Gift For Dog Dad | Blizzard Blue Leaves Pattern Men Polo Shirt,1,0,visible,,,,,taxable,parent,1,,,,0,,,,,0,,,59.95,,,,,,,7.76072E+12,,,,,,13,Size,L,,1,,Number Of Pets,3,,1,,,,,,,
,variation,,Custom Polo Shirt With Dog Face | Personalized Gift For Dog Dad | Blizzard Blue Leaves Pattern Men Polo Shirt,1,0,visible,,,,,taxable,parent,1,,,,0,,,,,0,,,64.95,,,,,,,7.76072E+12,,,,,,14,Size,L,,1,,Number Of Pets,4,,1,,,,,,,
,variation,,Custom Polo Shirt With Dog Face | Personalized Gift For Dog Dad | Blizzard Blue Leaves Pattern Men Polo Shirt,1,0,visible,,,,,taxable,parent,1,,,,0,,,,,0,,,69.95,,,,,,,7.76072E+12,,,,,,15,Size,L,,1,,Number Of Pets,5,,1,,,,,,,
,variation,,Custom Polo Shirt With Dog Face | Personalized Gift For Dog Dad | Blizzard Blue Leaves Pattern Men Polo Shirt,1,0,visible,,,,,taxable,parent,1,,,,0,,,,,0,,,49.95,,,,,,,7.76072E+12,,,,,,16,Size,XL,,1,,Number Of Pets,1,,1,,,,,,,
,variation,,Custom Polo Shirt With Dog Face | Personalized Gift For Dog Dad | Blizzard Blue Leaves Pattern Men Polo Shirt,1,0,visible,,,,,taxable,parent,1,,,,0,,,,,0,,,54.95,,,,,,,7.76072E+12,,,,,,17,Size,XL,,1,,Number Of Pets,2,,1,,,,,,,
,variation,,Custom Polo Shirt With Dog Face | Personalized Gift For Dog Dad | Blizzard Blue Leaves Pattern Men Polo Shirt,1,0,visible,,,,,taxable,parent,1,,,,0,,,,,0,,,59.95,,,,,,,7.76072E+12,,,,,,18,Size,XL,,1,,Number Of Pets,3,,1,,,,,,,
,variation,,Custom Polo Shirt With Dog Face | Personalized Gift For Dog Dad | Blizzard Blue Leaves Pattern Men Polo Shirt,1,0,visible,,,,,taxable,parent,1,,,,0,,,,,0,,,64.95,,,,,,,7.76072E+12,,,,,,19,Size,XL,,1,,Number Of Pets,4,,1,,,,,,,
,variation,,Custom Polo Shirt With Dog Face | Personalized Gift For Dog Dad | Blizzard Blue Leaves Pattern Men Polo Shirt,1,0,visible,,,,,taxable,parent,1,,,,0,,,,,0,,,69.95,,,,,,,7.76072E+12,,,,,,20,Size,XL,,1,,Number Of Pets,5,,1,,,,,,,
,variation,,Custom Polo Shirt With Dog Face | Personalized Gift For Dog Dad | Blizzard Blue Leaves Pattern Men Polo Shirt,1,0,visible,,,,,taxable,parent,1,,,,0,,,,,0,,,49.95,,,,,,,7.76072E+12,,,,,,21,Size,2XL,,1,,Number Of Pets,1,,1,,,,,,,
,variation,,Custom Polo Shirt With Dog Face | Personalized Gift For Dog Dad | Blizzard Blue Leaves Pattern Men Polo Shirt,1,0,visible,,,,,taxable,parent,1,,,,0,,,,,0,,,54.95,,,,,,,7.76072E+12,,,,,,22,Size,2XL,,1,,Number Of Pets,2,,1,,,,,,,
,variation,,Custom Polo Shirt With Dog Face | Personalized Gift For Dog Dad | Blizzard Blue Leaves Pattern Men Polo Shirt,1,0,visible,,,,,taxable,parent,1,,,,0,,,,,0,,,59.95,,,,,,,7.76072E+12,,,,,,23,Size,2XL,,1,,Number Of Pets,3,,1,,,,,,,
,variation,,Custom Polo Shirt With Dog Face | Personalized Gift For Dog Dad | Blizzard Blue Leaves Pattern Men Polo Shirt,1,0,visible,,,,,taxable,parent,1,,,,0,,,,,0,,,64.95,,,,,,,7.76072E+12,,,,,,24,Size,2XL,,1,,Number Of Pets,4,,1,,,,,,,
,variation,,Custom Polo Shirt With Dog Face | Personalized Gift For Dog Dad | Blizzard Blue Leaves Pattern Men Polo Shirt,1,0,visible,,,,,taxable,parent,1,,,,0,,,,,0,,,69.95,,,,,,,7.76072E+12,,,,,,25,Size,2XL,,1,,Number Of Pets,5,,1,,,,,,,
,variation,,Custom Polo Shirt With Dog Face | Personalized Gift For Dog Dad | Blizzard Blue Leaves Pattern Men Polo Shirt,1,0,visible,,,,,taxable,parent,1,,,,0,,,,,0,,,49.95,,,,,,,7.76072E+12,,,,,,26,Size,3XL,,1,,Number Of Pets,1,,1,,,,,,,
,variation,,Custom Polo Shirt With Dog Face | Personalized Gift For Dog Dad | Blizzard Blue Leaves Pattern Men Polo Shirt,1,0,visible,,,,,taxable,parent,1,,,,0,,,,,0,,,54.95,,,,,,,7.76072E+12,,,,,,27,Size,3XL,,1,,Number Of Pets,2,,1,,,,,,,
,variation,,Custom Polo Shirt With Dog Face | Personalized Gift For Dog Dad | Blizzard Blue Leaves Pattern Men Polo Shirt,1,0,visible,,,,,taxable,parent,1,,,,0,,,,,0,,,59.95,,,,,,,7.76072E+12,,,,,,28,Size,3XL,,1,,Number Of Pets,3,,1,,,,,,,
,variation,,Custom Polo Shirt With Dog Face | Personalized Gift For Dog Dad | Blizzard Blue Leaves Pattern Men Polo Shirt,1,0,visible,,,,,taxable,parent,1,,,,0,,,,,0,,,64.95,,,,,,,7.76072E+12,,,,,,29,Size,3XL,,1,,Number Of Pets,4,,1,,,,,,,
,variation,,Custom Polo Shirt With Dog Face | Personalized Gift For Dog Dad | Blizzard Blue Leaves Pattern Men Polo Shirt,1,0,visible,,,,,taxable,parent,1,,,,0,,,,,0,,,69.95,,,,,,,7.76072E+12,,,,,,30,Size,3XL,,1,,Number Of Pets,5,,1,,,,,,,
,variation,,Custom Polo Shirt With Dog Face | Personalized Gift For Dog Dad | Blizzard Blue Leaves Pattern Men Polo Shirt,1,0,visible,,,,,taxable,parent,1,,,,0,,,,,0,,,49.95,,,,,,,7.76072E+12,,,,,,31,Size,4XL,,1,,Number Of Pets,1,,1,,,,,,,
,variation,,Custom Polo Shirt With Dog Face | Personalized Gift For Dog Dad | Blizzard Blue Leaves Pattern Men Polo Shirt,1,0,visible,,,,,taxable,parent,1,,,,0,,,,,0,,,54.95,,,,,,,7.76072E+12,,,,,,32,Size,4XL,,1,,Number Of Pets,2,,1,,,,,,,
,variation,,Custom Polo Shirt With Dog Face | Personalized Gift For Dog Dad | Blizzard Blue Leaves Pattern Men Polo Shirt,1,0,visible,,,,,taxable,parent,1,,,,0,,,,,0,,,59.95,,,,,,,7.76072E+12,,,,,,33,Size,4XL,,1,,Number Of Pets,3,,1,,,,,,,
,variation,,Custom Polo Shirt With Dog Face | Personalized Gift For Dog Dad | Blizzard Blue Leaves Pattern Men Polo Shirt,1,0,visible,,,,,taxable,parent,1,,,,0,,,,,0,,,64.95,,,,,,,7.76072E+12,,,,,,34,Size,4XL,,1,,Number Of Pets,4,,1,,,,,,,
,variation,,Custom Polo Shirt With Dog Face | Personalized Gift For Dog Dad | Blizzard Blue Leaves Pattern Men Polo Shirt,1,0,visible,,,,,taxable,parent,1,,,,0,,,,,0,,,69.95,,,,,,,7.76072E+12,,,,,,35,Size,4XL,,1,,Number Of Pets,5,,1,,,,,,,
,variation,,Custom Polo Shirt With Dog Face | Personalized Gift For Dog Dad | Blizzard Blue Leaves Pattern Men Polo Shirt,1,0,visible,,,,,taxable,parent,1,,,,0,,,,,0,,,49.95,,,,,,,7.76072E+12,,,,,,36,Size,5XL,,1,,Number Of Pets,1,,1,,,,,,,
,variation,,Custom Polo Shirt With Dog Face | Personalized Gift For Dog Dad | Blizzard Blue Leaves Pattern Men Polo Shirt,1,0,visible,,,,,taxable,parent,1,,,,0,,,,,0,,,54.95,,,,,,,7.76072E+12,,,,,,37,Size,5XL,,1,,Number Of Pets,2,,1,,,,,,,
,variation,,Custom Polo Shirt With Dog Face | Personalized Gift For Dog Dad | Blizzard Blue Leaves Pattern Men Polo Shirt,1,0,visible,,,,,taxable,parent,1,,,,0,,,,,0,,,59.95,,,,,,,7.76072E+12,,,,,,38,Size,5XL,,1,,Number Of Pets,3,,1,,,,,,,
,variation,,Custom Polo Shirt With Dog Face | Personalized Gift For Dog Dad | Blizzard Blue Leaves Pattern Men Polo Shirt,1,0,visible,,,,,taxable,parent,1,,,,0,,,,,0,,,64.95,,,,,,,7.76072E+12,,,,,,39,Size,5XL,,1,,Number Of Pets,4,,1,,,,,,,
,variation,,Custom Polo Shirt With Dog Face | Personalized Gift For Dog Dad | Blizzard Blue Leaves Pattern Men Polo Shirt,1,0,visible,,,,,taxable,parent,1,,,,0,,,,,0,,,69.95,,,,,,,7.76072E+12,,,,,,40,Size,5XL,,1,,Number Of Pets,5,,1,,,,,,,
,variation,,Custom Polo Shirt With Dog Face | Personalized Gift For Dog Dad | Blizzard Blue Leaves Pattern Men Polo Shirt,1,0,visible,,,,,taxable,parent,1,,,,0,,,,,0,,,49.95,,,,,,,7.76072E+12,,,,,,41,Size,6XL,,1,,Number Of Pets,1,,1,,,,,,,
,variation,,Custom Polo Shirt With Dog Face | Personalized Gift For Dog Dad | Blizzard Blue Leaves Pattern Men Polo Shirt,1,0,visible,,,,,taxable,parent,1,,,,0,,,,,0,,,54.95,,,,,,,7.76072E+12,,,,,,42,Size,6XL,,1,,Number Of Pets,2,,1,,,,,,,
,variation,,Custom Polo Shirt With Dog Face | Personalized Gift For Dog Dad | Blizzard Blue Leaves Pattern Men Polo Shirt,1,0,visible,,,,,taxable,parent,1,,,,0,,,,,0,,,59.95,,,,,,,7.76072E+12,,,,,,43,Size,6XL,,1,,Number Of Pets,3,,1,,,,,,,
,variation,,Custom Polo Shirt With Dog Face | Personalized Gift For Dog Dad | Blizzard Blue Leaves Pattern Men Polo Shirt,1,0,visible,,,,,taxable,parent,1,,,,0,,,,,0,,,64.95,,,,,,,7.76072E+12,,,,,,44,Size,6XL,,1,,Number Of Pets,4,,1,,,,,,,
,variation,,Custom Polo Shirt With Dog Face | Personalized Gift For Dog Dad | Blizzard Blue Leaves Pattern Men Polo Shirt,1,0,visible,,,,,taxable,parent,1,,,,0,,,,,0,,,69.95,,,,,,,7.76072E+12,,,,,,45,Size,6XL,,1,,Number Of Pets,5,,1,,,,,,,
,variable,,Custom Polo Shirt With Dog Face | Personalized Gift For Dog Dad | Dark Blue & Orange Leave Pattern Men Polo Shirt,1,0,visible,,"<div data-mce-fragment=""1"">
<h2 data-mce-fragment=""1"">HOW TO ORDER:</h2>
<div data-mce-fragment=""1"">1. Choose the size from the drop-down menu</div>
<div data-mce-fragment=""1"">2. Upload the photo of your pet</div>
<div data-mce-fragment=""1"">3.<meta charset=""utf-8""> <span data-mce-fragment=""1"">Click on 'Add To Cart</span>
</div>
<div data-mce-fragment=""1"">4. Add your delivery address and bank details</div>
<div data-mce-fragment=""1"">5. And that's it!</div>
<div data-mce-fragment=""1""><b data-mce-fragment=""1"">NOTE: BUY 2 OR MORE TO SAVE YOUR SHIPPING COST !!!</b></div>
<div data-mce-fragment=""1""><b data-mce-fragment=""1""></b></div>
</div>
<div data-mce-fragment=""1"">
<div data-mce-fragment=""1"">
<h2 data-mce-fragment=""1""><strong data-mce-fragment=""1"">SIZING GUIDE</strong></h2>
</div>
</div>
<style type=""text/css""><!--
td {border: 1px solid #ccc;}br {mso-data-placement:same-cell;}
--></style>
<style type=""text/css""><!--
td {border: 1px solid #ccc;}br {mso-data-placement:same-cell;}
--></style>
<div data-mce-fragment=""1"">
<table border=""1"" dir=""ltr"" cellpadding=""0"" cellspacing=""0"" xmlns=""http://www.w3.org/1999/xhtml"">
<colgroup> <col width=""100""> <col width=""100""> <col width=""100""> <col width=""100""> <col width=""100""> <col width=""100""> <col width=""100""> <col width=""100""> <col width=""100""> </colgroup>
<tbody>
<tr>
<td data-sheets-value='{""1"":2,""2"":""inch""}'>inch</td>
<td data-sheets-value='{""1"":2,""2"":""S""}'>S</td>
<td data-sheets-value='{""1"":2,""2"":""M""}'>M</td>
<td data-sheets-value='{""1"":2,""2"":""L""}'>L</td>
<td data-sheets-value='{""1"":2,""2"":""XL""}'>XL</td>
<td data-sheets-value='{""1"":2,""2"":""2XL""}'>2XL</td>
<td data-sheets-value='{""1"":2,""2"":""3XL""}'>3XL</td>
<td data-sheets-value='{""1"":2,""2"":""4XL""}'>4XL</td>
<td data-sheets-value='{""1"":2,""2"":""5XL""}'>5XL</td>
</tr>
<tr>
<td data-sheets-value='{""1"":2,""2"":""Length""}'>Length</td>
<td data-sheets-numberformat='{""1"":5,""2"":""d.m"",""3"":1}' data-sheets-value='{""1"":3,""3"":44619}'>27.2</td>
<td data-sheets-numberformat='{""1"":5,""2"":""d.m"",""3"":1}' data-sheets-value='{""1"":3,""3"":44648}'>28.3</td>
<td data-sheets-numberformat='{""1"":5,""2"":""d.m"",""3"":1}' data-sheets-value='{""1"":3,""3"":44590}'>29.1</td>
<td data-sheets-numberformat='{""1"":5,""2"":""d.m"",""3"":1}' data-sheets-value='{""1"":3,""3"":44650}'>30.3</td>
<td data-sheets-numberformat='{""1"":5,""2"":""d.m"",""3"":1}' data-sheets-value='{""1"":3,""3"":44592}'>31.1</td>
<td data-sheets-value='{""1"":2,""2"":""32.3""}'>32.3</td>
<td data-sheets-value='{""1"":2,""2"":""33.1""}'>33.1</td>
<td data-sheets-value='{""1"":2,""2"":""34.3""}'>34.3</td>
</tr>
<tr>
<td data-sheets-value='{""1"":2,""2"":""Bust""}'>Bust</td>
<td data-sheets-value='{""1"":2,""2"":""34.6""}'>34.6</td>
<td data-sheets-value='{""1"":2,""2"":""38.6""}'>38.6</td>
<td data-sheets-value='{""1"":2,""2"":""42.5""}'>42.5</td>
<td data-sheets-value='{""1"":2,""2"":""46.5""}'>46.5</td>
<td data-sheets-value='{""1"":2,""2"":""50.4""}'>50.4</td>
<td data-sheets-value='{""1"":2,""2"":""54.3""}'>54.3</td>
<td data-sheets-value='{""1"":2,""2"":""58.3""}'>58.3</td>
<td data-sheets-value='{""1"":2,""2"":""62.2""}'>62.2</td>
</tr>
<tr>
<td data-sheets-value='{""1"":2,""2"":""Sleeve""}'>Sleeve</td>
<td data-sheets-numberformat='{""1"":5,""2"":""d.m"",""3"":1}' data-sheets-value='{""1"":3,""3"":44664}'>13.4</td>
<td data-sheets-numberformat='{""1"":5,""2"":""d.m"",""3"":1}' data-sheets-value='{""1"":3,""3"":44606}'>14.2</td>
<td data-sheets-value='{""1"":2,""2"":""15.0""}'>15.0</td>
<td data-sheets-numberformat='{""1"":5,""2"":""d.m"",""3"":1}' data-sheets-value='{""1"":3,""3"":44757}'>15.7</td>
<td data-sheets-numberformat='{""1"":5,""2"":""d.m"",""3"":1}' data-sheets-value='{""1"":3,""3"":44697}'>16.5</td>
<td data-sheets-numberformat='{""1"":5,""2"":""d.m"",""3"":1}' data-sheets-value='{""1"":3,""3"":44637}'>17.3</td>
<td data-sheets-numberformat='{""1"":5,""2"":""d.m"",""3"":1}' data-sheets-value='{""1"":3,""3"":44579}'>18.1</td>
<td data-sheets-numberformat='{""1"":5,""2"":""d.m"",""3"":1}' data-sheets-value='{""1"":3,""3"":44822}'>18.9</td>
</tr>
<tr>
<td></td>
<td></td>
<td></td>
<td></td>
<td></td>
<td></td>
<td></td>
<td></td>
<td></td>
</tr>
<tr>
<td data-sheets-value='{""1"":2,""2"":""centimeter""}'>centimeter</td>
<td data-sheets-value='{""1"":2,""2"":""S""}'>S</td>
<td data-sheets-value='{""1"":2,""2"":""M""}'>M</td>
<td data-sheets-value='{""1"":2,""2"":""L""}'>L</td>
<td data-sheets-value='{""1"":2,""2"":""XL""}'>XL</td>
<td data-sheets-value='{""1"":2,""2"":""2XL""}'>2XL</td>
<td data-sheets-value='{""1"":2,""2"":""3XL""}'>3XL</td>
<td data-sheets-value='{""1"":2,""2"":""4XL""}'>4XL</td>
<td data-sheets-value='{""1"":2,""2"":""5XL""}'>5XL</td>
</tr>
<tr>
<td data-sheets-value='{""1"":2,""2"":""Length""}'>Length</td>
<td data-sheets-value='{""1"":2,""2"":""69.0""}'>69.0</td>
<td data-sheets-value='{""1"":2,""2"":""72.0""}'>72.0</td>
<td data-sheets-value='{""1"":2,""2"":""74.0""}'>74.0</td>
<td data-sheets-value='{""1"":2,""2"":""77.0""}'>77.0</td>
<td data-sheets-value='{""1"":2,""2"":""79.0""}'>79.0</td>
<td data-sheets-value='{""1"":2,""2"":""82.0""}'>82.0</td>
<td data-sheets-value='{""1"":2,""2"":""84.0""}'>84.0</td>
<td data-sheets-value='{""1"":2,""2"":""87.0""}'>87.0</td>
</tr>
<tr>
<td data-sheets-value='{""1"":2,""2"":""Bust""}'>Bust</td>
<td data-sheets-value='{""1"":2,""2"":""88.0""}'>88.0</td>
<td data-sheets-value='{""1"":2,""2"":""98.0""}'>98.0</td>
<td data-sheets-value='{""1"":2,""2"":""108.0""}'>108.0</td>
<td data-sheets-value='{""1"":2,""2"":""118.0""}'>118.0</td>
<td data-sheets-value='{""1"":2,""2"":""128.0""}'>128.0</td>
<td data-sheets-value='{""1"":2,""2"":""138.0""}'>138.0</td>
<td data-sheets-value='{""1"":2,""2"":""148.0""}'>148.0</td>
<td data-sheets-value='{""1"":2,""2"":""158.0""}'>158.0</td>
</tr>
<tr>
<td data-sheets-value='{""1"":2,""2"":""Sleeve""}'>Sleeve</td>
<td data-sheets-value='{""1"":2,""2"":""34.0""}'>34.0</td>
<td data-sheets-value='{""1"":2,""2"":""36.0""}'>36.0</td>
<td data-sheets-value='{""1"":2,""2"":""38.0""}'>38.0</td>
<td data-sheets-value='{""1"":2,""2"":""40.0""}'>40.0</td>
<td data-sheets-value='{""1"":2,""2"":""42.0""}'>42.0</td>
<td data-sheets-value='{""1"":2,""2"":""44.0""}'>44.0</td>
<td data-sheets-value='{""1"":2,""2"":""46.0""}'>46.0</td>
<td data-sheets-value='{""1"":2,""2"":""48.0""}'>48.0</td>
</tr>
</tbody>
</table>
<br>
<p><b data-mce-fragment=""1"">Note:<span> </span></b><strong>Actual product measurements may vary by up to 1 inch (3cm)</strong></p>
</div>
<h2 data-mce-fragment=""1""><b data-mce-fragment=""1"">CARE INSTRUCTIONS</b></h2>
<div data-mce-fragment=""1"">All Noble Pawtrait Clothing – Machine wash in cold water. Mild detergent is safe to use. Do not bleach. Tumble dry.</div>
<div data-mce-fragment=""1""><br data-mce-fragment=""1""></div>
<meta charset=""utf-8""><span data-mce-fragment=""1""></span><span data-mce-fragment=""1""></span><span data-mce-fragment=""1""></span><span data-mce-fragment=""1""></span>
<h2 data-mce-fragment=""1""><b data-mce-fragment=""1"">PRODUCT DETAILS </b></h2>
<p data-mce-fragment=""1"">The Polo shirt is made with <span data-mce-fragment=""1"">100% Polyester</span> that is perfect for printing, the shirt color is vibrant and bright with eye-catching designs. The custom all-over print shirt will make you look so good. Go to beaches in comfort and grab public attention impressively.</p>
<meta charset=""utf-8""><span data-mce-fragment=""1""></span><span data-mce-fragment=""1""></span><span data-mce-fragment=""1""></span><span data-mce-fragment=""1""></span>
<div data-reactid='.1agge3towpi.7.0.${""splat""=2""-/-"",""tagSlug""=2""Aquatic &amp; Land"",""campaignUrl""=2""turtle-sweet-soul""}.0.0.2.3.1.h.2.0' class=""px-1 py-1 lg:px-0 fs-lg flex items-center bc-grey-200"" data-mce-fragment=""1"">
<h2 data-reactid='.1agge3towpi.7.0.${""splat""=2""-/-"",""tagSlug""=2""Aquatic &amp; Land"",""campaignUrl""=2""turtle-sweet-soul""}.0.0.2.3.1.h.2.0.0' class=""flex-grow fw-bold color-black"" data-mce-fragment=""1""><span data-reactid='.1agge3towpi.7.0.${""splat""=2""-/-"",""tagSlug""=2""Aquatic &amp; Land"",""campaignUrl""=2""turtle-sweet-soul""}.0.0.2.3.1.h.2.0.0.0' class=""capitalize"" data-mce-fragment=""1""><span data-reactid='.1agge3towpi.7.0.${""splat""=2""-/-"",""tagSlug""=2""Aquatic &amp; Land"",""campaignUrl""=2""turtle-sweet-soul""}.0.0.2.3.1.h.2.0.0.0.0' data-mce-fragment=""1"">SHIPPING INFO</span></span></h2>
</div>
<div data-reactid='.1agge3towpi.7.0.${""splat""=2""-/-"",""tagSlug""=2""Aquatic &amp; Land"",""campaignUrl""=2""turtle-sweet-soul""}.0.0.2.3.1.h.2.1' class=""px-1 pb-1 lg:px-0 bgc-white"" data-mce-fragment=""1"">
<div data-reactid='.1agge3towpi.7.0.${""splat""=2""-/-"",""tagSlug""=2""Aquatic &amp; Land"",""campaignUrl""=2""turtle-sweet-soul""}.0.0.2.3.1.h.2.1.0' data-mce-fragment=""1"">
<p data-mce-fragment=""1""><span class=""emoji"" data-mce-fragment=""1"">📦 US, Canada, and Europe </span><span data-reactid='.1agge3towpi.7.0.${""splat""=2""-/-"",""tagSlug""=2""Aquatic &amp; Land"",""campaignUrl""=2""turtle-sweet-soul""}.0.0.2.3.1.h.2.1.0.0.0' data-mce-fragment=""1"">Orders ship within 10 to 15 business days (delaying time can be 15-21 business days due to Covid-19). </span>Up to 30 working days transit time for rest of world.</p>
</div>
<div data-reactid='.1agge3towpi.7.0.${""splat""=2""-/-"",""tagSlug""=2""Aquatic &amp; Land"",""campaignUrl""=2""turtle-sweet-soul""}.0.0.2.3.1.h.2.1.2' class=""mb-1"" data-mce-fragment=""1"">
<span data-reactid='.1agge3towpi.7.0.${""splat""=2""-/-"",""tagSlug""=2""Aquatic &amp; Land"",""campaignUrl""=2""turtle-sweet-soul""}.0.0.2.3.1.h.2.1.2.0' data-mce-fragment=""1"">📦 For more details about our shipping rates, please visit </span><a href=""https://noblepawtrait.com/pages/faq"" data-mce-fragment=""1"" data-mce-href=""https://noblepawtrait.com/pages/faq""><span data-reactid='.1agge3towpi.7.0.${""splat""=2""-/-"",""tagSlug""=2""Aquatic &amp; Land"",""campaignUrl""=2""turtle-sweet-soul""}.0.0.2.3.1.h.2.1.2.1.0' data-mce-fragment=""1"">here</span></a>
</div>
<div data-reactid='.1agge3towpi.7.0.${""splat""=2""-/-"",""tagSlug""=2""Aquatic &amp; Land"",""campaignUrl""=2""turtle-sweet-soul""}.0.0.2.3.1.h.2.1.2' class=""mb-1"" data-mce-fragment=""1"">
<span data-reactid='.1agge3towpi.7.0.${""splat""=2""-/-"",""tagSlug""=2""Aquatic &amp; Land"",""campaignUrl""=2""turtle-sweet-soul""}.0.0.2.3.1.h.2.1.2.1.0' data-mce-fragment=""1""></span><br data-mce-fragment=""1"">
</div>
<div data-reactid='.1agge3towpi.7.0.${""splat""=2""-/-"",""tagSlug""=2""Aquatic &amp; Land"",""campaignUrl""=2""turtle-sweet-soul""}.0.0.2.3.1.h.2.1.2' class=""mb-1"" data-mce-fragment=""1"">
<h2 data-reactid='.1agge3towpi.7.0.${""splat""=2""-/-"",""tagSlug""=2""Aquatic &amp; Land"",""campaignUrl""=2""turtle-sweet-soul""}.0.0.2.3.1.h.2.0.0' class=""flex-grow fw-bold color-black"" data-mce-fragment=""1""><span data-reactid='.1agge3towpi.7.0.${""splat""=2""-/-"",""tagSlug""=2""Aquatic &amp; Land"",""campaignUrl""=2""turtle-sweet-soul""}.0.0.2.3.1.h.2.0.0.0' class=""capitalize"" data-mce-fragment=""1""><span data-reactid='.1agge3towpi.7.0.${""splat""=2""-/-"",""tagSlug""=2""Aquatic &amp; Land"",""campaignUrl""=2""turtle-sweet-soul""}.0.0.2.3.1.h.2.0.0.0.0' data-mce-fragment=""1"">MORE QUESTION?</span></span></h2>
</div>
<div data-reactid='.1agge3towpi.7.0.${""splat""=2""-/-"",""tagSlug""=2""Aquatic &amp; Land"",""campaignUrl""=2""turtle-sweet-soul""}.0.0.2.3.1.h.2.1.2' class=""mb-1"" data-mce-fragment=""1"">Don't hesitate to contact us<span data-mce-fragment=""1""> </span><a href=""https://noblepawtrait.com/pages/contact-us"" data-mce-fragment=""1"" data-mce-href=""https://noblepawtrait.com/pages/contact-us"">here</a><span data-mce-fragment=""1""> </span>❤️</div>
<div data-reactid='.1agge3towpi.7.0.${""splat""=2""-/-"",""tagSlug""=2""Aquatic &amp; Land"",""campaignUrl""=2""turtle-sweet-soul""}.0.0.2.3.1.h.2.1.2' class=""mb-1"" data-mce-fragment=""1""><br data-mce-fragment=""1""></div>
</div>
<p data-mce-fragment=""1""><span data-mce-fragment=""1"">Join the growing family of Noble Pawtrait and before long, you’ll be enjoying side-splitting laughter at people’s reactions!</span></p>",,,taxable,,1,,,0,0,,,,,1,,,,Polo Shirt,,,"https://cdn.shopify.com/s/files/1/0291/0214/5580/products/Mock-Up-Polo-1-Polo10_jpeg.jpg?v=1660712735,https://cdn.shopify.com/s/files/1/0291/0214/5580/products/Mock-Up-Polo-3-Polo10_jpeg.jpg?v=1660712735,https://cdn.shopify.com/s/files/1/0291/0214/5580/products/Mock-Up-Polo-2-Polo10_jpeg.jpg?v=1660712735",,,,,,,,,0,Size,"S,M,L,XL,2XL,3XL,4XL,5XL,6XL",0,1,S,Number Of Pets,"1,2,3,4,5",0,1,1,,,,,,
,variation,,Custom Polo Shirt With Dog Face | Personalized Gift For Dog Dad | Dark Blue & Orange Leave Pattern Men Polo Shirt,1,0,visible,,,,,taxable,parent,1,,,,0,,,,,0,,,49.95,,,,,,,7.76029E+12,,,,,,1,Size,S,,1,,Number Of Pets,1,,1,,,,,,,
,variation,,Custom Polo Shirt With Dog Face | Personalized Gift For Dog Dad | Dark Blue & Orange Leave Pattern Men Polo Shirt,1,0,visible,,,,,taxable,parent,1,,,,0,,,,,0,,,54.95,,,,,,,7.76029E+12,,,,,,2,Size,S,,1,,Number Of Pets,2,,1,,,,,,,
,variation,,Custom Polo Shirt With Dog Face | Personalized Gift For Dog Dad | Dark Blue & Orange Leave Pattern Men Polo Shirt,1,0,visible,,,,,taxable,parent,1,,,,0,,,,,0,,,59.95,,,,,,,7.76029E+12,,,,,,3,Size,S,,1,,Number Of Pets,3,,1,,,,,,,
,variation,,Custom Polo Shirt With Dog Face | Personalized Gift For Dog Dad | Dark Blue & Orange Leave Pattern Men Polo Shirt,1,0,visible,,,,,taxable,parent,1,,,,0,,,,,0,,,64.95,,,,,,,7.76029E+12,,,,,,4,Size,S,,1,,Number Of Pets,4,,1,,,,,,,
,variation,,Custom Polo Shirt With Dog Face | Personalized Gift For Dog Dad | Dark Blue & Orange Leave Pattern Men Polo Shirt,1,0,visible,,,,,taxable,parent,1,,,,0,,,,,0,,,69.95,,,,,,,7.76029E+12,,,,,,5,Size,S,,1,,Number Of Pets,5,,1,,,,,,,
,variation,,Custom Polo Shirt With Dog Face | Personalized Gift For Dog Dad | Dark Blue & Orange Leave Pattern Men Polo Shirt,1,0,visible,,,,,taxable,parent,1,,,,0,,,,,0,,,49.95,,,,,,,7.76029E+12,,,,,,6,Size,M,,1,,Number Of Pets,1,,1,,,,,,,
,variation,,Custom Polo Shirt With Dog Face | Personalized Gift For Dog Dad | Dark Blue & Orange Leave Pattern Men Polo Shirt,1,0,visible,,,,,taxable,parent,1,,,,0,,,,,0,,,54.95,,,,,,,7.76029E+12,,,,,,7,Size,M,,1,,Number Of Pets,2,,1,,,,,,,
,variation,,Custom Polo Shirt With Dog Face | Personalized Gift For Dog Dad | Dark Blue & Orange Leave Pattern Men Polo Shirt,1,0,visible,,,,,taxable,parent,1,,,,0,,,,,0,,,59.95,,,,,,,7.76029E+12,,,,,,8,Size,M,,1,,Number Of Pets,3,,1,,,,,,,
,variation,,Custom Polo Shirt With Dog Face | Personalized Gift For Dog Dad | Dark Blue & Orange Leave Pattern Men Polo Shirt,1,0,visible,,,,,taxable,parent,1,,,,0,,,,,0,,,64.95,,,,,,,7.76029E+12,,,,,,9,Size,M,,1,,Number Of Pets,4,,1,,,,,,,
,variation,,Custom Polo Shirt With Dog Face | Personalized Gift For Dog Dad | Dark Blue & Orange Leave Pattern Men Polo Shirt,1,0,visible,,,,,taxable,parent,1,,,,0,,,,,0,,,69.95,,,,,,,7.76029E+12,,,,,,10,Size,M,,1,,Number Of Pets,5,,1,,,,,,,
,variation,,Custom Polo Shirt With Dog Face | Personalized Gift For Dog Dad | Dark Blue & Orange Leave Pattern Men Polo Shirt,1,0,visible,,,,,taxable,parent,1,,,,0,,,,,0,,,49.95,,,,,,,7.76029E+12,,,,,,11,Size,L,,1,,Number Of Pets,1,,1,,,,,,,
,variation,,Custom Polo Shirt With Dog Face | Personalized Gift For Dog Dad | Dark Blue & Orange Leave Pattern Men Polo Shirt,1,0,visible,,,,,taxable,parent,1,,,,0,,,,,0,,,54.95,,,,,,,7.76029E+12,,,,,,12,Size,L,,1,,Number Of Pets,2,,1,,,,,,,
,variation,,Custom Polo Shirt With Dog Face | Personalized Gift For Dog Dad | Dark Blue & Orange Leave Pattern Men Polo Shirt,1,0,visible,,,,,taxable,parent,1,,,,0,,,,,0,,,59.95,,,,,,,7.76029E+12,,,,,,13,Size,L,,1,,Number Of Pets,3,,1,,,,,,,
,variation,,Custom Polo Shirt With Dog Face | Personalized Gift For Dog Dad | Dark Blue & Orange Leave Pattern Men Polo Shirt,1,0,visible,,,,,taxable,parent,1,,,,0,,,,,0,,,64.95,,,,,,,7.76029E+12,,,,,,14,Size,L,,1,,Number Of Pets,4,,1,,,,,,,
,variation,,Custom Polo Shirt With Dog Face | Personalized Gift For Dog Dad | Dark Blue & Orange Leave Pattern Men Polo Shirt,1,0,visible,,,,,taxable,parent,1,,,,0,,,,,0,,,69.95,,,,,,,7.76029E+12,,,,,,15,Size,L,,1,,Number Of Pets,5,,1,,,,,,,
,variation,,Custom Polo Shirt With Dog Face | Personalized Gift For Dog Dad | Dark Blue & Orange Leave Pattern Men Polo Shirt,1,0,visible,,,,,taxable,parent,1,,,,0,,,,,0,,,49.95,,,,,,,7.76029E+12,,,,,,16,Size,XL,,1,,Number Of Pets,1,,1,,,,,,,
,variation,,Custom Polo Shirt With Dog Face | Personalized Gift For Dog Dad | Dark Blue & Orange Leave Pattern Men Polo Shirt,1,0,visible,,,,,taxable,parent,1,,,,0,,,,,0,,,54.95,,,,,,,7.76029E+12,,,,,,17,Size,XL,,1,,Number Of Pets,2,,1,,,,,,,
,variation,,Custom Polo Shirt With Dog Face | Personalized Gift For Dog Dad | Dark Blue & Orange Leave Pattern Men Polo Shirt,1,0,visible,,,,,taxable,parent,1,,,,0,,,,,0,,,59.95,,,,,,,7.76029E+12,,,,,,18,Size,XL,,1,,Number Of Pets,3,,1,,,,,,,
,variation,,Custom Polo Shirt With Dog Face | Personalized Gift For Dog Dad | Dark Blue & Orange Leave Pattern Men Polo Shirt,1,0,visible,,,,,taxable,parent,1,,,,0,,,,,0,,,64.95,,,,,,,7.76029E+12,,,,,,19,Size,XL,,1,,Number Of Pets,4,,1,,,,,,,
,variation,,Custom Polo Shirt With Dog Face | Personalized Gift For Dog Dad | Dark Blue & Orange Leave Pattern Men Polo Shirt,1,0,visible,,,,,taxable,parent,1,,,,0,,,,,0,,,69.95,,,,,,,7.76029E+12,,,,,,20,Size,XL,,1,,Number Of Pets,5,,1,,,,,,,
,variation,,Custom Polo Shirt With Dog Face | Personalized Gift For Dog Dad | Dark Blue & Orange Leave Pattern Men Polo Shirt,1,0,visible,,,,,taxable,parent,1,,,,0,,,,,0,,,49.95,,,,,,,7.76029E+12,,,,,,21,Size,2XL,,1,,Number Of Pets,1,,1,,,,,,,
,variation,,Custom Polo Shirt With Dog Face | Personalized Gift For Dog Dad | Dark Blue & Orange Leave Pattern Men Polo Shirt,1,0,visible,,,,,taxable,parent,1,,,,0,,,,,0,,,54.95,,,,,,,7.76029E+12,,,,,,22,Size,2XL,,1,,Number Of Pets,2,,1,,,,,,,
,variation,,Custom Polo Shirt With Dog Face | Personalized Gift For Dog Dad | Dark Blue & Orange Leave Pattern Men Polo Shirt,1,0,visible,,,,,taxable,parent,1,,,,0,,,,,0,,,59.95,,,,,,,7.76029E+12,,,,,,23,Size,2XL,,1,,Number Of Pets,3,,1,,,,,,,
,variation,,Custom Polo Shirt With Dog Face | Personalized Gift For Dog Dad | Dark Blue & Orange Leave Pattern Men Polo Shirt,1,0,visible,,,,,taxable,parent,1,,,,0,,,,,0,,,64.95,,,,,,,7.76029E+12,,,,,,24,Size,2XL,,1,,Number Of Pets,4,,1,,,,,,,
,variation,,Custom Polo Shirt With Dog Face | Personalized Gift For Dog Dad | Dark Blue & Orange Leave Pattern Men Polo Shirt,1,0,visible,,,,,taxable,parent,1,,,,0,,,,,0,,,69.95,,,,,,,7.76029E+12,,,,,,25,Size,2XL,,1,,Number Of Pets,5,,1,,,,,,,
,variation,,Custom Polo Shirt With Dog Face | Personalized Gift For Dog Dad | Dark Blue & Orange Leave Pattern Men Polo Shirt,1,0,visible,,,,,taxable,parent,1,,,,0,,,,,0,,,49.95,,,,,,,7.76029E+12,,,,,,26,Size,3XL,,1,,Number Of Pets,1,,1,,,,,,,
,variation,,Custom Polo Shirt With Dog Face | Personalized Gift For Dog Dad | Dark Blue & Orange Leave Pattern Men Polo Shirt,1,0,visible,,,,,taxable,parent,1,,,,0,,,,,0,,,54.95,,,,,,,7.76029E+12,,,,,,27,Size,3XL,,1,,Number Of Pets,2,,1,,,,,,,
,variation,,Custom Polo Shirt With Dog Face | Personalized Gift For Dog Dad | Dark Blue & Orange Leave Pattern Men Polo Shirt,1,0,visible,,,,,taxable,parent,1,,,,0,,,,,0,,,59.95,,,,,,,7.76029E+12,,,,,,28,Size,3XL,,1,,Number Of Pets,3,,1,,,,,,,
,variation,,Custom Polo Shirt With Dog Face | Personalized Gift For Dog Dad | Dark Blue & Orange Leave Pattern Men Polo Shirt,1,0,visible,,,,,taxable,parent,1,,,,0,,,,,0,,,64.95,,,,,,,7.76029E+12,,,,,,29,Size,3XL,,1,,Number Of Pets,4,,1,,,,,,,
,variation,,Custom Polo Shirt With Dog Face | Personalized Gift For Dog Dad | Dark Blue & Orange Leave Pattern Men Polo Shirt,1,0,visible,,,,,taxable,parent,1,,,,0,,,,,0,,,69.95,,,,,,,7.76029E+12,,,,,,30,Size,3XL,,1,,Number Of Pets,5,,1,,,,,,,
,variation,,Custom Polo Shirt With Dog Face | Personalized Gift For Dog Dad | Dark Blue & Orange Leave Pattern Men Polo Shirt,1,0,visible,,,,,taxable,parent,1,,,,0,,,,,0,,,49.95,,,,,,,7.76029E+12,,,,,,31,Size,4XL,,1,,Number Of Pets,1,,1,,,,,,,
,variation,,Custom Polo Shirt With Dog Face | Personalized Gift For Dog Dad | Dark Blue & Orange Leave Pattern Men Polo Shirt,1,0,visible,,,,,taxable,parent,1,,,,0,,,,,0,,,54.95,,,,,,,7.76029E+12,,,,,,32,Size,4XL,,1,,Number Of Pets,2,,1,,,,,,,
,variation,,Custom Polo Shirt With Dog Face | Personalized Gift For Dog Dad | Dark Blue & Orange Leave Pattern Men Polo Shirt,1,0,visible,,,,,taxable,parent,1,,,,0,,,,,0,,,59.95,,,,,,,7.76029E+12,,,,,,33,Size,4XL,,1,,Number Of Pets,3,,1,,,,,,,
,variation,,Custom Polo Shirt With Dog Face | Personalized Gift For Dog Dad | Dark Blue & Orange Leave Pattern Men Polo Shirt,1,0,visible,,,,,taxable,parent,1,,,,0,,,,,0,,,64.95,,,,,,,7.76029E+12,,,,,,34,Size,4XL,,1,,Number Of Pets,4,,1,,,,,,,
,variation,,Custom Polo Shirt With Dog Face | Personalized Gift For Dog Dad | Dark Blue & Orange Leave Pattern Men Polo Shirt,1,0,visible,,,,,taxable,parent,1,,,,0,,,,,0,,,69.95,,,,,,,7.76029E+12,,,,,,35,Size,4XL,,1,,Number Of Pets,5,,1,,,,,,,
,variation,,Custom Polo Shirt With Dog Face | Personalized Gift For Dog Dad | Dark Blue & Orange Leave Pattern Men Polo Shirt,1,0,visible,,,,,taxable,parent,1,,,,0,,,,,0,,,49.95,,,,,,,7.76029E+12,,,,,,36,Size,5XL,,1,,Number Of Pets,1,,1,,,,,,,
,variation,,Custom Polo Shirt With Dog Face | Personalized Gift For Dog Dad | Dark Blue & Orange Leave Pattern Men Polo Shirt,1,0,visible,,,,,taxable,parent,1,,,,0,,,,,0,,,54.95,,,,,,,7.76029E+12,,,,,,37,Size,5XL,,1,,Number Of Pets,2,,1,,,,,,,
,variation,,Custom Polo Shirt With Dog Face | Personalized Gift For Dog Dad | Dark Blue & Orange Leave Pattern Men Polo Shirt,1,0,visible,,,,,taxable,parent,1,,,,0,,,,,0,,,59.95,,,,,,,7.76029E+12,,,,,,38,Size,5XL,,1,,Number Of Pets,3,,1,,,,,,,
,variation,,Custom Polo Shirt With Dog Face | Personalized Gift For Dog Dad | Dark Blue & Orange Leave Pattern Men Polo Shirt,1,0,visible,,,,,taxable,parent,1,,,,0,,,,,0,,,64.95,,,,,,,7.76029E+12,,,,,,39,Size,5XL,,1,,Number Of Pets,4,,1,,,,,,,
,variation,,Custom Polo Shirt With Dog Face | Personalized Gift For Dog Dad | Dark Blue & Orange Leave Pattern Men Polo Shirt,1,0,visible,,,,,taxable,parent,1,,,,0,,,,,0,,,69.95,,,,,,,7.76029E+12,,,,,,40,Size,5XL,,1,,Number Of Pets,5,,1,,,,,,,
,variation,,Custom Polo Shirt With Dog Face | Personalized Gift For Dog Dad | Dark Blue & Orange Leave Pattern Men Polo Shirt,1,0,visible,,,,,taxable,parent,1,,,,0,,,,,0,,,49.95,,,,,,,7.76029E+12,,,,,,41,Size,6XL,,1,,Number Of Pets,1,,1,,,,,,,
,variation,,Custom Polo Shirt With Dog Face | Personalized Gift For Dog Dad | Dark Blue & Orange Leave Pattern Men Polo Shirt,1,0,visible,,,,,taxable,parent,1,,,,0,,,,,0,,,54.95,,,,,,,7.76029E+12,,,,,,42,Size,6XL,,1,,Number Of Pets,2,,1,,,,,,,
,variation,,Custom Polo Shirt With Dog Face | Personalized Gift For Dog Dad | Dark Blue & Orange Leave Pattern Men Polo Shirt,1,0,visible,,,,,taxable,parent,1,,,,0,,,,,0,,,59.95,,,,,,,7.76029E+12,,,,,,43,Size,6XL,,1,,Number Of Pets,3,,1,,,,,,,
,variation,,Custom Polo Shirt With Dog Face | Personalized Gift For Dog Dad | Dark Blue & Orange Leave Pattern Men Polo Shirt,1,0,visible,,,,,taxable,parent,1,,,,0,,,,,0,,,64.95,,,,,,,7.76029E+12,,,,,,44,Size,6XL,,1,,Number Of Pets,4,,1,,,,,,,
,variation,,Custom Polo Shirt With Dog Face | Personalized Gift For Dog Dad | Dark Blue & Orange Leave Pattern Men Polo Shirt,1,0,visible,,,,,taxable,parent,1,,,,0,,,,,0,,,69.95,,,,,,,7.76029E+12,,,,,,45,Size,6XL,,1,,Number Of Pets,5,,1,,,,,,,
,variable,,Custom Polo Shirt With Dog Face | Personalized Gift For Dog Dad | Purple Leaves & Flowers Pattern Men Polo Shirt,1,0,visible,,"<div data-mce-fragment=""1"">
<h2 data-mce-fragment=""1"">HOW TO ORDER:</h2>
<div data-mce-fragment=""1"">1. Choose the size from the drop-down menu</div>
<div data-mce-fragment=""1"">2. Upload the photo of your pet</div>
<div data-mce-fragment=""1"">3.<meta charset=""utf-8""> <span data-mce-fragment=""1"">Click on 'Add To Cart</span>
</div>
<div data-mce-fragment=""1"">4. Add your delivery address and bank details</div>
<div data-mce-fragment=""1"">5. And that's it!</div>
<div data-mce-fragment=""1""><b data-mce-fragment=""1"">NOTE: BUY 2 OR MORE TO SAVE YOUR SHIPPING COST !!!</b></div>
<div data-mce-fragment=""1""><b data-mce-fragment=""1""></b></div>
</div>
<div data-mce-fragment=""1"">
<div data-mce-fragment=""1"">
<h2 data-mce-fragment=""1""><strong data-mce-fragment=""1"">SIZING GUIDE</strong></h2>
</div>
</div>
<style type=""text/css""><!--
td {border: 1px solid #ccc;}br {mso-data-placement:same-cell;}
--></style>
<style type=""text/css""><!--
td {border: 1px solid #ccc;}br {mso-data-placement:same-cell;}
--></style>
<div data-mce-fragment=""1"">
<table border=""1"" dir=""ltr"" cellpadding=""0"" cellspacing=""0"" xmlns=""http://www.w3.org/1999/xhtml"">
<colgroup> <col width=""100""> <col width=""100""> <col width=""100""> <col width=""100""> <col width=""100""> <col width=""100""> <col width=""100""> <col width=""100""> <col width=""100""> </colgroup>
<tbody>
<tr>
<td data-sheets-value='{""1"":2,""2"":""inch""}'>inch</td>
<td data-sheets-value='{""1"":2,""2"":""S""}'>S</td>
<td data-sheets-value='{""1"":2,""2"":""M""}'>M</td>
<td data-sheets-value='{""1"":2,""2"":""L""}'>L</td>
<td data-sheets-value='{""1"":2,""2"":""XL""}'>XL</td>
<td data-sheets-value='{""1"":2,""2"":""2XL""}'>2XL</td>
<td data-sheets-value='{""1"":2,""2"":""3XL""}'>3XL</td>
<td data-sheets-value='{""1"":2,""2"":""4XL""}'>4XL</td>
<td data-sheets-value='{""1"":2,""2"":""5XL""}'>5XL</td>
</tr>
<tr>
<td data-sheets-value='{""1"":2,""2"":""Length""}'>Length</td>
<td data-sheets-numberformat='{""1"":5,""2"":""d.m"",""3"":1}' data-sheets-value='{""1"":3,""3"":44619}'>27.2</td>
<td data-sheets-numberformat='{""1"":5,""2"":""d.m"",""3"":1}' data-sheets-value='{""1"":3,""3"":44648}'>28.3</td>
<td data-sheets-numberformat='{""1"":5,""2"":""d.m"",""3"":1}' data-sheets-value='{""1"":3,""3"":44590}'>29.1</td>
<td data-sheets-numberformat='{""1"":5,""2"":""d.m"",""3"":1}' data-sheets-value='{""1"":3,""3"":44650}'>30.3</td>
<td data-sheets-numberformat='{""1"":5,""2"":""d.m"",""3"":1}' data-sheets-value='{""1"":3,""3"":44592}'>31.1</td>
<td data-sheets-value='{""1"":2,""2"":""32.3""}'>32.3</td>
<td data-sheets-value='{""1"":2,""2"":""33.1""}'>33.1</td>
<td data-sheets-value='{""1"":2,""2"":""34.3""}'>34.3</td>
</tr>
<tr>
<td data-sheets-value='{""1"":2,""2"":""Bust""}'>Bust</td>
<td data-sheets-value='{""1"":2,""2"":""34.6""}'>34.6</td>
<td data-sheets-value='{""1"":2,""2"":""38.6""}'>38.6</td>
<td data-sheets-value='{""1"":2,""2"":""42.5""}'>42.5</td>
<td data-sheets-value='{""1"":2,""2"":""46.5""}'>46.5</td>
<td data-sheets-value='{""1"":2,""2"":""50.4""}'>50.4</td>
<td data-sheets-value='{""1"":2,""2"":""54.3""}'>54.3</td>
<td data-sheets-value='{""1"":2,""2"":""58.3""}'>58.3</td>
<td data-sheets-value='{""1"":2,""2"":""62.2""}'>62.2</td>
</tr>
<tr>
<td data-sheets-value='{""1"":2,""2"":""Sleeve""}'>Sleeve</td>
<td data-sheets-numberformat='{""1"":5,""2"":""d.m"",""3"":1}' data-sheets-value='{""1"":3,""3"":44664}'>13.4</td>
<td data-sheets-numberformat='{""1"":5,""2"":""d.m"",""3"":1}' data-sheets-value='{""1"":3,""3"":44606}'>14.2</td>
<td data-sheets-value='{""1"":2,""2"":""15.0""}'>15.0</td>
<td data-sheets-numberformat='{""1"":5,""2"":""d.m"",""3"":1}' data-sheets-value='{""1"":3,""3"":44757}'>15.7</td>
<td data-sheets-numberformat='{""1"":5,""2"":""d.m"",""3"":1}' data-sheets-value='{""1"":3,""3"":44697}'>16.5</td>
<td data-sheets-numberformat='{""1"":5,""2"":""d.m"",""3"":1}' data-sheets-value='{""1"":3,""3"":44637}'>17.3</td>
<td data-sheets-numberformat='{""1"":5,""2"":""d.m"",""3"":1}' data-sheets-value='{""1"":3,""3"":44579}'>18.1</td>
<td data-sheets-numberformat='{""1"":5,""2"":""d.m"",""3"":1}' data-sheets-value='{""1"":3,""3"":44822}'>18.9</td>
</tr>
<tr>
<td></td>
<td></td>
<td></td>
<td></td>
<td></td>
<td></td>
<td></td>
<td></td>
<td></td>
</tr>
<tr>
<td data-sheets-value='{""1"":2,""2"":""centimeter""}'>centimeter</td>
<td data-sheets-value='{""1"":2,""2"":""S""}'>S</td>
<td data-sheets-value='{""1"":2,""2"":""M""}'>M</td>
<td data-sheets-value='{""1"":2,""2"":""L""}'>L</td>
<td data-sheets-value='{""1"":2,""2"":""XL""}'>XL</td>
<td data-sheets-value='{""1"":2,""2"":""2XL""}'>2XL</td>
<td data-sheets-value='{""1"":2,""2"":""3XL""}'>3XL</td>
<td data-sheets-value='{""1"":2,""2"":""4XL""}'>4XL</td>
<td data-sheets-value='{""1"":2,""2"":""5XL""}'>5XL</td>
</tr>
<tr>
<td data-sheets-value='{""1"":2,""2"":""Length""}'>Length</td>
<td data-sheets-value='{""1"":2,""2"":""69.0""}'>69.0</td>
<td data-sheets-value='{""1"":2,""2"":""72.0""}'>72.0</td>
<td data-sheets-value='{""1"":2,""2"":""74.0""}'>74.0</td>
<td data-sheets-value='{""1"":2,""2"":""77.0""}'>77.0</td>
<td data-sheets-value='{""1"":2,""2"":""79.0""}'>79.0</td>
<td data-sheets-value='{""1"":2,""2"":""82.0""}'>82.0</td>
<td data-sheets-value='{""1"":2,""2"":""84.0""}'>84.0</td>
<td data-sheets-value='{""1"":2,""2"":""87.0""}'>87.0</td>
</tr>
<tr>
<td data-sheets-value='{""1"":2,""2"":""Bust""}'>Bust</td>
<td data-sheets-value='{""1"":2,""2"":""88.0""}'>88.0</td>
<td data-sheets-value='{""1"":2,""2"":""98.0""}'>98.0</td>
<td data-sheets-value='{""1"":2,""2"":""108.0""}'>108.0</td>
<td data-sheets-value='{""1"":2,""2"":""118.0""}'>118.0</td>
<td data-sheets-value='{""1"":2,""2"":""128.0""}'>128.0</td>
<td data-sheets-value='{""1"":2,""2"":""138.0""}'>138.0</td>
<td data-sheets-value='{""1"":2,""2"":""148.0""}'>148.0</td>
<td data-sheets-value='{""1"":2,""2"":""158.0""}'>158.0</td>
</tr>
<tr>
<td data-sheets-value='{""1"":2,""2"":""Sleeve""}'>Sleeve</td>
<td data-sheets-value='{""1"":2,""2"":""34.0""}'>34.0</td>
<td data-sheets-value='{""1"":2,""2"":""36.0""}'>36.0</td>
<td data-sheets-value='{""1"":2,""2"":""38.0""}'>38.0</td>
<td data-sheets-value='{""1"":2,""2"":""40.0""}'>40.0</td>
<td data-sheets-value='{""1"":2,""2"":""42.0""}'>42.0</td>
<td data-sheets-value='{""1"":2,""2"":""44.0""}'>44.0</td>
<td data-sheets-value='{""1"":2,""2"":""46.0""}'>46.0</td>
<td data-sheets-value='{""1"":2,""2"":""48.0""}'>48.0</td>
</tr>
</tbody>
</table>
<br>
<p><b data-mce-fragment=""1"">Note:<span> </span></b><strong>Actual product measurements may vary by up to 1 inch (3cm)</strong></p>
</div>
<h2 data-mce-fragment=""1""><b data-mce-fragment=""1"">CARE INSTRUCTIONS</b></h2>
<div data-mce-fragment=""1"">All Noble Pawtrait Clothing – Machine wash in cold water. Mild detergent is safe to use. Do not bleach. Tumble dry.</div>
<div data-mce-fragment=""1""><br data-mce-fragment=""1""></div>
<meta charset=""utf-8""><span data-mce-fragment=""1""></span><span data-mce-fragment=""1""></span><span data-mce-fragment=""1""></span><span data-mce-fragment=""1""></span>
<h2 data-mce-fragment=""1""><b data-mce-fragment=""1"">PRODUCT DETAILS </b></h2>
<p data-mce-fragment=""1"">The Polo shirt is made with <span data-mce-fragment=""1"">100% Polyester</span> that is perfect for printing, the shirt color is vibrant and bright with eye-catching designs. The custom all-over print shirt will make you look so good. Go to beaches in comfort and grab public attention impressively.</p>
<meta charset=""utf-8""><span data-mce-fragment=""1""></span><span data-mce-fragment=""1""></span><span data-mce-fragment=""1""></span><span data-mce-fragment=""1""></span>
<div data-reactid='.1agge3towpi.7.0.${""splat""=2""-/-"",""tagSlug""=2""Aquatic &amp; Land"",""campaignUrl""=2""turtle-sweet-soul""}.0.0.2.3.1.h.2.0' class=""px-1 py-1 lg:px-0 fs-lg flex items-center bc-grey-200"" data-mce-fragment=""1"">
<h2 data-reactid='.1agge3towpi.7.0.${""splat""=2""-/-"",""tagSlug""=2""Aquatic &amp; Land"",""campaignUrl""=2""turtle-sweet-soul""}.0.0.2.3.1.h.2.0.0' class=""flex-grow fw-bold color-black"" data-mce-fragment=""1""><span data-reactid='.1agge3towpi.7.0.${""splat""=2""-/-"",""tagSlug""=2""Aquatic &amp; Land"",""campaignUrl""=2""turtle-sweet-soul""}.0.0.2.3.1.h.2.0.0.0' class=""capitalize"" data-mce-fragment=""1""><span data-reactid='.1agge3towpi.7.0.${""splat""=2""-/-"",""tagSlug""=2""Aquatic &amp; Land"",""campaignUrl""=2""turtle-sweet-soul""}.0.0.2.3.1.h.2.0.0.0.0' data-mce-fragment=""1"">SHIPPING INFO</span></span></h2>
</div>
<div data-reactid='.1agge3towpi.7.0.${""splat""=2""-/-"",""tagSlug""=2""Aquatic &amp; Land"",""campaignUrl""=2""turtle-sweet-soul""}.0.0.2.3.1.h.2.1' class=""px-1 pb-1 lg:px-0 bgc-white"" data-mce-fragment=""1"">
<div data-reactid='.1agge3towpi.7.0.${""splat""=2""-/-"",""tagSlug""=2""Aquatic &amp; Land"",""campaignUrl""=2""turtle-sweet-soul""}.0.0.2.3.1.h.2.1.0' data-mce-fragment=""1"">
<p data-mce-fragment=""1""><span class=""emoji"" data-mce-fragment=""1"">📦 US, Canada, and Europe </span><span data-reactid='.1agge3towpi.7.0.${""splat""=2""-/-"",""tagSlug""=2""Aquatic &amp; Land"",""campaignUrl""=2""turtle-sweet-soul""}.0.0.2.3.1.h.2.1.0.0.0' data-mce-fragment=""1"">Orders ship within 10 to 15 business days (delaying time can be 15-21 business days due to Covid-19). </span>Up to 30 working days transit time for rest of world.</p>
</div>
<div data-reactid='.1agge3towpi.7.0.${""splat""=2""-/-"",""tagSlug""=2""Aquatic &amp; Land"",""campaignUrl""=2""turtle-sweet-soul""}.0.0.2.3.1.h.2.1.2' class=""mb-1"" data-mce-fragment=""1"">
<span data-reactid='.1agge3towpi.7.0.${""splat""=2""-/-"",""tagSlug""=2""Aquatic &amp; Land"",""campaignUrl""=2""turtle-sweet-soul""}.0.0.2.3.1.h.2.1.2.0' data-mce-fragment=""1"">📦 For more details about our shipping rates, please visit </span><a href=""https://noblepawtrait.com/pages/faq"" data-mce-fragment=""1"" data-mce-href=""https://noblepawtrait.com/pages/faq""><span data-reactid='.1agge3towpi.7.0.${""splat""=2""-/-"",""tagSlug""=2""Aquatic &amp; Land"",""campaignUrl""=2""turtle-sweet-soul""}.0.0.2.3.1.h.2.1.2.1.0' data-mce-fragment=""1"">here</span></a>
</div>
<div data-reactid='.1agge3towpi.7.0.${""splat""=2""-/-"",""tagSlug""=2""Aquatic &amp; Land"",""campaignUrl""=2""turtle-sweet-soul""}.0.0.2.3.1.h.2.1.2' class=""mb-1"" data-mce-fragment=""1"">
<span data-reactid='.1agge3towpi.7.0.${""splat""=2""-/-"",""tagSlug""=2""Aquatic &amp; Land"",""campaignUrl""=2""turtle-sweet-soul""}.0.0.2.3.1.h.2.1.2.1.0' data-mce-fragment=""1""></span><br data-mce-fragment=""1"">
</div>
<div data-reactid='.1agge3towpi.7.0.${""splat""=2""-/-"",""tagSlug""=2""Aquatic &amp; Land"",""campaignUrl""=2""turtle-sweet-soul""}.0.0.2.3.1.h.2.1.2' class=""mb-1"" data-mce-fragment=""1"">
<h2 data-reactid='.1agge3towpi.7.0.${""splat""=2""-/-"",""tagSlug""=2""Aquatic &amp; Land"",""campaignUrl""=2""turtle-sweet-soul""}.0.0.2.3.1.h.2.0.0' class=""flex-grow fw-bold color-black"" data-mce-fragment=""1""><span data-reactid='.1agge3towpi.7.0.${""splat""=2""-/-"",""tagSlug""=2""Aquatic &amp; Land"",""campaignUrl""=2""turtle-sweet-soul""}.0.0.2.3.1.h.2.0.0.0' class=""capitalize"" data-mce-fragment=""1""><span data-reactid='.1agge3towpi.7.0.${""splat""=2""-/-"",""tagSlug""=2""Aquatic &amp; Land"",""campaignUrl""=2""turtle-sweet-soul""}.0.0.2.3.1.h.2.0.0.0.0' data-mce-fragment=""1"">MORE QUESTION?</span></span></h2>
</div>
<div data-reactid='.1agge3towpi.7.0.${""splat""=2""-/-"",""tagSlug""=2""Aquatic &amp; Land"",""campaignUrl""=2""turtle-sweet-soul""}.0.0.2.3.1.h.2.1.2' class=""mb-1"" data-mce-fragment=""1"">Don't hesitate to contact us<span data-mce-fragment=""1""> </span><a href=""https://noblepawtrait.com/pages/contact-us"" data-mce-fragment=""1"" data-mce-href=""https://noblepawtrait.com/pages/contact-us"">here</a><span data-mce-fragment=""1""> </span>❤️</div>
<div data-reactid='.1agge3towpi.7.0.${""splat""=2""-/-"",""tagSlug""=2""Aquatic &amp; Land"",""campaignUrl""=2""turtle-sweet-soul""}.0.0.2.3.1.h.2.1.2' class=""mb-1"" data-mce-fragment=""1""><br data-mce-fragment=""1""></div>
</div>
<p data-mce-fragment=""1""><span data-mce-fragment=""1"">Join the growing family of Noble Pawtrait and before long, you’ll be enjoying side-splitting laughter at people’s reactions!</span></p>",,,taxable,,1,,,0,0,,,,,1,,,,Polo Shirt,,,"https://cdn.shopify.com/s/files/1/0291/0214/5580/products/Polo09mk1.jpg?v=1660741986,https://cdn.shopify.com/s/files/1/0291/0214/5580/products/Polo09mk2.jpg?v=1660741986,https://cdn.shopify.com/s/files/1/0291/0214/5580/products/Polo09mk3.jpg?v=1660741986,https://cdn.shopify.com/s/files/1/0291/0214/5580/products/Polo09mk4.jpg?v=1660741986",,,,,,,,,0,Size,"S,M,L,XL,2XL,3XL,4XL,5XL,6XL",0,1,S,Number Of Pets,"1,2,3,4,5",0,1,1,,,,,,
,variation,,Custom Polo Shirt With Dog Face | Personalized Gift For Dog Dad | Purple Leaves & Flowers Pattern Men Polo Shirt,1,0,visible,,,,,taxable,parent,1,,,,0,,,,,0,,,49.95,,,,,,,7.76087E+12,,,,,,1,Size,S,,1,,Number Of Pets,1,,1,,,,,,,
,variation,,Custom Polo Shirt With Dog Face | Personalized Gift For Dog Dad | Purple Leaves & Flowers Pattern Men Polo Shirt,1,0,visible,,,,,taxable,parent,1,,,,0,,,,,0,,,54.95,,,,,,,7.76087E+12,,,,,,2,Size,S,,1,,Number Of Pets,2,,1,,,,,,,
,variation,,Custom Polo Shirt With Dog Face | Personalized Gift For Dog Dad | Purple Leaves & Flowers Pattern Men Polo Shirt,1,0,visible,,,,,taxable,parent,1,,,,0,,,,,0,,,59.95,,,,,,,7.76087E+12,,,,,,3,Size,S,,1,,Number Of Pets,3,,1,,,,,,,
,variation,,Custom Polo Shirt With Dog Face | Personalized Gift For Dog Dad | Purple Leaves & Flowers Pattern Men Polo Shirt,1,0,visible,,,,,taxable,parent,1,,,,0,,,,,0,,,64.95,,,,,,,7.76087E+12,,,,,,4,Size,S,,1,,Number Of Pets,4,,1,,,,,,,
,variation,,Custom Polo Shirt With Dog Face | Personalized Gift For Dog Dad | Purple Leaves & Flowers Pattern Men Polo Shirt,1,0,visible,,,,,taxable,parent,1,,,,0,,,,,0,,,69.95,,,,,,,7.76087E+12,,,,,,5,Size,S,,1,,Number Of Pets,5,,1,,,,,,,
,variation,,Custom Polo Shirt With Dog Face | Personalized Gift For Dog Dad | Purple Leaves & Flowers Pattern Men Polo Shirt,1,0,visible,,,,,taxable,parent,1,,,,0,,,,,0,,,49.95,,,,,,,7.76087E+12,,,,,,6,Size,M,,1,,Number Of Pets,1,,1,,,,,,,
,variation,,Custom Polo Shirt With Dog Face | Personalized Gift For Dog Dad | Purple Leaves & Flowers Pattern Men Polo Shirt,1,0,visible,,,,,taxable,parent,1,,,,0,,,,,0,,,54.95,,,,,,,7.76087E+12,,,,,,7,Size,M,,1,,Number Of Pets,2,,1,,,,,,,
,variation,,Custom Polo Shirt With Dog Face | Personalized Gift For Dog Dad | Purple Leaves & Flowers Pattern Men Polo Shirt,1,0,visible,,,,,taxable,parent,1,,,,0,,,,,0,,,59.95,,,,,,,7.76087E+12,,,,,,8,Size,M,,1,,Number Of Pets,3,,1,,,,,,,
,variation,,Custom Polo Shirt With Dog Face | Personalized Gift For Dog Dad | Purple Leaves & Flowers Pattern Men Polo Shirt,1,0,visible,,,,,taxable,parent,1,,,,0,,,,,0,,,64.95,,,,,,,7.76087E+12,,,,,,9,Size,M,,1,,Number Of Pets,4,,1,,,,,,,
,variation,,Custom Polo Shirt With Dog Face | Personalized Gift For Dog Dad | Purple Leaves & Flowers Pattern Men Polo Shirt,1,0,visible,,,,,taxable,parent,1,,,,0,,,,,0,,,69.95,,,,,,,7.76087E+12,,,,,,10,Size,M,,1,,Number Of Pets,5,,1,,,,,,,
,variation,,Custom Polo Shirt With Dog Face | Personalized Gift For Dog Dad | Purple Leaves & Flowers Pattern Men Polo Shirt,1,0,visible,,,,,taxable,parent,1,,,,0,,,,,0,,,49.95,,,,,,,7.76087E+12,,,,,,11,Size,L,,1,,Number Of Pets,1,,1,,,,,,,
,variation,,Custom Polo Shirt With Dog Face | Personalized Gift For Dog Dad | Purple Leaves & Flowers Pattern Men Polo Shirt,1,0,visible,,,,,taxable,parent,1,,,,0,,,,,0,,,54.95,,,,,,,7.76087E+12,,,,,,12,Size,L,,1,,Number Of Pets,2,,1,,,,,,,
,variation,,Custom Polo Shirt With Dog Face | Personalized Gift For Dog Dad | Purple Leaves & Flowers Pattern Men Polo Shirt,1,0,visible,,,,,taxable,parent,1,,,,0,,,,,0,,,59.95,,,,,,,7.76087E+12,,,,,,13,Size,L,,1,,Number Of Pets,3,,1,,,,,,,
,variation,,Custom Polo Shirt With Dog Face | Personalized Gift For Dog Dad | Purple Leaves & Flowers Pattern Men Polo Shirt,1,0,visible,,,,,taxable,parent,1,,,,0,,,,,0,,,64.95,,,,,,,7.76087E+12,,,,,,14,Size,L,,1,,Number Of Pets,4,,1,,,,,,,
,variation,,Custom Polo Shirt With Dog Face | Personalized Gift For Dog Dad | Purple Leaves & Flowers Pattern Men Polo Shirt,1,0,visible,,,,,taxable,parent,1,,,,0,,,,,0,,,69.95,,,,,,,7.76087E+12,,,,,,15,Size,L,,1,,Number Of Pets,5,,1,,,,,,,
,variation,,Custom Polo Shirt With Dog Face | Personalized Gift For Dog Dad | Purple Leaves & Flowers Pattern Men Polo Shirt,1,0,visible,,,,,taxable,parent,1,,,,0,,,,,0,,,49.95,,,,,,,7.76087E+12,,,,,,16,Size,XL,,1,,Number Of Pets,1,,1,,,,,,,
,variation,,Custom Polo Shirt With Dog Face | Personalized Gift For Dog Dad | Purple Leaves & Flowers Pattern Men Polo Shirt,1,0,visible,,,,,taxable,parent,1,,,,0,,,,,0,,,54.95,,,,,,,7.76087E+12,,,,,,17,Size,XL,,1,,Number Of Pets,2,,1,,,,,,,
,variation,,Custom Polo Shirt With Dog Face | Personalized Gift For Dog Dad | Purple Leaves & Flowers Pattern Men Polo Shirt,1,0,visible,,,,,taxable,parent,1,,,,0,,,,,0,,,59.95,,,,,,,7.76087E+12,,,,,,18,Size,XL,,1,,Number Of Pets,3,,1,,,,,,,
,variation,,Custom Polo Shirt With Dog Face | Personalized Gift For Dog Dad | Purple Leaves & Flowers Pattern Men Polo Shirt,1,0,visible,,,,,taxable,parent,1,,,,0,,,,,0,,,64.95,,,,,,,7.76087E+12,,,,,,19,Size,XL,,1,,Number Of Pets,4,,1,,,,,,,
,variation,,Custom Polo Shirt With Dog Face | Personalized Gift For Dog Dad | Purple Leaves & Flowers Pattern Men Polo Shirt,1,0,visible,,,,,taxable,parent,1,,,,0,,,,,0,,,69.95,,,,,,,7.76087E+12,,,,,,20,Size,XL,,1,,Number Of Pets,5,,1,,,,,,,
,variation,,Custom Polo Shirt With Dog Face | Personalized Gift For Dog Dad | Purple Leaves & Flowers Pattern Men Polo Shirt,1,0,visible,,,,,taxable,parent,1,,,,0,,,,,0,,,49.95,,,,,,,7.76087E+12,,,,,,21,Size,2XL,,1,,Number Of Pets,1,,1,,,,,,,
,variation,,Custom Polo Shirt With Dog Face | Personalized Gift For Dog Dad | Purple Leaves & Flowers Pattern Men Polo Shirt,1,0,visible,,,,,taxable,parent,1,,,,0,,,,,0,,,54.95,,,,,,,7.76087E+12,,,,,,22,Size,2XL,,1,,Number Of Pets,2,,1,,,,,,,
,variation,,Custom Polo Shirt With Dog Face | Personalized Gift For Dog Dad | Purple Leaves & Flowers Pattern Men Polo Shirt,1,0,visible,,,,,taxable,parent,1,,,,0,,,,,0,,,59.95,,,,,,,7.76087E+12,,,,,,23,Size,2XL,,1,,Number Of Pets,3,,1,,,,,,,
,variation,,Custom Polo Shirt With Dog Face | Personalized Gift For Dog Dad | Purple Leaves & Flowers Pattern Men Polo Shirt,1,0,visible,,,,,taxable,parent,1,,,,0,,,,,0,,,64.95,,,,,,,7.76087E+12,,,,,,24,Size,2XL,,1,,Number Of Pets,4,,1,,,,,,,
,variation,,Custom Polo Shirt With Dog Face | Personalized Gift For Dog Dad | Purple Leaves & Flowers Pattern Men Polo Shirt,1,0,visible,,,,,taxable,parent,1,,,,0,,,,,0,,,69.95,,,,,,,7.76087E+12,,,,,,25,Size,2XL,,1,,Number Of Pets,5,,1,,,,,,,
,variation,,Custom Polo Shirt With Dog Face | Personalized Gift For Dog Dad | Purple Leaves & Flowers Pattern Men Polo Shirt,1,0,visible,,,,,taxable,parent,1,,,,0,,,,,0,,,49.95,,,,,,,7.76087E+12,,,,,,26,Size,3XL,,1,,Number Of Pets,1,,1,,,,,,,
,variation,,Custom Polo Shirt With Dog Face | Personalized Gift For Dog Dad | Purple Leaves & Flowers Pattern Men Polo Shirt,1,0,visible,,,,,taxable,parent,1,,,,0,,,,,0,,,54.95,,,,,,,7.76087E+12,,,,,,27,Size,3XL,,1,,Number Of Pets,2,,1,,,,,,,
,variation,,Custom Polo Shirt With Dog Face | Personalized Gift For Dog Dad | Purple Leaves & Flowers Pattern Men Polo Shirt,1,0,visible,,,,,taxable,parent,1,,,,0,,,,,0,,,59.95,,,,,,,7.76087E+12,,,,,,28,Size,3XL,,1,,Number Of Pets,3,,1,,,,,,,
,variation,,Custom Polo Shirt With Dog Face | Personalized Gift For Dog Dad | Purple Leaves & Flowers Pattern Men Polo Shirt,1,0,visible,,,,,taxable,parent,1,,,,0,,,,,0,,,64.95,,,,,,,7.76087E+12,,,,,,29,Size,3XL,,1,,Number Of Pets,4,,1,,,,,,,
,variation,,Custom Polo Shirt With Dog Face | Personalized Gift For Dog Dad | Purple Leaves & Flowers Pattern Men Polo Shirt,1,0,visible,,,,,taxable,parent,1,,,,0,,,,,0,,,69.95,,,,,,,7.76087E+12,,,,,,30,Size,3XL,,1,,Number Of Pets,5,,1,,,,,,,
,variation,,Custom Polo Shirt With Dog Face | Personalized Gift For Dog Dad | Purple Leaves & Flowers Pattern Men Polo Shirt,1,0,visible,,,,,taxable,parent,1,,,,0,,,,,0,,,49.95,,,,,,,7.76087E+12,,,,,,31,Size,4XL,,1,,Number Of Pets,1,,1,,,,,,,
,variation,,Custom Polo Shirt With Dog Face | Personalized Gift For Dog Dad | Purple Leaves & Flowers Pattern Men Polo Shirt,1,0,visible,,,,,taxable,parent,1,,,,0,,,,,0,,,54.95,,,,,,,7.76087E+12,,,,,,32,Size,4XL,,1,,Number Of Pets,2,,1,,,,,,,
,variation,,Custom Polo Shirt With Dog Face | Personalized Gift For Dog Dad | Purple Leaves & Flowers Pattern Men Polo Shirt,1,0,visible,,,,,taxable,parent,1,,,,0,,,,,0,,,59.95,,,,,,,7.76087E+12,,,,,,33,Size,4XL,,1,,Number Of Pets,3,,1,,,,,,,
,variation,,Custom Polo Shirt With Dog Face | Personalized Gift For Dog Dad | Purple Leaves & Flowers Pattern Men Polo Shirt,1,0,visible,,,,,taxable,parent,1,,,,0,,,,,0,,,64.95,,,,,,,7.76087E+12,,,,,,34,Size,4XL,,1,,Number Of Pets,4,,1,,,,,,,
,variation,,Custom Polo Shirt With Dog Face | Personalized Gift For Dog Dad | Purple Leaves & Flowers Pattern Men Polo Shirt,1,0,visible,,,,,taxable,parent,1,,,,0,,,,,0,,,69.95,,,,,,,7.76087E+12,,,,,,35,Size,4XL,,1,,Number Of Pets,5,,1,,,,,,,
,variation,,Custom Polo Shirt With Dog Face | Personalized Gift For Dog Dad | Purple Leaves & Flowers Pattern Men Polo Shirt,1,0,visible,,,,,taxable,parent,1,,,,0,,,,,0,,,49.95,,,,,,,7.76087E+12,,,,,,36,Size,5XL,,1,,Number Of Pets,1,,1,,,,,,,
,variation,,Custom Polo Shirt With Dog Face | Personalized Gift For Dog Dad | Purple Leaves & Flowers Pattern Men Polo Shirt,1,0,visible,,,,,taxable,parent,1,,,,0,,,,,0,,,54.95,,,,,,,7.76087E+12,,,,,,37,Size,5XL,,1,,Number Of Pets,2,,1,,,,,,,
,variation,,Custom Polo Shirt With Dog Face | Personalized Gift For Dog Dad | Purple Leaves & Flowers Pattern Men Polo Shirt,1,0,visible,,,,,taxable,parent,1,,,,0,,,,,0,,,59.95,,,,,,,7.76087E+12,,,,,,38,Size,5XL,,1,,Number Of Pets,3,,1,,,,,,,
,variation,,Custom Polo Shirt With Dog Face | Personalized Gift For Dog Dad | Purple Leaves & Flowers Pattern Men Polo Shirt,1,0,visible,,,,,taxable,parent,1,,,,0,,,,,0,,,64.95,,,,,,,7.76087E+12,,,,,,39,Size,5XL,,1,,Number Of Pets,4,,1,,,,,,,
,variation,,Custom Polo Shirt With Dog Face | Personalized Gift For Dog Dad | Purple Leaves & Flowers Pattern Men Polo Shirt,1,0,visible,,,,,taxable,parent,1,,,,0,,,,,0,,,69.95,,,,,,,7.76087E+12,,,,,,40,Size,5XL,,1,,Number Of Pets,5,,1,,,,,,,
,variation,,Custom Polo Shirt With Dog Face | Personalized Gift For Dog Dad | Purple Leaves & Flowers Pattern Men Polo Shirt,1,0,visible,,,,,taxable,parent,1,,,,0,,,,,0,,,49.95,,,,,,,7.76087E+12,,,,,,41,Size,6XL,,1,,Number Of Pets,1,,1,,,,,,,
,variation,,Custom Polo Shirt With Dog Face | Personalized Gift For Dog Dad | Purple Leaves & Flowers Pattern Men Polo Shirt,1,0,visible,,,,,taxable,parent,1,,,,0,,,,,0,,,54.95,,,,,,,7.76087E+12,,,,,,42,Size,6XL,,1,,Number Of Pets,2,,1,,,,,,,
,variation,,Custom Polo Shirt With Dog Face | Personalized Gift For Dog Dad | Purple Leaves & Flowers Pattern Men Polo Shirt,1,0,visible,,,,,taxable,parent,1,,,,0,,,,,0,,,59.95,,,,,,,7.76087E+12,,,,,,43,Size,6XL,,1,,Number Of Pets,3,,1,,,,,,,
,variation,,Custom Polo Shirt With Dog Face | Personalized Gift For Dog Dad | Purple Leaves & Flowers Pattern Men Polo Shirt,1,0,visible,,,,,taxable,parent,1,,,,0,,,,,0,,,64.95,,,,,,,7.76087E+12,,,,,,44,Size,6XL,,1,,Number Of Pets,4,,1,,,,,,,
,variation,,Custom Polo Shirt With Dog Face | Personalized Gift For Dog Dad | Purple Leaves & Flowers Pattern Men Polo Shirt,1,0,visible,,,,,taxable,parent,1,,,,0,,,,,0,,,69.95,,,,,,,7.76087E+12,,,,,,45,Size,6XL,,1,,Number Of Pets,5,,1,,,,,,,
,variable,,Custom Polo Shirt With Dog Face | Personalized Gift For Dog Dad | Black Flower Pattern Men Polo Shirt,1,0,visible,,"<div data-mce-fragment=""1"">
<h2 data-mce-fragment=""1"">HOW TO ORDER:</h2>
<div data-mce-fragment=""1"">1. Choose the size from the drop-down menu</div>
<div data-mce-fragment=""1"">2. Upload the photo of your pet</div>
<div data-mce-fragment=""1"">3.<meta charset=""utf-8""> <span data-mce-fragment=""1"">Click on 'Add To Cart</span>
</div>
<div data-mce-fragment=""1"">4. Add your delivery address and bank details</div>
<div data-mce-fragment=""1"">5. And that's it!</div>
<div data-mce-fragment=""1""><b data-mce-fragment=""1"">NOTE: BUY 2 OR MORE TO SAVE YOUR SHIPPING COST !!!</b></div>
<div data-mce-fragment=""1""><b data-mce-fragment=""1""></b></div>
</div>
<div data-mce-fragment=""1"">
<div data-mce-fragment=""1"">
<h2 data-mce-fragment=""1""><strong data-mce-fragment=""1"">SIZING GUIDE</strong></h2>
</div>
</div>
<style type=""text/css""><!--
td {border: 1px solid #ccc;}br {mso-data-placement:same-cell;}
--></style>
<style type=""text/css""><!--
td {border: 1px solid #ccc;}br {mso-data-placement:same-cell;}
--></style>
<div data-mce-fragment=""1"">
<table border=""1"" dir=""ltr"" cellpadding=""0"" cellspacing=""0"" xmlns=""http://www.w3.org/1999/xhtml"">
<colgroup> <col width=""100""> <col width=""100""> <col width=""100""> <col width=""100""> <col width=""100""> <col width=""100""> <col width=""100""> <col width=""100""> <col width=""100""> </colgroup>
<tbody>
<tr>
<td data-sheets-value='{""1"":2,""2"":""inch""}'>inch</td>
<td data-sheets-value='{""1"":2,""2"":""S""}'>S</td>
<td data-sheets-value='{""1"":2,""2"":""M""}'>M</td>
<td data-sheets-value='{""1"":2,""2"":""L""}'>L</td>
<td data-sheets-value='{""1"":2,""2"":""XL""}'>XL</td>
<td data-sheets-value='{""1"":2,""2"":""2XL""}'>2XL</td>
<td data-sheets-value='{""1"":2,""2"":""3XL""}'>3XL</td>
<td data-sheets-value='{""1"":2,""2"":""4XL""}'>4XL</td>
<td data-sheets-value='{""1"":2,""2"":""5XL""}'>5XL</td>
</tr>
<tr>
<td data-sheets-value='{""1"":2,""2"":""Length""}'>Length</td>
<td data-sheets-numberformat='{""1"":5,""2"":""d.m"",""3"":1}' data-sheets-value='{""1"":3,""3"":44619}'>27.2</td>
<td data-sheets-numberformat='{""1"":5,""2"":""d.m"",""3"":1}' data-sheets-value='{""1"":3,""3"":44648}'>28.3</td>
<td data-sheets-numberformat='{""1"":5,""2"":""d.m"",""3"":1}' data-sheets-value='{""1"":3,""3"":44590}'>29.1</td>
<td data-sheets-numberformat='{""1"":5,""2"":""d.m"",""3"":1}' data-sheets-value='{""1"":3,""3"":44650}'>30.3</td>
<td data-sheets-numberformat='{""1"":5,""2"":""d.m"",""3"":1}' data-sheets-value='{""1"":3,""3"":44592}'>31.1</td>
<td data-sheets-value='{""1"":2,""2"":""32.3""}'>32.3</td>
<td data-sheets-value='{""1"":2,""2"":""33.1""}'>33.1</td>
<td data-sheets-value='{""1"":2,""2"":""34.3""}'>34.3</td>
</tr>
<tr>
<td data-sheets-value='{""1"":2,""2"":""Bust""}'>Bust</td>
<td data-sheets-value='{""1"":2,""2"":""34.6""}'>34.6</td>
<td data-sheets-value='{""1"":2,""2"":""38.6""}'>38.6</td>
<td data-sheets-value='{""1"":2,""2"":""42.5""}'>42.5</td>
<td data-sheets-value='{""1"":2,""2"":""46.5""}'>46.5</td>
<td data-sheets-value='{""1"":2,""2"":""50.4""}'>50.4</td>
<td data-sheets-value='{""1"":2,""2"":""54.3""}'>54.3</td>
<td data-sheets-value='{""1"":2,""2"":""58.3""}'>58.3</td>
<td data-sheets-value='{""1"":2,""2"":""62.2""}'>62.2</td>
</tr>
<tr>
<td data-sheets-value='{""1"":2,""2"":""Sleeve""}'>Sleeve</td>
<td data-sheets-numberformat='{""1"":5,""2"":""d.m"",""3"":1}' data-sheets-value='{""1"":3,""3"":44664}'>13.4</td>
<td data-sheets-numberformat='{""1"":5,""2"":""d.m"",""3"":1}' data-sheets-value='{""1"":3,""3"":44606}'>14.2</td>
<td data-sheets-value='{""1"":2,""2"":""15.0""}'>15.0</td>
<td data-sheets-numberformat='{""1"":5,""2"":""d.m"",""3"":1}' data-sheets-value='{""1"":3,""3"":44757}'>15.7</td>
<td data-sheets-numberformat='{""1"":5,""2"":""d.m"",""3"":1}' data-sheets-value='{""1"":3,""3"":44697}'>16.5</td>
<td data-sheets-numberformat='{""1"":5,""2"":""d.m"",""3"":1}' data-sheets-value='{""1"":3,""3"":44637}'>17.3</td>
<td data-sheets-numberformat='{""1"":5,""2"":""d.m"",""3"":1}' data-sheets-value='{""1"":3,""3"":44579}'>18.1</td>
<td data-sheets-numberformat='{""1"":5,""2"":""d.m"",""3"":1}' data-sheets-value='{""1"":3,""3"":44822}'>18.9</td>
</tr>
<tr>
<td></td>
<td></td>
<td></td>
<td></td>
<td></td>
<td></td>
<td></td>
<td></td>
<td></td>
</tr>
<tr>
<td data-sheets-value='{""1"":2,""2"":""centimeter""}'>centimeter</td>
<td data-sheets-value='{""1"":2,""2"":""S""}'>S</td>
<td data-sheets-value='{""1"":2,""2"":""M""}'>M</td>
<td data-sheets-value='{""1"":2,""2"":""L""}'>L</td>
<td data-sheets-value='{""1"":2,""2"":""XL""}'>XL</td>
<td data-sheets-value='{""1"":2,""2"":""2XL""}'>2XL</td>
<td data-sheets-value='{""1"":2,""2"":""3XL""}'>3XL</td>
<td data-sheets-value='{""1"":2,""2"":""4XL""}'>4XL</td>
<td data-sheets-value='{""1"":2,""2"":""5XL""}'>5XL</td>
</tr>
<tr>
<td data-sheets-value='{""1"":2,""2"":""Length""}'>Length</td>
<td data-sheets-value='{""1"":2,""2"":""69.0""}'>69.0</td>
<td data-sheets-value='{""1"":2,""2"":""72.0""}'>72.0</td>
<td data-sheets-value='{""1"":2,""2"":""74.0""}'>74.0</td>
<td data-sheets-value='{""1"":2,""2"":""77.0""}'>77.0</td>
<td data-sheets-value='{""1"":2,""2"":""79.0""}'>79.0</td>
<td data-sheets-value='{""1"":2,""2"":""82.0""}'>82.0</td>
<td data-sheets-value='{""1"":2,""2"":""84.0""}'>84.0</td>
<td data-sheets-value='{""1"":2,""2"":""87.0""}'>87.0</td>
</tr>
<tr>
<td data-sheets-value='{""1"":2,""2"":""Bust""}'>Bust</td>
<td data-sheets-value='{""1"":2,""2"":""88.0""}'>88.0</td>
<td data-sheets-value='{""1"":2,""2"":""98.0""}'>98.0</td>
<td data-sheets-value='{""1"":2,""2"":""108.0""}'>108.0</td>
<td data-sheets-value='{""1"":2,""2"":""118.0""}'>118.0</td>
<td data-sheets-value='{""1"":2,""2"":""128.0""}'>128.0</td>
<td data-sheets-value='{""1"":2,""2"":""138.0""}'>138.0</td>
<td data-sheets-value='{""1"":2,""2"":""148.0""}'>148.0</td>
<td data-sheets-value='{""1"":2,""2"":""158.0""}'>158.0</td>
</tr>
<tr>
<td data-sheets-value='{""1"":2,""2"":""Sleeve""}'>Sleeve</td>
<td data-sheets-value='{""1"":2,""2"":""34.0""}'>34.0</td>
<td data-sheets-value='{""1"":2,""2"":""36.0""}'>36.0</td>
<td data-sheets-value='{""1"":2,""2"":""38.0""}'>38.0</td>
<td data-sheets-value='{""1"":2,""2"":""40.0""}'>40.0</td>
<td data-sheets-value='{""1"":2,""2"":""42.0""}'>42.0</td>
<td data-sheets-value='{""1"":2,""2"":""44.0""}'>44.0</td>
<td data-sheets-value='{""1"":2,""2"":""46.0""}'>46.0</td>
<td data-sheets-value='{""1"":2,""2"":""48.0""}'>48.0</td>
</tr>
</tbody>
</table>
<br>
<p><b data-mce-fragment=""1"">Note:<span> </span></b><strong>Actual product measurements may vary by up to 1 inch (3cm)</strong></p>
</div>
<h2 data-mce-fragment=""1""><b data-mce-fragment=""1"">CARE INSTRUCTIONS</b></h2>
<div data-mce-fragment=""1"">All Noble Pawtrait Clothing – Machine wash in cold water. Mild detergent is safe to use. Do not bleach. Tumble dry.</div>
<div data-mce-fragment=""1""><br data-mce-fragment=""1""></div>
<meta charset=""utf-8""><span data-mce-fragment=""1""></span><span data-mce-fragment=""1""></span><span data-mce-fragment=""1""></span><span data-mce-fragment=""1""></span>
<h2 data-mce-fragment=""1""><b data-mce-fragment=""1"">PRODUCT DETAILS </b></h2>
<p data-mce-fragment=""1"">The Polo shirt is made with <span data-mce-fragment=""1"">100% Polyester</span> that is perfect for printing, the shirt color is vibrant and bright with eye-catching designs. The custom all-over print shirt will make you look so good. Go to beaches in comfort and grab public attention impressively.</p>
<meta charset=""utf-8""><span data-mce-fragment=""1""></span><span data-mce-fragment=""1""></span><span data-mce-fragment=""1""></span><span data-mce-fragment=""1""></span>
<div data-reactid='.1agge3towpi.7.0.${""splat""=2""-/-"",""tagSlug""=2""Aquatic &amp; Land"",""campaignUrl""=2""turtle-sweet-soul""}.0.0.2.3.1.h.2.0' class=""px-1 py-1 lg:px-0 fs-lg flex items-center bc-grey-200"" data-mce-fragment=""1"">
<h2 data-reactid='.1agge3towpi.7.0.${""splat""=2""-/-"",""tagSlug""=2""Aquatic &amp; Land"",""campaignUrl""=2""turtle-sweet-soul""}.0.0.2.3.1.h.2.0.0' class=""flex-grow fw-bold color-black"" data-mce-fragment=""1""><span data-reactid='.1agge3towpi.7.0.${""splat""=2""-/-"",""tagSlug""=2""Aquatic &amp; Land"",""campaignUrl""=2""turtle-sweet-soul""}.0.0.2.3.1.h.2.0.0.0' class=""capitalize"" data-mce-fragment=""1""><span data-reactid='.1agge3towpi.7.0.${""splat""=2""-/-"",""tagSlug""=2""Aquatic &amp; Land"",""campaignUrl""=2""turtle-sweet-soul""}.0.0.2.3.1.h.2.0.0.0.0' data-mce-fragment=""1"">SHIPPING INFO</span></span></h2>
</div>
<div data-reactid='.1agge3towpi.7.0.${""splat""=2""-/-"",""tagSlug""=2""Aquatic &amp; Land"",""campaignUrl""=2""turtle-sweet-soul""}.0.0.2.3.1.h.2.1' class=""px-1 pb-1 lg:px-0 bgc-white"" data-mce-fragment=""1"">
<div data-reactid='.1agge3towpi.7.0.${""splat""=2""-/-"",""tagSlug""=2""Aquatic &amp; Land"",""campaignUrl""=2""turtle-sweet-soul""}.0.0.2.3.1.h.2.1.0' data-mce-fragment=""1"">
<p data-mce-fragment=""1""><span class=""emoji"" data-mce-fragment=""1"">📦 US, Canada, and Europe </span><span data-reactid='.1agge3towpi.7.0.${""splat""=2""-/-"",""tagSlug""=2""Aquatic &amp; Land"",""campaignUrl""=2""turtle-sweet-soul""}.0.0.2.3.1.h.2.1.0.0.0' data-mce-fragment=""1"">Orders ship within 10 to 15 business days (delaying time can be 15-21 business days due to Covid-19). </span>Up to 30 working days transit time for rest of world.</p>
</div>
<div data-reactid='.1agge3towpi.7.0.${""splat""=2""-/-"",""tagSlug""=2""Aquatic &amp; Land"",""campaignUrl""=2""turtle-sweet-soul""}.0.0.2.3.1.h.2.1.2' class=""mb-1"" data-mce-fragment=""1"">
<span data-reactid='.1agge3towpi.7.0.${""splat""=2""-/-"",""tagSlug""=2""Aquatic &amp; Land"",""campaignUrl""=2""turtle-sweet-soul""}.0.0.2.3.1.h.2.1.2.0' data-mce-fragment=""1"">📦 For more details about our shipping rates, please visit </span><a href=""https://noblepawtrait.com/pages/faq"" data-mce-fragment=""1"" data-mce-href=""https://noblepawtrait.com/pages/faq""><span data-reactid='.1agge3towpi.7.0.${""splat""=2""-/-"",""tagSlug""=2""Aquatic &amp; Land"",""campaignUrl""=2""turtle-sweet-soul""}.0.0.2.3.1.h.2.1.2.1.0' data-mce-fragment=""1"">here</span></a>
</div>
<div data-reactid='.1agge3towpi.7.0.${""splat""=2""-/-"",""tagSlug""=2""Aquatic &amp; Land"",""campaignUrl""=2""turtle-sweet-soul""}.0.0.2.3.1.h.2.1.2' class=""mb-1"" data-mce-fragment=""1"">
<span data-reactid='.1agge3towpi.7.0.${""splat""=2""-/-"",""tagSlug""=2""Aquatic &amp; Land"",""campaignUrl""=2""turtle-sweet-soul""}.0.0.2.3.1.h.2.1.2.1.0' data-mce-fragment=""1""></span><br data-mce-fragment=""1"">
</div>
<div data-reactid='.1agge3towpi.7.0.${""splat""=2""-/-"",""tagSlug""=2""Aquatic &amp; Land"",""campaignUrl""=2""turtle-sweet-soul""}.0.0.2.3.1.h.2.1.2' class=""mb-1"" data-mce-fragment=""1"">
<h2 data-reactid='.1agge3towpi.7.0.${""splat""=2""-/-"",""tagSlug""=2""Aquatic &amp; Land"",""campaignUrl""=2""turtle-sweet-soul""}.0.0.2.3.1.h.2.0.0' class=""flex-grow fw-bold color-black"" data-mce-fragment=""1""><span data-reactid='.1agge3towpi.7.0.${""splat""=2""-/-"",""tagSlug""=2""Aquatic &amp; Land"",""campaignUrl""=2""turtle-sweet-soul""}.0.0.2.3.1.h.2.0.0.0' class=""capitalize"" data-mce-fragment=""1""><span data-reactid='.1agge3towpi.7.0.${""splat""=2""-/-"",""tagSlug""=2""Aquatic &amp; Land"",""campaignUrl""=2""turtle-sweet-soul""}.0.0.2.3.1.h.2.0.0.0.0' data-mce-fragment=""1"">MORE QUESTION?</span></span></h2>
</div>
<div data-reactid='.1agge3towpi.7.0.${""splat""=2""-/-"",""tagSlug""=2""Aquatic &amp; Land"",""campaignUrl""=2""turtle-sweet-soul""}.0.0.2.3.1.h.2.1.2' class=""mb-1"" data-mce-fragment=""1"">Don't hesitate to contact us<span data-mce-fragment=""1""> </span><a href=""https://noblepawtrait.com/pages/contact-us"" data-mce-fragment=""1"" data-mce-href=""https://noblepawtrait.com/pages/contact-us"">here</a><span data-mce-fragment=""1""> </span>❤️</div>
<div data-reactid='.1agge3towpi.7.0.${""splat""=2""-/-"",""tagSlug""=2""Aquatic &amp; Land"",""campaignUrl""=2""turtle-sweet-soul""}.0.0.2.3.1.h.2.1.2' class=""mb-1"" data-mce-fragment=""1""><br data-mce-fragment=""1""></div>
</div>
<p data-mce-fragment=""1""><span data-mce-fragment=""1"">Join the growing family of Noble Pawtrait and before long, you’ll be enjoying side-splitting laughter at people’s reactions!</span></p>",,,taxable,,1,,,0,0,,,,,1,,,,Polo Shirt,,,"https://cdn.shopify.com/s/files/1/0291/0214/5580/products/Polo03mk1.jpg?v=1660739387,https://cdn.shopify.com/s/files/1/0291/0214/5580/products/Polo03mk2.jpg?v=1660739384,https://cdn.shopify.com/s/files/1/0291/0214/5580/products/Polo03mk3.jpg?v=1660739385,https://cdn.shopify.com/s/files/1/0291/0214/5580/products/Polo03mk4.jpg?v=1660739385",,,,,,,,,0,Size,"S,M,L,XL,2XL,3XL,4XL,5XL,6XL",0,1,S,Number Of Pets,"1,2,3,4,5",0,1,1,,,,,,
,variation,,Custom Polo Shirt With Dog Face | Personalized Gift For Dog Dad | Black Flower Pattern Men Polo Shirt,1,0,visible,,,,,taxable,parent,1,,,,0,,,,,0,,,49.95,,,,,,,7.7608E+12,,,,,,1,Size,S,,1,,Number Of Pets,1,,1,,,,,,,
,variation,,Custom Polo Shirt With Dog Face | Personalized Gift For Dog Dad | Black Flower Pattern Men Polo Shirt,1,0,visible,,,,,taxable,parent,1,,,,0,,,,,0,,,54.95,,,,,,,7.7608E+12,,,,,,2,Size,S,,1,,Number Of Pets,2,,1,,,,,,,
,variation,,Custom Polo Shirt With Dog Face | Personalized Gift For Dog Dad | Black Flower Pattern Men Polo Shirt,1,0,visible,,,,,taxable,parent,1,,,,0,,,,,0,,,59.95,,,,,,,7.7608E+12,,,,,,3,Size,S,,1,,Number Of Pets,3,,1,,,,,,,
,variation,,Custom Polo Shirt With Dog Face | Personalized Gift For Dog Dad | Black Flower Pattern Men Polo Shirt,1,0,visible,,,,,taxable,parent,1,,,,0,,,,,0,,,64.95,,,,,,,7.7608E+12,,,,,,4,Size,S,,1,,Number Of Pets,4,,1,,,,,,,
,variation,,Custom Polo Shirt With Dog Face | Personalized Gift For Dog Dad | Black Flower Pattern Men Polo Shirt,1,0,visible,,,,,taxable,parent,1,,,,0,,,,,0,,,69.95,,,,,,,7.7608E+12,,,,,,5,Size,S,,1,,Number Of Pets,5,,1,,,,,,,
,variation,,Custom Polo Shirt With Dog Face | Personalized Gift For Dog Dad | Black Flower Pattern Men Polo Shirt,1,0,visible,,,,,taxable,parent,1,,,,0,,,,,0,,,49.95,,,,,,,7.7608E+12,,,,,,6,Size,M,,1,,Number Of Pets,1,,1,,,,,,,
,variation,,Custom Polo Shirt With Dog Face | Personalized Gift For Dog Dad | Black Flower Pattern Men Polo Shirt,1,0,visible,,,,,taxable,parent,1,,,,0,,,,,0,,,54.95,,,,,,,7.7608E+12,,,,,,7,Size,M,,1,,Number Of Pets,2,,1,,,,,,,
,variation,,Custom Polo Shirt With Dog Face | Personalized Gift For Dog Dad | Black Flower Pattern Men Polo Shirt,1,0,visible,,,,,taxable,parent,1,,,,0,,,,,0,,,59.95,,,,,,,7.7608E+12,,,,,,8,Size,M,,1,,Number Of Pets,3,,1,,,,,,,
,variation,,Custom Polo Shirt With Dog Face | Personalized Gift For Dog Dad | Black Flower Pattern Men Polo Shirt,1,0,visible,,,,,taxable,parent,1,,,,0,,,,,0,,,64.95,,,,,,,7.7608E+12,,,,,,9,Size,M,,1,,Number Of Pets,4,,1,,,,,,,
,variation,,Custom Polo Shirt With Dog Face | Personalized Gift For Dog Dad | Black Flower Pattern Men Polo Shirt,1,0,visible,,,,,taxable,parent,1,,,,0,,,,,0,,,69.95,,,,,,,7.7608E+12,,,,,,10,Size,M,,1,,Number Of Pets,5,,1,,,,,,,
,variation,,Custom Polo Shirt With Dog Face | Personalized Gift For Dog Dad | Black Flower Pattern Men Polo Shirt,1,0,visible,,,,,taxable,parent,1,,,,0,,,,,0,,,49.95,,,,,,,7.7608E+12,,,,,,11,Size,L,,1,,Number Of Pets,1,,1,,,,,,,
,variation,,Custom Polo Shirt With Dog Face | Personalized Gift For Dog Dad | Black Flower Pattern Men Polo Shirt,1,0,visible,,,,,taxable,parent,1,,,,0,,,,,0,,,54.95,,,,,,,7.7608E+12,,,,,,12,Size,L,,1,,Number Of Pets,2,,1,,,,,,,
,variation,,Custom Polo Shirt With Dog Face | Personalized Gift For Dog Dad | Black Flower Pattern Men Polo Shirt,1,0,visible,,,,,taxable,parent,1,,,,0,,,,,0,,,59.95,,,,,,,7.7608E+12,,,,,,13,Size,L,,1,,Number Of Pets,3,,1,,,,,,,
,variation,,Custom Polo Shirt With Dog Face | Personalized Gift For Dog Dad | Black Flower Pattern Men Polo Shirt,1,0,visible,,,,,taxable,parent,1,,,,0,,,,,0,,,64.95,,,,,,,7.7608E+12,,,,,,14,Size,L,,1,,Number Of Pets,4,,1,,,,,,,
,variation,,Custom Polo Shirt With Dog Face | Personalized Gift For Dog Dad | Black Flower Pattern Men Polo Shirt,1,0,visible,,,,,taxable,parent,1,,,,0,,,,,0,,,69.95,,,,,,,7.7608E+12,,,,,,15,Size,L,,1,,Number Of Pets,5,,1,,,,,,,
,variation,,Custom Polo Shirt With Dog Face | Personalized Gift For Dog Dad | Black Flower Pattern Men Polo Shirt,1,0,visible,,,,,taxable,parent,1,,,,0,,,,,0,,,49.95,,,,,,,7.7608E+12,,,,,,16,Size,XL,,1,,Number Of Pets,1,,1,,,,,,,
,variation,,Custom Polo Shirt With Dog Face | Personalized Gift For Dog Dad | Black Flower Pattern Men Polo Shirt,1,0,visible,,,,,taxable,parent,1,,,,0,,,,,0,,,54.95,,,,,,,7.7608E+12,,,,,,17,Size,XL,,1,,Number Of Pets,2,,1,,,,,,,
,variation,,Custom Polo Shirt With Dog Face | Personalized Gift For Dog Dad | Black Flower Pattern Men Polo Shirt,1,0,visible,,,,,taxable,parent,1,,,,0,,,,,0,,,59.95,,,,,,,7.7608E+12,,,,,,18,Size,XL,,1,,Number Of Pets,3,,1,,,,,,,
,variation,,Custom Polo Shirt With Dog Face | Personalized Gift For Dog Dad | Black Flower Pattern Men Polo Shirt,1,0,visible,,,,,taxable,parent,1,,,,0,,,,,0,,,64.95,,,,,,,7.7608E+12,,,,,,19,Size,XL,,1,,Number Of Pets,4,,1,,,,,,,
,variation,,Custom Polo Shirt With Dog Face | Personalized Gift For Dog Dad | Black Flower Pattern Men Polo Shirt,1,0,visible,,,,,taxable,parent,1,,,,0,,,,,0,,,69.95,,,,,,,7.7608E+12,,,,,,20,Size,XL,,1,,Number Of Pets,5,,1,,,,,,,
,variation,,Custom Polo Shirt With Dog Face | Personalized Gift For Dog Dad | Black Flower Pattern Men Polo Shirt,1,0,visible,,,,,taxable,parent,1,,,,0,,,,,0,,,49.95,,,,,,,7.7608E+12,,,,,,21,Size,2XL,,1,,Number Of Pets,1,,1,,,,,,,
,variation,,Custom Polo Shirt With Dog Face | Personalized Gift For Dog Dad | Black Flower Pattern Men Polo Shirt,1,0,visible,,,,,taxable,parent,1,,,,0,,,,,0,,,54.95,,,,,,,7.7608E+12,,,,,,22,Size,2XL,,1,,Number Of Pets,2,,1,,,,,,,
,variation,,Custom Polo Shirt With Dog Face | Personalized Gift For Dog Dad | Black Flower Pattern Men Polo Shirt,1,0,visible,,,,,taxable,parent,1,,,,0,,,,,0,,,59.95,,,,,,,7.7608E+12,,,,,,23,Size,2XL,,1,,Number Of Pets,3,,1,,,,,,,
,variation,,Custom Polo Shirt With Dog Face | Personalized Gift For Dog Dad | Black Flower Pattern Men Polo Shirt,1,0,visible,,,,,taxable,parent,1,,,,0,,,,,0,,,64.95,,,,,,,7.7608E+12,,,,,,24,Size,2XL,,1,,Number Of Pets,4,,1,,,,,,,
,variation,,Custom Polo Shirt With Dog Face | Personalized Gift For Dog Dad | Black Flower Pattern Men Polo Shirt,1,0,visible,,,,,taxable,parent,1,,,,0,,,,,0,,,69.95,,,,,,,7.7608E+12,,,,,,25,Size,2XL,,1,,Number Of Pets,5,,1,,,,,,,
,variation,,Custom Polo Shirt With Dog Face | Personalized Gift For Dog Dad | Black Flower Pattern Men Polo Shirt,1,0,visible,,,,,taxable,parent,1,,,,0,,,,,0,,,49.95,,,,,,,7.7608E+12,,,,,,26,Size,3XL,,1,,Number Of Pets,1,,1,,,,,,,
,variation,,Custom Polo Shirt With Dog Face | Personalized Gift For Dog Dad | Black Flower Pattern Men Polo Shirt,1,0,visible,,,,,taxable,parent,1,,,,0,,,,,0,,,54.95,,,,,,,7.7608E+12,,,,,,27,Size,3XL,,1,,Number Of Pets,2,,1,,,,,,,
,variation,,Custom Polo Shirt With Dog Face | Personalized Gift For Dog Dad | Black Flower Pattern Men Polo Shirt,1,0,visible,,,,,taxable,parent,1,,,,0,,,,,0,,,59.95,,,,,,,7.7608E+12,,,,,,28,Size,3XL,,1,,Number Of Pets,3,,1,,,,,,,
,variation,,Custom Polo Shirt With Dog Face | Personalized Gift For Dog Dad | Black Flower Pattern Men Polo Shirt,1,0,visible,,,,,taxable,parent,1,,,,0,,,,,0,,,64.95,,,,,,,7.7608E+12,,,,,,29,Size,3XL,,1,,Number Of Pets,4,,1,,,,,,,
,variation,,Custom Polo Shirt With Dog Face | Personalized Gift For Dog Dad | Black Flower Pattern Men Polo Shirt,1,0,visible,,,,,taxable,parent,1,,,,0,,,,,0,,,69.95,,,,,,,7.7608E+12,,,,,,30,Size,3XL,,1,,Number Of Pets,5,,1,,,,,,,
,variation,,Custom Polo Shirt With Dog Face | Personalized Gift For Dog Dad | Black Flower Pattern Men Polo Shirt,1,0,visible,,,,,taxable,parent,1,,,,0,,,,,0,,,49.95,,,,,,,7.7608E+12,,,,,,31,Size,4XL,,1,,Number Of Pets,1,,1,,,,,,,
,variation,,Custom Polo Shirt With Dog Face | Personalized Gift For Dog Dad | Black Flower Pattern Men Polo Shirt,1,0,visible,,,,,taxable,parent,1,,,,0,,,,,0,,,54.95,,,,,,,7.7608E+12,,,,,,32,Size,4XL,,1,,Number Of Pets,2,,1,,,,,,,
,variation,,Custom Polo Shirt With Dog Face | Personalized Gift For Dog Dad | Black Flower Pattern Men Polo Shirt,1,0,visible,,,,,taxable,parent,1,,,,0,,,,,0,,,59.95,,,,,,,7.7608E+12,,,,,,33,Size,4XL,,1,,Number Of Pets,3,,1,,,,,,,
,variation,,Custom Polo Shirt With Dog Face | Personalized Gift For Dog Dad | Black Flower Pattern Men Polo Shirt,1,0,visible,,,,,taxable,parent,1,,,,0,,,,,0,,,64.95,,,,,,,7.7608E+12,,,,,,34,Size,4XL,,1,,Number Of Pets,4,,1,,,,,,,
,variation,,Custom Polo Shirt With Dog Face | Personalized Gift For Dog Dad | Black Flower Pattern Men Polo Shirt,1,0,visible,,,,,taxable,parent,1,,,,0,,,,,0,,,69.95,,,,,,,7.7608E+12,,,,,,35,Size,4XL,,1,,Number Of Pets,5,,1,,,,,,,
,variation,,Custom Polo Shirt With Dog Face | Personalized Gift For Dog Dad | Black Flower Pattern Men Polo Shirt,1,0,visible,,,,,taxable,parent,1,,,,0,,,,,0,,,49.95,,,,,,,7.7608E+12,,,,,,36,Size,5XL,,1,,Number Of Pets,1,,1,,,,,,,
,variation,,Custom Polo Shirt With Dog Face | Personalized Gift For Dog Dad | Black Flower Pattern Men Polo Shirt,1,0,visible,,,,,taxable,parent,1,,,,0,,,,,0,,,54.95,,,,,,,7.7608E+12,,,,,,37,Size,5XL,,1,,Number Of Pets,2,,1,,,,,,,
,variation,,Custom Polo Shirt With Dog Face | Personalized Gift For Dog Dad | Black Flower Pattern Men Polo Shirt,1,0,visible,,,,,taxable,parent,1,,,,0,,,,,0,,,59.95,,,,,,,7.7608E+12,,,,,,38,Size,5XL,,1,,Number Of Pets,3,,1,,,,,,,
,variation,,Custom Polo Shirt With Dog Face | Personalized Gift For Dog Dad | Black Flower Pattern Men Polo Shirt,1,0,visible,,,,,taxable,parent,1,,,,0,,,,,0,,,64.95,,,,,,,7.7608E+12,,,,,,39,Size,5XL,,1,,Number Of Pets,4,,1,,,,,,,
,variation,,Custom Polo Shirt With Dog Face | Personalized Gift For Dog Dad | Black Flower Pattern Men Polo Shirt,1,0,visible,,,,,taxable,parent,1,,,,0,,,,,0,,,69.95,,,,,,,7.7608E+12,,,,,,40,Size,5XL,,1,,Number Of Pets,5,,1,,,,,,,
,variation,,Custom Polo Shirt With Dog Face | Personalized Gift For Dog Dad | Black Flower Pattern Men Polo Shirt,1,0,visible,,,,,taxable,parent,1,,,,0,,,,,0,,,49.95,,,,,,,7.7608E+12,,,,,,41,Size,6XL,,1,,Number Of Pets,1,,1,,,,,,,
,variation,,Custom Polo Shirt With Dog Face | Personalized Gift For Dog Dad | Black Flower Pattern Men Polo Shirt,1,0,visible,,,,,taxable,parent,1,,,,0,,,,,0,,,54.95,,,,,,,7.7608E+12,,,,,,42,Size,6XL,,1,,Number Of Pets,2,,1,,,,,,,
,variation,,Custom Polo Shirt With Dog Face | Personalized Gift For Dog Dad | Black Flower Pattern Men Polo Shirt,1,0,visible,,,,,taxable,parent,1,,,,0,,,,,0,,,59.95,,,,,,,7.7608E+12,,,,,,43,Size,6XL,,1,,Number Of Pets,3,,1,,,,,,,
,variation,,Custom Polo Shirt With Dog Face | Personalized Gift For Dog Dad | Black Flower Pattern Men Polo Shirt,1,0,visible,,,,,taxable,parent,1,,,,0,,,,,0,,,64.95,,,,,,,7.7608E+12,,,,,,44,Size,6XL,,1,,Number Of Pets,4,,1,,,,,,,
,variation,,Custom Polo Shirt With Dog Face | Personalized Gift For Dog Dad | Black Flower Pattern Men Polo Shirt,1,0,visible,,,,,taxable,parent,1,,,,0,,,,,0,,,69.95,,,,,,,7.7608E+12,,,,,,45,Size,6XL,,1,,Number Of Pets,5,,1,,,,,,,
,variable,,Custom Polo Shirt With Dog Face | Personalized Gift For Dog Dad | Blue & Red Leaves & Flowers Pattern Men Polo Shirt,1,0,visible,,"<div data-mce-fragment=""1"">
<h2 data-mce-fragment=""1"">HOW TO ORDER:</h2>
<div data-mce-fragment=""1"">1. Choose the size from the drop-down menu</div>
<div data-mce-fragment=""1"">2. Upload the photo of your pet</div>
<div data-mce-fragment=""1"">3.<meta charset=""utf-8""> <span data-mce-fragment=""1"">Click on 'Add To Cart</span>
</div>
<div data-mce-fragment=""1"">4. Add your delivery address and bank details</div>
<div data-mce-fragment=""1"">5. And that's it!</div>
<div data-mce-fragment=""1""><b data-mce-fragment=""1"">NOTE: BUY 2 OR MORE TO SAVE YOUR SHIPPING COST !!!</b></div>
<div data-mce-fragment=""1""><b data-mce-fragment=""1""></b></div>
</div>
<div data-mce-fragment=""1"">
<div data-mce-fragment=""1"">
<h2 data-mce-fragment=""1""><strong data-mce-fragment=""1"">SIZING GUIDE</strong></h2>
</div>
</div>
<style type=""text/css""><!--
td {border: 1px solid #ccc;}br {mso-data-placement:same-cell;}
--></style>
<style type=""text/css""><!--
td {border: 1px solid #ccc;}br {mso-data-placement:same-cell;}
--></style>
<div data-mce-fragment=""1"">
<table border=""1"" dir=""ltr"" cellpadding=""0"" cellspacing=""0"" xmlns=""http://www.w3.org/1999/xhtml"">
<colgroup> <col width=""100""> <col width=""100""> <col width=""100""> <col width=""100""> <col width=""100""> <col width=""100""> <col width=""100""> <col width=""100""> <col width=""100""> </colgroup>
<tbody>
<tr>
<td data-sheets-value='{""1"":2,""2"":""inch""}'>inch</td>
<td data-sheets-value='{""1"":2,""2"":""S""}'>S</td>
<td data-sheets-value='{""1"":2,""2"":""M""}'>M</td>
<td data-sheets-value='{""1"":2,""2"":""L""}'>L</td>
<td data-sheets-value='{""1"":2,""2"":""XL""}'>XL</td>
<td data-sheets-value='{""1"":2,""2"":""2XL""}'>2XL</td>
<td data-sheets-value='{""1"":2,""2"":""3XL""}'>3XL</td>
<td data-sheets-value='{""1"":2,""2"":""4XL""}'>4XL</td>
<td data-sheets-value='{""1"":2,""2"":""5XL""}'>5XL</td>
</tr>
<tr>
<td data-sheets-value='{""1"":2,""2"":""Length""}'>Length</td>
<td data-sheets-numberformat='{""1"":5,""2"":""d.m"",""3"":1}' data-sheets-value='{""1"":3,""3"":44619}'>27.2</td>
<td data-sheets-numberformat='{""1"":5,""2"":""d.m"",""3"":1}' data-sheets-value='{""1"":3,""3"":44648}'>28.3</td>
<td data-sheets-numberformat='{""1"":5,""2"":""d.m"",""3"":1}' data-sheets-value='{""1"":3,""3"":44590}'>29.1</td>
<td data-sheets-numberformat='{""1"":5,""2"":""d.m"",""3"":1}' data-sheets-value='{""1"":3,""3"":44650}'>30.3</td>
<td data-sheets-numberformat='{""1"":5,""2"":""d.m"",""3"":1}' data-sheets-value='{""1"":3,""3"":44592}'>31.1</td>
<td data-sheets-value='{""1"":2,""2"":""32.3""}'>32.3</td>
<td data-sheets-value='{""1"":2,""2"":""33.1""}'>33.1</td>
<td data-sheets-value='{""1"":2,""2"":""34.3""}'>34.3</td>
</tr>
<tr>
<td data-sheets-value='{""1"":2,""2"":""Bust""}'>Bust</td>
<td data-sheets-value='{""1"":2,""2"":""34.6""}'>34.6</td>
<td data-sheets-value='{""1"":2,""2"":""38.6""}'>38.6</td>
<td data-sheets-value='{""1"":2,""2"":""42.5""}'>42.5</td>
<td data-sheets-value='{""1"":2,""2"":""46.5""}'>46.5</td>
<td data-sheets-value='{""1"":2,""2"":""50.4""}'>50.4</td>
<td data-sheets-value='{""1"":2,""2"":""54.3""}'>54.3</td>
<td data-sheets-value='{""1"":2,""2"":""58.3""}'>58.3</td>
<td data-sheets-value='{""1"":2,""2"":""62.2""}'>62.2</td>
</tr>
<tr>
<td data-sheets-value='{""1"":2,""2"":""Sleeve""}'>Sleeve</td>
<td data-sheets-numberformat='{""1"":5,""2"":""d.m"",""3"":1}' data-sheets-value='{""1"":3,""3"":44664}'>13.4</td>
<td data-sheets-numberformat='{""1"":5,""2"":""d.m"",""3"":1}' data-sheets-value='{""1"":3,""3"":44606}'>14.2</td>
<td data-sheets-value='{""1"":2,""2"":""15.0""}'>15.0</td>
<td data-sheets-numberformat='{""1"":5,""2"":""d.m"",""3"":1}' data-sheets-value='{""1"":3,""3"":44757}'>15.7</td>
<td data-sheets-numberformat='{""1"":5,""2"":""d.m"",""3"":1}' data-sheets-value='{""1"":3,""3"":44697}'>16.5</td>
<td data-sheets-numberformat='{""1"":5,""2"":""d.m"",""3"":1}' data-sheets-value='{""1"":3,""3"":44637}'>17.3</td>
<td data-sheets-numberformat='{""1"":5,""2"":""d.m"",""3"":1}' data-sheets-value='{""1"":3,""3"":44579}'>18.1</td>
<td data-sheets-numberformat='{""1"":5,""2"":""d.m"",""3"":1}' data-sheets-value='{""1"":3,""3"":44822}'>18.9</td>
</tr>
<tr>
<td></td>
<td></td>
<td></td>
<td></td>
<td></td>
<td></td>
<td></td>
<td></td>
<td></td>
</tr>
<tr>
<td data-sheets-value='{""1"":2,""2"":""centimeter""}'>centimeter</td>
<td data-sheets-value='{""1"":2,""2"":""S""}'>S</td>
<td data-sheets-value='{""1"":2,""2"":""M""}'>M</td>
<td data-sheets-value='{""1"":2,""2"":""L""}'>L</td>
<td data-sheets-value='{""1"":2,""2"":""XL""}'>XL</td>
<td data-sheets-value='{""1"":2,""2"":""2XL""}'>2XL</td>
<td data-sheets-value='{""1"":2,""2"":""3XL""}'>3XL</td>
<td data-sheets-value='{""1"":2,""2"":""4XL""}'>4XL</td>
<td data-sheets-value='{""1"":2,""2"":""5XL""}'>5XL</td>
</tr>
<tr>
<td data-sheets-value='{""1"":2,""2"":""Length""}'>Length</td>
<td data-sheets-value='{""1"":2,""2"":""69.0""}'>69.0</td>
<td data-sheets-value='{""1"":2,""2"":""72.0""}'>72.0</td>
<td data-sheets-value='{""1"":2,""2"":""74.0""}'>74.0</td>
<td data-sheets-value='{""1"":2,""2"":""77.0""}'>77.0</td>
<td data-sheets-value='{""1"":2,""2"":""79.0""}'>79.0</td>
<td data-sheets-value='{""1"":2,""2"":""82.0""}'>82.0</td>
<td data-sheets-value='{""1"":2,""2"":""84.0""}'>84.0</td>
<td data-sheets-value='{""1"":2,""2"":""87.0""}'>87.0</td>
</tr>
<tr>
<td data-sheets-value='{""1"":2,""2"":""Bust""}'>Bust</td>
<td data-sheets-value='{""1"":2,""2"":""88.0""}'>88.0</td>
<td data-sheets-value='{""1"":2,""2"":""98.0""}'>98.0</td>
<td data-sheets-value='{""1"":2,""2"":""108.0""}'>108.0</td>
<td data-sheets-value='{""1"":2,""2"":""118.0""}'>118.0</td>
<td data-sheets-value='{""1"":2,""2"":""128.0""}'>128.0</td>
<td data-sheets-value='{""1"":2,""2"":""138.0""}'>138.0</td>
<td data-sheets-value='{""1"":2,""2"":""148.0""}'>148.0</td>
<td data-sheets-value='{""1"":2,""2"":""158.0""}'>158.0</td>
</tr>
<tr>
<td data-sheets-value='{""1"":2,""2"":""Sleeve""}'>Sleeve</td>
<td data-sheets-value='{""1"":2,""2"":""34.0""}'>34.0</td>
<td data-sheets-value='{""1"":2,""2"":""36.0""}'>36.0</td>
<td data-sheets-value='{""1"":2,""2"":""38.0""}'>38.0</td>
<td data-sheets-value='{""1"":2,""2"":""40.0""}'>40.0</td>
<td data-sheets-value='{""1"":2,""2"":""42.0""}'>42.0</td>
<td data-sheets-value='{""1"":2,""2"":""44.0""}'>44.0</td>
<td data-sheets-value='{""1"":2,""2"":""46.0""}'>46.0</td>
<td data-sheets-value='{""1"":2,""2"":""48.0""}'>48.0</td>
</tr>
</tbody>
</table>
<br>
<p><b data-mce-fragment=""1"">Note:<span> </span></b><strong>Actual product measurements may vary by up to 1 inch (3cm)</strong></p>
</div>
<h2 data-mce-fragment=""1""><b data-mce-fragment=""1"">CARE INSTRUCTIONS</b></h2>
<div data-mce-fragment=""1"">All Noble Pawtrait Clothing – Machine wash in cold water. Mild detergent is safe to use. Do not bleach. Tumble dry.</div>
<div data-mce-fragment=""1""><br data-mce-fragment=""1""></div>
<meta charset=""utf-8""><span data-mce-fragment=""1""></span><span data-mce-fragment=""1""></span><span data-mce-fragment=""1""></span><span data-mce-fragment=""1""></span>
<h2 data-mce-fragment=""1""><b data-mce-fragment=""1"">PRODUCT DETAILS </b></h2>
<p data-mce-fragment=""1"">The Polo shirt is made with <span data-mce-fragment=""1"">100% Polyester</span> that is perfect for printing, the shirt color is vibrant and bright with eye-catching designs. The custom all-over print shirt will make you look so good. Go to beaches in comfort and grab public attention impressively.</p>
<meta charset=""utf-8""><span data-mce-fragment=""1""></span><span data-mce-fragment=""1""></span><span data-mce-fragment=""1""></span><span data-mce-fragment=""1""></span>
<div data-reactid='.1agge3towpi.7.0.${""splat""=2""-/-"",""tagSlug""=2""Aquatic &amp; Land"",""campaignUrl""=2""turtle-sweet-soul""}.0.0.2.3.1.h.2.0' class=""px-1 py-1 lg:px-0 fs-lg flex items-center bc-grey-200"" data-mce-fragment=""1"">
<h2 data-reactid='.1agge3towpi.7.0.${""splat""=2""-/-"",""tagSlug""=2""Aquatic &amp; Land"",""campaignUrl""=2""turtle-sweet-soul""}.0.0.2.3.1.h.2.0.0' class=""flex-grow fw-bold color-black"" data-mce-fragment=""1""><span data-reactid='.1agge3towpi.7.0.${""splat""=2""-/-"",""tagSlug""=2""Aquatic &amp; Land"",""campaignUrl""=2""turtle-sweet-soul""}.0.0.2.3.1.h.2.0.0.0' class=""capitalize"" data-mce-fragment=""1""><span data-reactid='.1agge3towpi.7.0.${""splat""=2""-/-"",""tagSlug""=2""Aquatic &amp; Land"",""campaignUrl""=2""turtle-sweet-soul""}.0.0.2.3.1.h.2.0.0.0.0' data-mce-fragment=""1"">SHIPPING INFO</span></span></h2>
</div>
<div data-reactid='.1agge3towpi.7.0.${""splat""=2""-/-"",""tagSlug""=2""Aquatic &amp; Land"",""campaignUrl""=2""turtle-sweet-soul""}.0.0.2.3.1.h.2.1' class=""px-1 pb-1 lg:px-0 bgc-white"" data-mce-fragment=""1"">
<div data-reactid='.1agge3towpi.7.0.${""splat""=2""-/-"",""tagSlug""=2""Aquatic &amp; Land"",""campaignUrl""=2""turtle-sweet-soul""}.0.0.2.3.1.h.2.1.0' data-mce-fragment=""1"">
<p data-mce-fragment=""1""><span class=""emoji"" data-mce-fragment=""1"">📦 US, Canada, and Europe </span><span data-reactid='.1agge3towpi.7.0.${""splat""=2""-/-"",""tagSlug""=2""Aquatic &amp; Land"",""campaignUrl""=2""turtle-sweet-soul""}.0.0.2.3.1.h.2.1.0.0.0' data-mce-fragment=""1"">Orders ship within 10 to 15 business days (delaying time can be 15-21 business days due to Covid-19). </span>Up to 30 working days transit time for rest of world.</p>
</div>
<div data-reactid='.1agge3towpi.7.0.${""splat""=2""-/-"",""tagSlug""=2""Aquatic &amp; Land"",""campaignUrl""=2""turtle-sweet-soul""}.0.0.2.3.1.h.2.1.2' class=""mb-1"" data-mce-fragment=""1"">
<span data-reactid='.1agge3towpi.7.0.${""splat""=2""-/-"",""tagSlug""=2""Aquatic &amp; Land"",""campaignUrl""=2""turtle-sweet-soul""}.0.0.2.3.1.h.2.1.2.0' data-mce-fragment=""1"">📦 For more details about our shipping rates, please visit </span><a href=""https://noblepawtrait.com/pages/faq"" data-mce-fragment=""1"" data-mce-href=""https://noblepawtrait.com/pages/faq""><span data-reactid='.1agge3towpi.7.0.${""splat""=2""-/-"",""tagSlug""=2""Aquatic &amp; Land"",""campaignUrl""=2""turtle-sweet-soul""}.0.0.2.3.1.h.2.1.2.1.0' data-mce-fragment=""1"">here</span></a>
</div>
<div data-reactid='.1agge3towpi.7.0.${""splat""=2""-/-"",""tagSlug""=2""Aquatic &amp; Land"",""campaignUrl""=2""turtle-sweet-soul""}.0.0.2.3.1.h.2.1.2' class=""mb-1"" data-mce-fragment=""1"">
<span data-reactid='.1agge3towpi.7.0.${""splat""=2""-/-"",""tagSlug""=2""Aquatic &amp; Land"",""campaignUrl""=2""turtle-sweet-soul""}.0.0.2.3.1.h.2.1.2.1.0' data-mce-fragment=""1""></span><br data-mce-fragment=""1"">
</div>
<div data-reactid='.1agge3towpi.7.0.${""splat""=2""-/-"",""tagSlug""=2""Aquatic &amp; Land"",""campaignUrl""=2""turtle-sweet-soul""}.0.0.2.3.1.h.2.1.2' class=""mb-1"" data-mce-fragment=""1"">
<h2 data-reactid='.1agge3towpi.7.0.${""splat""=2""-/-"",""tagSlug""=2""Aquatic &amp; Land"",""campaignUrl""=2""turtle-sweet-soul""}.0.0.2.3.1.h.2.0.0' class=""flex-grow fw-bold color-black"" data-mce-fragment=""1""><span data-reactid='.1agge3towpi.7.0.${""splat""=2""-/-"",""tagSlug""=2""Aquatic &amp; Land"",""campaignUrl""=2""turtle-sweet-soul""}.0.0.2.3.1.h.2.0.0.0' class=""capitalize"" data-mce-fragment=""1""><span data-reactid='.1agge3towpi.7.0.${""splat""=2""-/-"",""tagSlug""=2""Aquatic &amp; Land"",""campaignUrl""=2""turtle-sweet-soul""}.0.0.2.3.1.h.2.0.0.0.0' data-mce-fragment=""1"">MORE QUESTION?</span></span></h2>
</div>
<div data-reactid='.1agge3towpi.7.0.${""splat""=2""-/-"",""tagSlug""=2""Aquatic &amp; Land"",""campaignUrl""=2""turtle-sweet-soul""}.0.0.2.3.1.h.2.1.2' class=""mb-1"" data-mce-fragment=""1"">Don't hesitate to contact us<span data-mce-fragment=""1""> </span><a href=""https://noblepawtrait.com/pages/contact-us"" data-mce-fragment=""1"" data-mce-href=""https://noblepawtrait.com/pages/contact-us"">here</a><span data-mce-fragment=""1""> </span>❤️</div>
<div data-reactid='.1agge3towpi.7.0.${""splat""=2""-/-"",""tagSlug""=2""Aquatic &amp; Land"",""campaignUrl""=2""turtle-sweet-soul""}.0.0.2.3.1.h.2.1.2' class=""mb-1"" data-mce-fragment=""1""><br data-mce-fragment=""1""></div>
</div>
<p data-mce-fragment=""1""><span data-mce-fragment=""1"">Join the growing family of Noble Pawtrait and before long, you’ll be enjoying side-splitting laughter at people’s reactions!</span></p>",,,taxable,,1,,,0,0,,,,,1,,,,Polo Shirt,,,"https://cdn.shopify.com/s/files/1/0291/0214/5580/products/Polo07mk1.jpg?v=1660741857,https://cdn.shopify.com/s/files/1/0291/0214/5580/products/Polo07mk2.jpg?v=1660741857,https://cdn.shopify.com/s/files/1/0291/0214/5580/products/Polo07mk3.jpg?v=1660741857,https://cdn.shopify.com/s/files/1/0291/0214/5580/products/Polo07mk4.jpg?v=1660741857",,,,,,,,,0,Size,"S,M,L,XL,2XL,3XL,4XL,5XL,6XL",0,1,S,Number Of Pets,"1,2,3,4,5",0,1,1,,,,,,
,variation,,Custom Polo Shirt With Dog Face | Personalized Gift For Dog Dad | Blue & Red Leaves & Flowers Pattern Men Polo Shirt,1,0,visible,,,,,taxable,parent,1,,,,0,,,,,0,,,49.95,,,,,,,7.76086E+12,,,,,,1,Size,S,,1,,Number Of Pets,1,,1,,,,,,,
,variation,,Custom Polo Shirt With Dog Face | Personalized Gift For Dog Dad | Blue & Red Leaves & Flowers Pattern Men Polo Shirt,1,0,visible,,,,,taxable,parent,1,,,,0,,,,,0,,,54.95,,,,,,,7.76086E+12,,,,,,2,Size,S,,1,,Number Of Pets,2,,1,,,,,,,
,variation,,Custom Polo Shirt With Dog Face | Personalized Gift For Dog Dad | Blue & Red Leaves & Flowers Pattern Men Polo Shirt,1,0,visible,,,,,taxable,parent,1,,,,0,,,,,0,,,59.95,,,,,,,7.76086E+12,,,,,,3,Size,S,,1,,Number Of Pets,3,,1,,,,,,,
,variation,,Custom Polo Shirt With Dog Face | Personalized Gift For Dog Dad | Blue & Red Leaves & Flowers Pattern Men Polo Shirt,1,0,visible,,,,,taxable,parent,1,,,,0,,,,,0,,,64.95,,,,,,,7.76086E+12,,,,,,4,Size,S,,1,,Number Of Pets,4,,1,,,,,,,
,variation,,Custom Polo Shirt With Dog Face | Personalized Gift For Dog Dad | Blue & Red Leaves & Flowers Pattern Men Polo Shirt,1,0,visible,,,,,taxable,parent,1,,,,0,,,,,0,,,69.95,,,,,,,7.76086E+12,,,,,,5,Size,S,,1,,Number Of Pets,5,,1,,,,,,,
,variation,,Custom Polo Shirt With Dog Face | Personalized Gift For Dog Dad | Blue & Red Leaves & Flowers Pattern Men Polo Shirt,1,0,visible,,,,,taxable,parent,1,,,,0,,,,,0,,,49.95,,,,,,,7.76086E+12,,,,,,6,Size,M,,1,,Number Of Pets,1,,1,,,,,,,
,variation,,Custom Polo Shirt With Dog Face | Personalized Gift For Dog Dad | Blue & Red Leaves & Flowers Pattern Men Polo Shirt,1,0,visible,,,,,taxable,parent,1,,,,0,,,,,0,,,54.95,,,,,,,7.76086E+12,,,,,,7,Size,M,,1,,Number Of Pets,2,,1,,,,,,,
,variation,,Custom Polo Shirt With Dog Face | Personalized Gift For Dog Dad | Blue & Red Leaves & Flowers Pattern Men Polo Shirt,1,0,visible,,,,,taxable,parent,1,,,,0,,,,,0,,,59.95,,,,,,,7.76086E+12,,,,,,8,Size,M,,1,,Number Of Pets,3,,1,,,,,,,
,variation,,Custom Polo Shirt With Dog Face | Personalized Gift For Dog Dad | Blue & Red Leaves & Flowers Pattern Men Polo Shirt,1,0,visible,,,,,taxable,parent,1,,,,0,,,,,0,,,64.95,,,,,,,7.76086E+12,,,,,,9,Size,M,,1,,Number Of Pets,4,,1,,,,,,,
,variation,,Custom Polo Shirt With Dog Face | Personalized Gift For Dog Dad | Blue & Red Leaves & Flowers Pattern Men Polo Shirt,1,0,visible,,,,,taxable,parent,1,,,,0,,,,,0,,,69.95,,,,,,,7.76086E+12,,,,,,10,Size,M,,1,,Number Of Pets,5,,1,,,,,,,
,variation,,Custom Polo Shirt With Dog Face | Personalized Gift For Dog Dad | Blue & Red Leaves & Flowers Pattern Men Polo Shirt,1,0,visible,,,,,taxable,parent,1,,,,0,,,,,0,,,49.95,,,,,,,7.76086E+12,,,,,,11,Size,L,,1,,Number Of Pets,1,,1,,,,,,,
,variation,,Custom Polo Shirt With Dog Face | Personalized Gift For Dog Dad | Blue & Red Leaves & Flowers Pattern Men Polo Shirt,1,0,visible,,,,,taxable,parent,1,,,,0,,,,,0,,,54.95,,,,,,,7.76086E+12,,,,,,12,Size,L,,1,,Number Of Pets,2,,1,,,,,,,
,variation,,Custom Polo Shirt With Dog Face | Personalized Gift For Dog Dad | Blue & Red Leaves & Flowers Pattern Men Polo Shirt,1,0,visible,,,,,taxable,parent,1,,,,0,,,,,0,,,59.95,,,,,,,7.76086E+12,,,,,,13,Size,L,,1,,Number Of Pets,3,,1,,,,,,,
,variation,,Custom Polo Shirt With Dog Face | Personalized Gift For Dog Dad | Blue & Red Leaves & Flowers Pattern Men Polo Shirt,1,0,visible,,,,,taxable,parent,1,,,,0,,,,,0,,,64.95,,,,,,,7.76086E+12,,,,,,14,Size,L,,1,,Number Of Pets,4,,1,,,,,,,
,variation,,Custom Polo Shirt With Dog Face | Personalized Gift For Dog Dad | Blue & Red Leaves & Flowers Pattern Men Polo Shirt,1,0,visible,,,,,taxable,parent,1,,,,0,,,,,0,,,69.95,,,,,,,7.76086E+12,,,,,,15,Size,L,,1,,Number Of Pets,5,,1,,,,,,,
,variation,,Custom Polo Shirt With Dog Face | Personalized Gift For Dog Dad | Blue & Red Leaves & Flowers Pattern Men Polo Shirt,1,0,visible,,,,,taxable,parent,1,,,,0,,,,,0,,,49.95,,,,,,,7.76086E+12,,,,,,16,Size,XL,,1,,Number Of Pets,1,,1,,,,,,,
,variation,,Custom Polo Shirt With Dog Face | Personalized Gift For Dog Dad | Blue & Red Leaves & Flowers Pattern Men Polo Shirt,1,0,visible,,,,,taxable,parent,1,,,,0,,,,,0,,,54.95,,,,,,,7.76086E+12,,,,,,17,Size,XL,,1,,Number Of Pets,2,,1,,,,,,,
,variation,,Custom Polo Shirt With Dog Face | Personalized Gift For Dog Dad | Blue & Red Leaves & Flowers Pattern Men Polo Shirt,1,0,visible,,,,,taxable,parent,1,,,,0,,,,,0,,,59.95,,,,,,,7.76086E+12,,,,,,18,Size,XL,,1,,Number Of Pets,3,,1,,,,,,,
,variation,,Custom Polo Shirt With Dog Face | Personalized Gift For Dog Dad | Blue & Red Leaves & Flowers Pattern Men Polo Shirt,1,0,visible,,,,,taxable,parent,1,,,,0,,,,,0,,,64.95,,,,,,,7.76086E+12,,,,,,19,Size,XL,,1,,Number Of Pets,4,,1,,,,,,,
,variation,,Custom Polo Shirt With Dog Face | Personalized Gift For Dog Dad | Blue & Red Leaves & Flowers Pattern Men Polo Shirt,1,0,visible,,,,,taxable,parent,1,,,,0,,,,,0,,,69.95,,,,,,,7.76086E+12,,,,,,20,Size,XL,,1,,Number Of Pets,5,,1,,,,,,,
,variation,,Custom Polo Shirt With Dog Face | Personalized Gift For Dog Dad | Blue & Red Leaves & Flowers Pattern Men Polo Shirt,1,0,visible,,,,,taxable,parent,1,,,,0,,,,,0,,,49.95,,,,,,,7.76086E+12,,,,,,21,Size,2XL,,1,,Number Of Pets,1,,1,,,,,,,
,variation,,Custom Polo Shirt With Dog Face | Personalized Gift For Dog Dad | Blue & Red Leaves & Flowers Pattern Men Polo Shirt,1,0,visible,,,,,taxable,parent,1,,,,0,,,,,0,,,54.95,,,,,,,7.76086E+12,,,,,,22,Size,2XL,,1,,Number Of Pets,2,,1,,,,,,,
,variation,,Custom Polo Shirt With Dog Face | Personalized Gift For Dog Dad | Blue & Red Leaves & Flowers Pattern Men Polo Shirt,1,0,visible,,,,,taxable,parent,1,,,,0,,,,,0,,,59.95,,,,,,,7.76086E+12,,,,,,23,Size,2XL,,1,,Number Of Pets,3,,1,,,,,,,
,variation,,Custom Polo Shirt With Dog Face | Personalized Gift For Dog Dad | Blue & Red Leaves & Flowers Pattern Men Polo Shirt,1,0,visible,,,,,taxable,parent,1,,,,0,,,,,0,,,64.95,,,,,,,7.76086E+12,,,,,,24,Size,2XL,,1,,Number Of Pets,4,,1,,,,,,,
,variation,,Custom Polo Shirt With Dog Face | Personalized Gift For Dog Dad | Blue & Red Leaves & Flowers Pattern Men Polo Shirt,1,0,visible,,,,,taxable,parent,1,,,,0,,,,,0,,,69.95,,,,,,,7.76086E+12,,,,,,25,Size,2XL,,1,,Number Of Pets,5,,1,,,,,,,
,variation,,Custom Polo Shirt With Dog Face | Personalized Gift For Dog Dad | Blue & Red Leaves & Flowers Pattern Men Polo Shirt,1,0,visible,,,,,taxable,parent,1,,,,0,,,,,0,,,49.95,,,,,,,7.76086E+12,,,,,,26,Size,3XL,,1,,Number Of Pets,1,,1,,,,,,,
,variation,,Custom Polo Shirt With Dog Face | Personalized Gift For Dog Dad | Blue & Red Leaves & Flowers Pattern Men Polo Shirt,1,0,visible,,,,,taxable,parent,1,,,,0,,,,,0,,,54.95,,,,,,,7.76086E+12,,,,,,27,Size,3XL,,1,,Number Of Pets,2,,1,,,,,,,
,variation,,Custom Polo Shirt With Dog Face | Personalized Gift For Dog Dad | Blue & Red Leaves & Flowers Pattern Men Polo Shirt,1,0,visible,,,,,taxable,parent,1,,,,0,,,,,0,,,59.95,,,,,,,7.76086E+12,,,,,,28,Size,3XL,,1,,Number Of Pets,3,,1,,,,,,,
,variation,,Custom Polo Shirt With Dog Face | Personalized Gift For Dog Dad | Blue & Red Leaves & Flowers Pattern Men Polo Shirt,1,0,visible,,,,,taxable,parent,1,,,,0,,,,,0,,,64.95,,,,,,,7.76086E+12,,,,,,29,Size,3XL,,1,,Number Of Pets,4,,1,,,,,,,
,variation,,Custom Polo Shirt With Dog Face | Personalized Gift For Dog Dad | Blue & Red Leaves & Flowers Pattern Men Polo Shirt,1,0,visible,,,,,taxable,parent,1,,,,0,,,,,0,,,69.95,,,,,,,7.76086E+12,,,,,,30,Size,3XL,,1,,Number Of Pets,5,,1,,,,,,,
,variation,,Custom Polo Shirt With Dog Face | Personalized Gift For Dog Dad | Blue & Red Leaves & Flowers Pattern Men Polo Shirt,1,0,visible,,,,,taxable,parent,1,,,,0,,,,,0,,,49.95,,,,,,,7.76086E+12,,,,,,31,Size,4XL,,1,,Number Of Pets,1,,1,,,,,,,
,variation,,Custom Polo Shirt With Dog Face | Personalized Gift For Dog Dad | Blue & Red Leaves & Flowers Pattern Men Polo Shirt,1,0,visible,,,,,taxable,parent,1,,,,0,,,,,0,,,54.95,,,,,,,7.76086E+12,,,,,,32,Size,4XL,,1,,Number Of Pets,2,,1,,,,,,,
,variation,,Custom Polo Shirt With Dog Face | Personalized Gift For Dog Dad | Blue & Red Leaves & Flowers Pattern Men Polo Shirt,1,0,visible,,,,,taxable,parent,1,,,,0,,,,,0,,,59.95,,,,,,,7.76086E+12,,,,,,33,Size,4XL,,1,,Number Of Pets,3,,1,,,,,,,
,variation,,Custom Polo Shirt With Dog Face | Personalized Gift For Dog Dad | Blue & Red Leaves & Flowers Pattern Men Polo Shirt,1,0,visible,,,,,taxable,parent,1,,,,0,,,,,0,,,64.95,,,,,,,7.76086E+12,,,,,,34,Size,4XL,,1,,Number Of Pets,4,,1,,,,,,,
,variation,,Custom Polo Shirt With Dog Face | Personalized Gift For Dog Dad | Blue & Red Leaves & Flowers Pattern Men Polo Shirt,1,0,visible,,,,,taxable,parent,1,,,,0,,,,,0,,,69.95,,,,,,,7.76086E+12,,,,,,35,Size,4XL,,1,,Number Of Pets,5,,1,,,,,,,
,variation,,Custom Polo Shirt With Dog Face | Personalized Gift For Dog Dad | Blue & Red Leaves & Flowers Pattern Men Polo Shirt,1,0,visible,,,,,taxable,parent,1,,,,0,,,,,0,,,49.95,,,,,,,7.76086E+12,,,,,,36,Size,5XL,,1,,Number Of Pets,1,,1,,,,,,,
,variation,,Custom Polo Shirt With Dog Face | Personalized Gift For Dog Dad | Blue & Red Leaves & Flowers Pattern Men Polo Shirt,1,0,visible,,,,,taxable,parent,1,,,,0,,,,,0,,,54.95,,,,,,,7.76086E+12,,,,,,37,Size,5XL,,1,,Number Of Pets,2,,1,,,,,,,
,variation,,Custom Polo Shirt With Dog Face | Personalized Gift For Dog Dad | Blue & Red Leaves & Flowers Pattern Men Polo Shirt,1,0,visible,,,,,taxable,parent,1,,,,0,,,,,0,,,59.95,,,,,,,7.76086E+12,,,,,,38,Size,5XL,,1,,Number Of Pets,3,,1,,,,,,,
,variation,,Custom Polo Shirt With Dog Face | Personalized Gift For Dog Dad | Blue & Red Leaves & Flowers Pattern Men Polo Shirt,1,0,visible,,,,,taxable,parent,1,,,,0,,,,,0,,,64.95,,,,,,,7.76086E+12,,,,,,39,Size,5XL,,1,,Number Of Pets,4,,1,,,,,,,
,variation,,Custom Polo Shirt With Dog Face | Personalized Gift For Dog Dad | Blue & Red Leaves & Flowers Pattern Men Polo Shirt,1,0,visible,,,,,taxable,parent,1,,,,0,,,,,0,,,69.95,,,,,,,7.76086E+12,,,,,,40,Size,5XL,,1,,Number Of Pets,5,,1,,,,,,,
,variation,,Custom Polo Shirt With Dog Face | Personalized Gift For Dog Dad | Blue & Red Leaves & Flowers Pattern Men Polo Shirt,1,0,visible,,,,,taxable,parent,1,,,,0,,,,,0,,,49.95,,,,,,,7.76086E+12,,,,,,41,Size,6XL,,1,,Number Of Pets,1,,1,,,,,,,
,variation,,Custom Polo Shirt With Dog Face | Personalized Gift For Dog Dad | Blue & Red Leaves & Flowers Pattern Men Polo Shirt,1,0,visible,,,,,taxable,parent,1,,,,0,,,,,0,,,54.95,,,,,,,7.76086E+12,,,,,,42,Size,6XL,,1,,Number Of Pets,2,,1,,,,,,,
,variation,,Custom Polo Shirt With Dog Face | Personalized Gift For Dog Dad | Blue & Red Leaves & Flowers Pattern Men Polo Shirt,1,0,visible,,,,,taxable,parent,1,,,,0,,,,,0,,,59.95,,,,,,,7.76086E+12,,,,,,43,Size,6XL,,1,,Number Of Pets,3,,1,,,,,,,
,variation,,Custom Polo Shirt With Dog Face | Personalized Gift For Dog Dad | Blue & Red Leaves & Flowers Pattern Men Polo Shirt,1,0,visible,,,,,taxable,parent,1,,,,0,,,,,0,,,64.95,,,,,,,7.76086E+12,,,,,,44,Size,6XL,,1,,Number Of Pets,4,,1,,,,,,,
,variation,,Custom Polo Shirt With Dog Face | Personalized Gift For Dog Dad | Blue & Red Leaves & Flowers Pattern Men Polo Shirt,1,0,visible,,,,,taxable,parent,1,,,,0,,,,,0,,,69.95,,,,,,,7.76086E+12,,,,,,45,Size,6XL,,1,,Number Of Pets,5,,1,,,,,,,
,variable,,Custom Polo Shirt With Dog Face | Personalized Gift For Dog Dad | Blue Leaves & Flowers Pattern Men Polo Shirt,1,0,visible,,"<div data-mce-fragment=""1"">
<h2 data-mce-fragment=""1"">HOW TO ORDER:</h2>
<div data-mce-fragment=""1"">1. Choose the size from the drop-down menu</div>
<div data-mce-fragment=""1"">2. Upload the photo of your pet</div>
<div data-mce-fragment=""1"">3.<meta charset=""utf-8""> <span data-mce-fragment=""1"">Click on 'Add To Cart</span>
</div>
<div data-mce-fragment=""1"">4. Add your delivery address and bank details</div>
<div data-mce-fragment=""1"">5. And that's it!</div>
<div data-mce-fragment=""1""><b data-mce-fragment=""1"">NOTE: BUY 2 OR MORE TO SAVE YOUR SHIPPING COST !!!</b></div>
<div data-mce-fragment=""1""><b data-mce-fragment=""1""></b></div>
</div>
<div data-mce-fragment=""1"">
<div data-mce-fragment=""1"">
<h2 data-mce-fragment=""1""><strong data-mce-fragment=""1"">SIZING GUIDE</strong></h2>
</div>
</div>
<style type=""text/css""><!--
td {border: 1px solid #ccc;}br {mso-data-placement:same-cell;}
--></style>
<style type=""text/css""><!--
td {border: 1px solid #ccc;}br {mso-data-placement:same-cell;}
--></style>
<div data-mce-fragment=""1"">
<table border=""1"" dir=""ltr"" cellpadding=""0"" cellspacing=""0"" xmlns=""http://www.w3.org/1999/xhtml"">
<colgroup> <col width=""100""> <col width=""100""> <col width=""100""> <col width=""100""> <col width=""100""> <col width=""100""> <col width=""100""> <col width=""100""> <col width=""100""> </colgroup>
<tbody>
<tr>
<td data-sheets-value='{""1"":2,""2"":""inch""}'>inch</td>
<td data-sheets-value='{""1"":2,""2"":""S""}'>S</td>
<td data-sheets-value='{""1"":2,""2"":""M""}'>M</td>
<td data-sheets-value='{""1"":2,""2"":""L""}'>L</td>
<td data-sheets-value='{""1"":2,""2"":""XL""}'>XL</td>
<td data-sheets-value='{""1"":2,""2"":""2XL""}'>2XL</td>
<td data-sheets-value='{""1"":2,""2"":""3XL""}'>3XL</td>
<td data-sheets-value='{""1"":2,""2"":""4XL""}'>4XL</td>
<td data-sheets-value='{""1"":2,""2"":""5XL""}'>5XL</td>
</tr>
<tr>
<td data-sheets-value='{""1"":2,""2"":""Length""}'>Length</td>
<td data-sheets-numberformat='{""1"":5,""2"":""d.m"",""3"":1}' data-sheets-value='{""1"":3,""3"":44619}'>27.2</td>
<td data-sheets-numberformat='{""1"":5,""2"":""d.m"",""3"":1}' data-sheets-value='{""1"":3,""3"":44648}'>28.3</td>
<td data-sheets-numberformat='{""1"":5,""2"":""d.m"",""3"":1}' data-sheets-value='{""1"":3,""3"":44590}'>29.1</td>
<td data-sheets-numberformat='{""1"":5,""2"":""d.m"",""3"":1}' data-sheets-value='{""1"":3,""3"":44650}'>30.3</td>
<td data-sheets-numberformat='{""1"":5,""2"":""d.m"",""3"":1}' data-sheets-value='{""1"":3,""3"":44592}'>31.1</td>
<td data-sheets-value='{""1"":2,""2"":""32.3""}'>32.3</td>
<td data-sheets-value='{""1"":2,""2"":""33.1""}'>33.1</td>
<td data-sheets-value='{""1"":2,""2"":""34.3""}'>34.3</td>
</tr>
<tr>
<td data-sheets-value='{""1"":2,""2"":""Bust""}'>Bust</td>
<td data-sheets-value='{""1"":2,""2"":""34.6""}'>34.6</td>
<td data-sheets-value='{""1"":2,""2"":""38.6""}'>38.6</td>
<td data-sheets-value='{""1"":2,""2"":""42.5""}'>42.5</td>
<td data-sheets-value='{""1"":2,""2"":""46.5""}'>46.5</td>
<td data-sheets-value='{""1"":2,""2"":""50.4""}'>50.4</td>
<td data-sheets-value='{""1"":2,""2"":""54.3""}'>54.3</td>
<td data-sheets-value='{""1"":2,""2"":""58.3""}'>58.3</td>
<td data-sheets-value='{""1"":2,""2"":""62.2""}'>62.2</td>
</tr>
<tr>
<td data-sheets-value='{""1"":2,""2"":""Sleeve""}'>Sleeve</td>
<td data-sheets-numberformat='{""1"":5,""2"":""d.m"",""3"":1}' data-sheets-value='{""1"":3,""3"":44664}'>13.4</td>
<td data-sheets-numberformat='{""1"":5,""2"":""d.m"",""3"":1}' data-sheets-value='{""1"":3,""3"":44606}'>14.2</td>
<td data-sheets-value='{""1"":2,""2"":""15.0""}'>15.0</td>
<td data-sheets-numberformat='{""1"":5,""2"":""d.m"",""3"":1}' data-sheets-value='{""1"":3,""3"":44757}'>15.7</td>
<td data-sheets-numberformat='{""1"":5,""2"":""d.m"",""3"":1}' data-sheets-value='{""1"":3,""3"":44697}'>16.5</td>
<td data-sheets-numberformat='{""1"":5,""2"":""d.m"",""3"":1}' data-sheets-value='{""1"":3,""3"":44637}'>17.3</td>
<td data-sheets-numberformat='{""1"":5,""2"":""d.m"",""3"":1}' data-sheets-value='{""1"":3,""3"":44579}'>18.1</td>
<td data-sheets-numberformat='{""1"":5,""2"":""d.m"",""3"":1}' data-sheets-value='{""1"":3,""3"":44822}'>18.9</td>
</tr>
<tr>
<td></td>
<td></td>
<td></td>
<td></td>
<td></td>
<td></td>
<td></td>
<td></td>
<td></td>
</tr>
<tr>
<td data-sheets-value='{""1"":2,""2"":""centimeter""}'>centimeter</td>
<td data-sheets-value='{""1"":2,""2"":""S""}'>S</td>
<td data-sheets-value='{""1"":2,""2"":""M""}'>M</td>
<td data-sheets-value='{""1"":2,""2"":""L""}'>L</td>
<td data-sheets-value='{""1"":2,""2"":""XL""}'>XL</td>
<td data-sheets-value='{""1"":2,""2"":""2XL""}'>2XL</td>
<td data-sheets-value='{""1"":2,""2"":""3XL""}'>3XL</td>
<td data-sheets-value='{""1"":2,""2"":""4XL""}'>4XL</td>
<td data-sheets-value='{""1"":2,""2"":""5XL""}'>5XL</td>
</tr>
<tr>
<td data-sheets-value='{""1"":2,""2"":""Length""}'>Length</td>
<td data-sheets-value='{""1"":2,""2"":""69.0""}'>69.0</td>
<td data-sheets-value='{""1"":2,""2"":""72.0""}'>72.0</td>
<td data-sheets-value='{""1"":2,""2"":""74.0""}'>74.0</td>
<td data-sheets-value='{""1"":2,""2"":""77.0""}'>77.0</td>
<td data-sheets-value='{""1"":2,""2"":""79.0""}'>79.0</td>
<td data-sheets-value='{""1"":2,""2"":""82.0""}'>82.0</td>
<td data-sheets-value='{""1"":2,""2"":""84.0""}'>84.0</td>
<td data-sheets-value='{""1"":2,""2"":""87.0""}'>87.0</td>
</tr>
<tr>
<td data-sheets-value='{""1"":2,""2"":""Bust""}'>Bust</td>
<td data-sheets-value='{""1"":2,""2"":""88.0""}'>88.0</td>
<td data-sheets-value='{""1"":2,""2"":""98.0""}'>98.0</td>
<td data-sheets-value='{""1"":2,""2"":""108.0""}'>108.0</td>
<td data-sheets-value='{""1"":2,""2"":""118.0""}'>118.0</td>
<td data-sheets-value='{""1"":2,""2"":""128.0""}'>128.0</td>
<td data-sheets-value='{""1"":2,""2"":""138.0""}'>138.0</td>
<td data-sheets-value='{""1"":2,""2"":""148.0""}'>148.0</td>
<td data-sheets-value='{""1"":2,""2"":""158.0""}'>158.0</td>
</tr>
<tr>
<td data-sheets-value='{""1"":2,""2"":""Sleeve""}'>Sleeve</td>
<td data-sheets-value='{""1"":2,""2"":""34.0""}'>34.0</td>
<td data-sheets-value='{""1"":2,""2"":""36.0""}'>36.0</td>
<td data-sheets-value='{""1"":2,""2"":""38.0""}'>38.0</td>
<td data-sheets-value='{""1"":2,""2"":""40.0""}'>40.0</td>
<td data-sheets-value='{""1"":2,""2"":""42.0""}'>42.0</td>
<td data-sheets-value='{""1"":2,""2"":""44.0""}'>44.0</td>
<td data-sheets-value='{""1"":2,""2"":""46.0""}'>46.0</td>
<td data-sheets-value='{""1"":2,""2"":""48.0""}'>48.0</td>
</tr>
</tbody>
</table>
<br>
<p><b data-mce-fragment=""1"">Note:<span> </span></b><strong>Actual product measurements may vary by up to 1 inch (3cm)</strong></p>
</div>
<h2 data-mce-fragment=""1""><b data-mce-fragment=""1"">CARE INSTRUCTIONS</b></h2>
<div data-mce-fragment=""1"">All Noble Pawtrait Clothing – Machine wash in cold water. Mild detergent is safe to use. Do not bleach. Tumble dry.</div>
<div data-mce-fragment=""1""><br data-mce-fragment=""1""></div>
<meta charset=""utf-8""><span data-mce-fragment=""1""></span><span data-mce-fragment=""1""></span><span data-mce-fragment=""1""></span><span data-mce-fragment=""1""></span>
<h2 data-mce-fragment=""1""><b data-mce-fragment=""1"">PRODUCT DETAILS </b></h2>
<p data-mce-fragment=""1"">The Polo shirt is made with <span data-mce-fragment=""1"">100% Polyester</span> that is perfect for printing, the shirt color is vibrant and bright with eye-catching designs. The custom all-over print shirt will make you look so good. Go to beaches in comfort and grab public attention impressively.</p>
<meta charset=""utf-8""><span data-mce-fragment=""1""></span><span data-mce-fragment=""1""></span><span data-mce-fragment=""1""></span><span data-mce-fragment=""1""></span>
<div data-reactid='.1agge3towpi.7.0.${""splat""=2""-/-"",""tagSlug""=2""Aquatic &amp; Land"",""campaignUrl""=2""turtle-sweet-soul""}.0.0.2.3.1.h.2.0' class=""px-1 py-1 lg:px-0 fs-lg flex items-center bc-grey-200"" data-mce-fragment=""1"">
<h2 data-reactid='.1agge3towpi.7.0.${""splat""=2""-/-"",""tagSlug""=2""Aquatic &amp; Land"",""campaignUrl""=2""turtle-sweet-soul""}.0.0.2.3.1.h.2.0.0' class=""flex-grow fw-bold color-black"" data-mce-fragment=""1""><span data-reactid='.1agge3towpi.7.0.${""splat""=2""-/-"",""tagSlug""=2""Aquatic &amp; Land"",""campaignUrl""=2""turtle-sweet-soul""}.0.0.2.3.1.h.2.0.0.0' class=""capitalize"" data-mce-fragment=""1""><span data-reactid='.1agge3towpi.7.0.${""splat""=2""-/-"",""tagSlug""=2""Aquatic &amp; Land"",""campaignUrl""=2""turtle-sweet-soul""}.0.0.2.3.1.h.2.0.0.0.0' data-mce-fragment=""1"">SHIPPING INFO</span></span></h2>
</div>
<div data-reactid='.1agge3towpi.7.0.${""splat""=2""-/-"",""tagSlug""=2""Aquatic &amp; Land"",""campaignUrl""=2""turtle-sweet-soul""}.0.0.2.3.1.h.2.1' class=""px-1 pb-1 lg:px-0 bgc-white"" data-mce-fragment=""1"">
<div data-reactid='.1agge3towpi.7.0.${""splat""=2""-/-"",""tagSlug""=2""Aquatic &amp; Land"",""campaignUrl""=2""turtle-sweet-soul""}.0.0.2.3.1.h.2.1.0' data-mce-fragment=""1"">
<p data-mce-fragment=""1""><span class=""emoji"" data-mce-fragment=""1"">📦 US, Canada, and Europe </span><span data-reactid='.1agge3towpi.7.0.${""splat""=2""-/-"",""tagSlug""=2""Aquatic &amp; Land"",""campaignUrl""=2""turtle-sweet-soul""}.0.0.2.3.1.h.2.1.0.0.0' data-mce-fragment=""1"">Orders ship within 10 to 15 business days (delaying time can be 15-21 business days due to Covid-19). </span>Up to 30 working days transit time for rest of world.</p>
</div>
<div data-reactid='.1agge3towpi.7.0.${""splat""=2""-/-"",""tagSlug""=2""Aquatic &amp; Land"",""campaignUrl""=2""turtle-sweet-soul""}.0.0.2.3.1.h.2.1.2' class=""mb-1"" data-mce-fragment=""1"">
<span data-reactid='.1agge3towpi.7.0.${""splat""=2""-/-"",""tagSlug""=2""Aquatic &amp; Land"",""campaignUrl""=2""turtle-sweet-soul""}.0.0.2.3.1.h.2.1.2.0' data-mce-fragment=""1"">📦 For more details about our shipping rates, please visit </span><a href=""https://noblepawtrait.com/pages/faq"" data-mce-fragment=""1"" data-mce-href=""https://noblepawtrait.com/pages/faq""><span data-reactid='.1agge3towpi.7.0.${""splat""=2""-/-"",""tagSlug""=2""Aquatic &amp; Land"",""campaignUrl""=2""turtle-sweet-soul""}.0.0.2.3.1.h.2.1.2.1.0' data-mce-fragment=""1"">here</span></a>
</div>
<div data-reactid='.1agge3towpi.7.0.${""splat""=2""-/-"",""tagSlug""=2""Aquatic &amp; Land"",""campaignUrl""=2""turtle-sweet-soul""}.0.0.2.3.1.h.2.1.2' class=""mb-1"" data-mce-fragment=""1"">
<span data-reactid='.1agge3towpi.7.0.${""splat""=2""-/-"",""tagSlug""=2""Aquatic &amp; Land"",""campaignUrl""=2""turtle-sweet-soul""}.0.0.2.3.1.h.2.1.2.1.0' data-mce-fragment=""1""></span><br data-mce-fragment=""1"">
</div>
<div data-reactid='.1agge3towpi.7.0.${""splat""=2""-/-"",""tagSlug""=2""Aquatic &amp; Land"",""campaignUrl""=2""turtle-sweet-soul""}.0.0.2.3.1.h.2.1.2' class=""mb-1"" data-mce-fragment=""1"">
<h2 data-reactid='.1agge3towpi.7.0.${""splat""=2""-/-"",""tagSlug""=2""Aquatic &amp; Land"",""campaignUrl""=2""turtle-sweet-soul""}.0.0.2.3.1.h.2.0.0' class=""flex-grow fw-bold color-black"" data-mce-fragment=""1""><span data-reactid='.1agge3towpi.7.0.${""splat""=2""-/-"",""tagSlug""=2""Aquatic &amp; Land"",""campaignUrl""=2""turtle-sweet-soul""}.0.0.2.3.1.h.2.0.0.0' class=""capitalize"" data-mce-fragment=""1""><span data-reactid='.1agge3towpi.7.0.${""splat""=2""-/-"",""tagSlug""=2""Aquatic &amp; Land"",""campaignUrl""=2""turtle-sweet-soul""}.0.0.2.3.1.h.2.0.0.0.0' data-mce-fragment=""1"">MORE QUESTION?</span></span></h2>
</div>
<div data-reactid='.1agge3towpi.7.0.${""splat""=2""-/-"",""tagSlug""=2""Aquatic &amp; Land"",""campaignUrl""=2""turtle-sweet-soul""}.0.0.2.3.1.h.2.1.2' class=""mb-1"" data-mce-fragment=""1"">Don't hesitate to contact us<span data-mce-fragment=""1""> </span><a href=""https://noblepawtrait.com/pages/contact-us"" data-mce-fragment=""1"" data-mce-href=""https://noblepawtrait.com/pages/contact-us"">here</a><span data-mce-fragment=""1""> </span>❤️</div>
<div data-reactid='.1agge3towpi.7.0.${""splat""=2""-/-"",""tagSlug""=2""Aquatic &amp; Land"",""campaignUrl""=2""turtle-sweet-soul""}.0.0.2.3.1.h.2.1.2' class=""mb-1"" data-mce-fragment=""1""><br data-mce-fragment=""1""></div>
</div>
<p data-mce-fragment=""1""><span data-mce-fragment=""1"">Join the growing family of Noble Pawtrait and before long, you’ll be enjoying side-splitting laughter at people’s reactions!</span></p>",,,taxable,,1,,,0,0,,,,,1,,,,Polo Shirt,,,"https://cdn.shopify.com/s/files/1/0291/0214/5580/products/Polo06mk1.jpg?v=1660741197,https://cdn.shopify.com/s/files/1/0291/0214/5580/products/Polo06mk2.jpg?v=1660741198,https://cdn.shopify.com/s/files/1/0291/0214/5580/products/Polo06mk3.jpg?v=1660741198,https://cdn.shopify.com/s/files/1/0291/0214/5580/products/Polo06mk4.jpg?v=1660741197",,,,,,,,,0,Size,"S,M,L,XL,2XL,3XL,4XL,5XL,6XL",0,1,S,Number Of Pets,"1,2,3,4,5",0,1,1,,,,,,
,variation,,Custom Polo Shirt With Dog Face | Personalized Gift For Dog Dad | Blue Leaves & Flowers Pattern Men Polo Shirt,1,0,visible,,,,,taxable,parent,1,,,,0,,,,,0,,,49.95,,,,,,,7.76085E+12,,,,,,1,Size,S,,1,,Number Of Pets,1,,1,,,,,,,
,variation,,Custom Polo Shirt With Dog Face | Personalized Gift For Dog Dad | Blue Leaves & Flowers Pattern Men Polo Shirt,1,0,visible,,,,,taxable,parent,1,,,,0,,,,,0,,,54.95,,,,,,,7.76085E+12,,,,,,2,Size,S,,1,,Number Of Pets,2,,1,,,,,,,
,variation,,Custom Polo Shirt With Dog Face | Personalized Gift For Dog Dad | Blue Leaves & Flowers Pattern Men Polo Shirt,1,0,visible,,,,,taxable,parent,1,,,,0,,,,,0,,,59.95,,,,,,,7.76085E+12,,,,,,3,Size,S,,1,,Number Of Pets,3,,1,,,,,,,
,variation,,Custom Polo Shirt With Dog Face | Personalized Gift For Dog Dad | Blue Leaves & Flowers Pattern Men Polo Shirt,1,0,visible,,,,,taxable,parent,1,,,,0,,,,,0,,,64.95,,,,,,,7.76085E+12,,,,,,4,Size,S,,1,,Number Of Pets,4,,1,,,,,,,
,variation,,Custom Polo Shirt With Dog Face | Personalized Gift For Dog Dad | Blue Leaves & Flowers Pattern Men Polo Shirt,1,0,visible,,,,,taxable,parent,1,,,,0,,,,,0,,,69.95,,,,,,,7.76085E+12,,,,,,5,Size,S,,1,,Number Of Pets,5,,1,,,,,,,
,variation,,Custom Polo Shirt With Dog Face | Personalized Gift For Dog Dad | Blue Leaves & Flowers Pattern Men Polo Shirt,1,0,visible,,,,,taxable,parent,1,,,,0,,,,,0,,,49.95,,,,,,,7.76085E+12,,,,,,6,Size,M,,1,,Number Of Pets,1,,1,,,,,,,
,variation,,Custom Polo Shirt With Dog Face | Personalized Gift For Dog Dad | Blue Leaves & Flowers Pattern Men Polo Shirt,1,0,visible,,,,,taxable,parent,1,,,,0,,,,,0,,,54.95,,,,,,,7.76085E+12,,,,,,7,Size,M,,1,,Number Of Pets,2,,1,,,,,,,
,variation,,Custom Polo Shirt With Dog Face | Personalized Gift For Dog Dad | Blue Leaves & Flowers Pattern Men Polo Shirt,1,0,visible,,,,,taxable,parent,1,,,,0,,,,,0,,,59.95,,,,,,,7.76085E+12,,,,,,8,Size,M,,1,,Number Of Pets,3,,1,,,,,,,
,variation,,Custom Polo Shirt With Dog Face | Personalized Gift For Dog Dad | Blue Leaves & Flowers Pattern Men Polo Shirt,1,0,visible,,,,,taxable,parent,1,,,,0,,,,,0,,,64.95,,,,,,,7.76085E+12,,,,,,9,Size,M,,1,,Number Of Pets,4,,1,,,,,,,
,variation,,Custom Polo Shirt With Dog Face | Personalized Gift For Dog Dad | Blue Leaves & Flowers Pattern Men Polo Shirt,1,0,visible,,,,,taxable,parent,1,,,,0,,,,,0,,,69.95,,,,,,,7.76085E+12,,,,,,10,Size,M,,1,,Number Of Pets,5,,1,,,,,,,
,variation,,Custom Polo Shirt With Dog Face | Personalized Gift For Dog Dad | Blue Leaves & Flowers Pattern Men Polo Shirt,1,0,visible,,,,,taxable,parent,1,,,,0,,,,,0,,,49.95,,,,,,,7.76085E+12,,,,,,11,Size,L,,1,,Number Of Pets,1,,1,,,,,,,
,variation,,Custom Polo Shirt With Dog Face | Personalized Gift For Dog Dad | Blue Leaves & Flowers Pattern Men Polo Shirt,1,0,visible,,,,,taxable,parent,1,,,,0,,,,,0,,,54.95,,,,,,,7.76085E+12,,,,,,12,Size,L,,1,,Number Of Pets,2,,1,,,,,,,
,variation,,Custom Polo Shirt With Dog Face | Personalized Gift For Dog Dad | Blue Leaves & Flowers Pattern Men Polo Shirt,1,0,visible,,,,,taxable,parent,1,,,,0,,,,,0,,,59.95,,,,,,,7.76085E+12,,,,,,13,Size,L,,1,,Number Of Pets,3,,1,,,,,,,
,variation,,Custom Polo Shirt With Dog Face | Personalized Gift For Dog Dad | Blue Leaves & Flowers Pattern Men Polo Shirt,1,0,visible,,,,,taxable,parent,1,,,,0,,,,,0,,,64.95,,,,,,,7.76085E+12,,,,,,14,Size,L,,1,,Number Of Pets,4,,1,,,,,,,
,variation,,Custom Polo Shirt With Dog Face | Personalized Gift For Dog Dad | Blue Leaves & Flowers Pattern Men Polo Shirt,1,0,visible,,,,,taxable,parent,1,,,,0,,,,,0,,,69.95,,,,,,,7.76085E+12,,,,,,15,Size,L,,1,,Number Of Pets,5,,1,,,,,,,
,variation,,Custom Polo Shirt With Dog Face | Personalized Gift For Dog Dad | Blue Leaves & Flowers Pattern Men Polo Shirt,1,0,visible,,,,,taxable,parent,1,,,,0,,,,,0,,,49.95,,,,,,,7.76085E+12,,,,,,16,Size,XL,,1,,Number Of Pets,1,,1,,,,,,,
,variation,,Custom Polo Shirt With Dog Face | Personalized Gift For Dog Dad | Blue Leaves & Flowers Pattern Men Polo Shirt,1,0,visible,,,,,taxable,parent,1,,,,0,,,,,0,,,54.95,,,,,,,7.76085E+12,,,,,,17,Size,XL,,1,,Number Of Pets,2,,1,,,,,,,
,variation,,Custom Polo Shirt With Dog Face | Personalized Gift For Dog Dad | Blue Leaves & Flowers Pattern Men Polo Shirt,1,0,visible,,,,,taxable,parent,1,,,,0,,,,,0,,,59.95,,,,,,,7.76085E+12,,,,,,18,Size,XL,,1,,Number Of Pets,3,,1,,,,,,,
,variation,,Custom Polo Shirt With Dog Face | Personalized Gift For Dog Dad | Blue Leaves & Flowers Pattern Men Polo Shirt,1,0,visible,,,,,taxable,parent,1,,,,0,,,,,0,,,64.95,,,,,,,7.76085E+12,,,,,,19,Size,XL,,1,,Number Of Pets,4,,1,,,,,,,
,variation,,Custom Polo Shirt With Dog Face | Personalized Gift For Dog Dad | Blue Leaves & Flowers Pattern Men Polo Shirt,1,0,visible,,,,,taxable,parent,1,,,,0,,,,,0,,,69.95,,,,,,,7.76085E+12,,,,,,20,Size,XL,,1,,Number Of Pets,5,,1,,,,,,,
,variation,,Custom Polo Shirt With Dog Face | Personalized Gift For Dog Dad | Blue Leaves & Flowers Pattern Men Polo Shirt,1,0,visible,,,,,taxable,parent,1,,,,0,,,,,0,,,49.95,,,,,,,7.76085E+12,,,,,,21,Size,2XL,,1,,Number Of Pets,1,,1,,,,,,,
,variation,,Custom Polo Shirt With Dog Face | Personalized Gift For Dog Dad | Blue Leaves & Flowers Pattern Men Polo Shirt,1,0,visible,,,,,taxable,parent,1,,,,0,,,,,0,,,54.95,,,,,,,7.76085E+12,,,,,,22,Size,2XL,,1,,Number Of Pets,2,,1,,,,,,,
,variation,,Custom Polo Shirt With Dog Face | Personalized Gift For Dog Dad | Blue Leaves & Flowers Pattern Men Polo Shirt,1,0,visible,,,,,taxable,parent,1,,,,0,,,,,0,,,59.95,,,,,,,7.76085E+12,,,,,,23,Size,2XL,,1,,Number Of Pets,3,,1,,,,,,,
,variation,,Custom Polo Shirt With Dog Face | Personalized Gift For Dog Dad | Blue Leaves & Flowers Pattern Men Polo Shirt,1,0,visible,,,,,taxable,parent,1,,,,0,,,,,0,,,64.95,,,,,,,7.76085E+12,,,,,,24,Size,2XL,,1,,Number Of Pets,4,,1,,,,,,,
,variation,,Custom Polo Shirt With Dog Face | Personalized Gift For Dog Dad | Blue Leaves & Flowers Pattern Men Polo Shirt,1,0,visible,,,,,taxable,parent,1,,,,0,,,,,0,,,69.95,,,,,,,7.76085E+12,,,,,,25,Size,2XL,,1,,Number Of Pets,5,,1,,,,,,,
,variation,,Custom Polo Shirt With Dog Face | Personalized Gift For Dog Dad | Blue Leaves & Flowers Pattern Men Polo Shirt,1,0,visible,,,,,taxable,parent,1,,,,0,,,,,0,,,49.95,,,,,,,7.76085E+12,,,,,,26,Size,3XL,,1,,Number Of Pets,1,,1,,,,,,,
,variation,,Custom Polo Shirt With Dog Face | Personalized Gift For Dog Dad | Blue Leaves & Flowers Pattern Men Polo Shirt,1,0,visible,,,,,taxable,parent,1,,,,0,,,,,0,,,54.95,,,,,,,7.76085E+12,,,,,,27,Size,3XL,,1,,Number Of Pets,2,,1,,,,,,,
,variation,,Custom Polo Shirt With Dog Face | Personalized Gift For Dog Dad | Blue Leaves & Flowers Pattern Men Polo Shirt,1,0,visible,,,,,taxable,parent,1,,,,0,,,,,0,,,59.95,,,,,,,7.76085E+12,,,,,,28,Size,3XL,,1,,Number Of Pets,3,,1,,,,,,,
,variation,,Custom Polo Shirt With Dog Face | Personalized Gift For Dog Dad | Blue Leaves & Flowers Pattern Men Polo Shirt,1,0,visible,,,,,taxable,parent,1,,,,0,,,,,0,,,64.95,,,,,,,7.76085E+12,,,,,,29,Size,3XL,,1,,Number Of Pets,4,,1,,,,,,,
,variation,,Custom Polo Shirt With Dog Face | Personalized Gift For Dog Dad | Blue Leaves & Flowers Pattern Men Polo Shirt,1,0,visible,,,,,taxable,parent,1,,,,0,,,,,0,,,69.95,,,,,,,7.76085E+12,,,,,,30,Size,3XL,,1,,Number Of Pets,5,,1,,,,,,,
,variation,,Custom Polo Shirt With Dog Face | Personalized Gift For Dog Dad | Blue Leaves & Flowers Pattern Men Polo Shirt,1,0,visible,,,,,taxable,parent,1,,,,0,,,,,0,,,49.95,,,,,,,7.76085E+12,,,,,,31,Size,4XL,,1,,Number Of Pets,1,,1,,,,,,,
,variation,,Custom Polo Shirt With Dog Face | Personalized Gift For Dog Dad | Blue Leaves & Flowers Pattern Men Polo Shirt,1,0,visible,,,,,taxable,parent,1,,,,0,,,,,0,,,54.95,,,,,,,7.76085E+12,,,,,,32,Size,4XL,,1,,Number Of Pets,2,,1,,,,,,,
,variation,,Custom Polo Shirt With Dog Face | Personalized Gift For Dog Dad | Blue Leaves & Flowers Pattern Men Polo Shirt,1,0,visible,,,,,taxable,parent,1,,,,0,,,,,0,,,59.95,,,,,,,7.76085E+12,,,,,,33,Size,4XL,,1,,Number Of Pets,3,,1,,,,,,,
,variation,,Custom Polo Shirt With Dog Face | Personalized Gift For Dog Dad | Blue Leaves & Flowers Pattern Men Polo Shirt,1,0,visible,,,,,taxable,parent,1,,,,0,,,,,0,,,64.95,,,,,,,7.76085E+12,,,,,,34,Size,4XL,,1,,Number Of Pets,4,,1,,,,,,,
,variation,,Custom Polo Shirt With Dog Face | Personalized Gift For Dog Dad | Blue Leaves & Flowers Pattern Men Polo Shirt,1,0,visible,,,,,taxable,parent,1,,,,0,,,,,0,,,69.95,,,,,,,7.76085E+12,,,,,,35,Size,4XL,,1,,Number Of Pets,5,,1,,,,,,,
,variation,,Custom Polo Shirt With Dog Face | Personalized Gift For Dog Dad | Blue Leaves & Flowers Pattern Men Polo Shirt,1,0,visible,,,,,taxable,parent,1,,,,0,,,,,0,,,49.95,,,,,,,7.76085E+12,,,,,,36,Size,5XL,,1,,Number Of Pets,1,,1,,,,,,,
,variation,,Custom Polo Shirt With Dog Face | Personalized Gift For Dog Dad | Blue Leaves & Flowers Pattern Men Polo Shirt,1,0,visible,,,,,taxable,parent,1,,,,0,,,,,0,,,54.95,,,,,,,7.76085E+12,,,,,,37,Size,5XL,,1,,Number Of Pets,2,,1,,,,,,,
,variation,,Custom Polo Shirt With Dog Face | Personalized Gift For Dog Dad | Blue Leaves & Flowers Pattern Men Polo Shirt,1,0,visible,,,,,taxable,parent,1,,,,0,,,,,0,,,59.95,,,,,,,7.76085E+12,,,,,,38,Size,5XL,,1,,Number Of Pets,3,,1,,,,,,,
,variation,,Custom Polo Shirt With Dog Face | Personalized Gift For Dog Dad | Blue Leaves & Flowers Pattern Men Polo Shirt,1,0,visible,,,,,taxable,parent,1,,,,0,,,,,0,,,64.95,,,,,,,7.76085E+12,,,,,,39,Size,5XL,,1,,Number Of Pets,4,,1,,,,,,,
,variation,,Custom Polo Shirt With Dog Face | Personalized Gift For Dog Dad | Blue Leaves & Flowers Pattern Men Polo Shirt,1,0,visible,,,,,taxable,parent,1,,,,0,,,,,0,,,69.95,,,,,,,7.76085E+12,,,,,,40,Size,5XL,,1,,Number Of Pets,5,,1,,,,,,,
,variation,,Custom Polo Shirt With Dog Face | Personalized Gift For Dog Dad | Blue Leaves & Flowers Pattern Men Polo Shirt,1,0,visible,,,,,taxable,parent,1,,,,0,,,,,0,,,49.95,,,,,,,7.76085E+12,,,,,,41,Size,6XL,,1,,Number Of Pets,1,,1,,,,,,,
,variation,,Custom Polo Shirt With Dog Face | Personalized Gift For Dog Dad | Blue Leaves & Flowers Pattern Men Polo Shirt,1,0,visible,,,,,taxable,parent,1,,,,0,,,,,0,,,54.95,,,,,,,7.76085E+12,,,,,,42,Size,6XL,,1,,Number Of Pets,2,,1,,,,,,,
,variation,,Custom Polo Shirt With Dog Face | Personalized Gift For Dog Dad | Blue Leaves & Flowers Pattern Men Polo Shirt,1,0,visible,,,,,taxable,parent,1,,,,0,,,,,0,,,59.95,,,,,,,7.76085E+12,,,,,,43,Size,6XL,,1,,Number Of Pets,3,,1,,,,,,,
,variation,,Custom Polo Shirt With Dog Face | Personalized Gift For Dog Dad | Blue Leaves & Flowers Pattern Men Polo Shirt,1,0,visible,,,,,taxable,parent,1,,,,0,,,,,0,,,64.95,,,,,,,7.76085E+12,,,,,,44,Size,6XL,,1,,Number Of Pets,4,,1,,,,,,,
,variation,,Custom Polo Shirt With Dog Face | Personalized Gift For Dog Dad | Blue Leaves & Flowers Pattern Men Polo Shirt,1,0,visible,,,,,taxable,parent,1,,,,0,,,,,0,,,69.95,,,,,,,7.76085E+12,,,,,,45,Size,6XL,,1,,Number Of Pets,5,,1,,,,,,,
,variable,,Custom Polo Shirt With Dog Face | Personalized Gift For Dog Dad | Orange & Yellow Floral Pattern Men Polo Shirt,1,0,visible,,"<div data-mce-fragment=""1"">
<h2 data-mce-fragment=""1"">HOW TO ORDER:</h2>
<div data-mce-fragment=""1"">1. Choose the size from the drop-down menu</div>
<div data-mce-fragment=""1"">2. Upload the photo of your pet</div>
<div data-mce-fragment=""1"">3.<meta charset=""utf-8""> <span data-mce-fragment=""1"">Click on 'Add To Cart</span>
</div>
<div data-mce-fragment=""1"">4. Add your delivery address and bank details</div>
<div data-mce-fragment=""1"">5. And that's it!</div>
<div data-mce-fragment=""1""><b data-mce-fragment=""1"">NOTE: BUY 2 OR MORE TO SAVE YOUR SHIPPING COST !!!</b></div>
<div data-mce-fragment=""1""><b data-mce-fragment=""1""></b></div>
</div>
<div data-mce-fragment=""1"">
<div data-mce-fragment=""1"">
<h2 data-mce-fragment=""1""><strong data-mce-fragment=""1"">SIZING GUIDE</strong></h2>
</div>
</div>
<style type=""text/css""><!--
td {border: 1px solid #ccc;}br {mso-data-placement:same-cell;}
--></style>
<style type=""text/css""><!--
td {border: 1px solid #ccc;}br {mso-data-placement:same-cell;}
--></style>
<div data-mce-fragment=""1"">
<table border=""1"" dir=""ltr"" cellpadding=""0"" cellspacing=""0"" xmlns=""http://www.w3.org/1999/xhtml"">
<colgroup> <col width=""100""> <col width=""100""> <col width=""100""> <col width=""100""> <col width=""100""> <col width=""100""> <col width=""100""> <col width=""100""> <col width=""100""> </colgroup>
<tbody>
<tr>
<td data-sheets-value='{""1"":2,""2"":""inch""}'>inch</td>
<td data-sheets-value='{""1"":2,""2"":""S""}'>S</td>
<td data-sheets-value='{""1"":2,""2"":""M""}'>M</td>
<td data-sheets-value='{""1"":2,""2"":""L""}'>L</td>
<td data-sheets-value='{""1"":2,""2"":""XL""}'>XL</td>
<td data-sheets-value='{""1"":2,""2"":""2XL""}'>2XL</td>
<td data-sheets-value='{""1"":2,""2"":""3XL""}'>3XL</td>
<td data-sheets-value='{""1"":2,""2"":""4XL""}'>4XL</td>
<td data-sheets-value='{""1"":2,""2"":""5XL""}'>5XL</td>
</tr>
<tr>
<td data-sheets-value='{""1"":2,""2"":""Length""}'>Length</td>
<td data-sheets-numberformat='{""1"":5,""2"":""d.m"",""3"":1}' data-sheets-value='{""1"":3,""3"":44619}'>27.2</td>
<td data-sheets-numberformat='{""1"":5,""2"":""d.m"",""3"":1}' data-sheets-value='{""1"":3,""3"":44648}'>28.3</td>
<td data-sheets-numberformat='{""1"":5,""2"":""d.m"",""3"":1}' data-sheets-value='{""1"":3,""3"":44590}'>29.1</td>
<td data-sheets-numberformat='{""1"":5,""2"":""d.m"",""3"":1}' data-sheets-value='{""1"":3,""3"":44650}'>30.3</td>
<td data-sheets-numberformat='{""1"":5,""2"":""d.m"",""3"":1}' data-sheets-value='{""1"":3,""3"":44592}'>31.1</td>
<td data-sheets-value='{""1"":2,""2"":""32.3""}'>32.3</td>
<td data-sheets-value='{""1"":2,""2"":""33.1""}'>33.1</td>
<td data-sheets-value='{""1"":2,""2"":""34.3""}'>34.3</td>
</tr>
<tr>
<td data-sheets-value='{""1"":2,""2"":""Bust""}'>Bust</td>
<td data-sheets-value='{""1"":2,""2"":""34.6""}'>34.6</td>
<td data-sheets-value='{""1"":2,""2"":""38.6""}'>38.6</td>
<td data-sheets-value='{""1"":2,""2"":""42.5""}'>42.5</td>
<td data-sheets-value='{""1"":2,""2"":""46.5""}'>46.5</td>
<td data-sheets-value='{""1"":2,""2"":""50.4""}'>50.4</td>
<td data-sheets-value='{""1"":2,""2"":""54.3""}'>54.3</td>
<td data-sheets-value='{""1"":2,""2"":""58.3""}'>58.3</td>
<td data-sheets-value='{""1"":2,""2"":""62.2""}'>62.2</td>
</tr>
<tr>
<td data-sheets-value='{""1"":2,""2"":""Sleeve""}'>Sleeve</td>
<td data-sheets-numberformat='{""1"":5,""2"":""d.m"",""3"":1}' data-sheets-value='{""1"":3,""3"":44664}'>13.4</td>
<td data-sheets-numberformat='{""1"":5,""2"":""d.m"",""3"":1}' data-sheets-value='{""1"":3,""3"":44606}'>14.2</td>
<td data-sheets-value='{""1"":2,""2"":""15.0""}'>15.0</td>
<td data-sheets-numberformat='{""1"":5,""2"":""d.m"",""3"":1}' data-sheets-value='{""1"":3,""3"":44757}'>15.7</td>
<td data-sheets-numberformat='{""1"":5,""2"":""d.m"",""3"":1}' data-sheets-value='{""1"":3,""3"":44697}'>16.5</td>
<td data-sheets-numberformat='{""1"":5,""2"":""d.m"",""3"":1}' data-sheets-value='{""1"":3,""3"":44637}'>17.3</td>
<td data-sheets-numberformat='{""1"":5,""2"":""d.m"",""3"":1}' data-sheets-value='{""1"":3,""3"":44579}'>18.1</td>
<td data-sheets-numberformat='{""1"":5,""2"":""d.m"",""3"":1}' data-sheets-value='{""1"":3,""3"":44822}'>18.9</td>
</tr>
<tr>
<td></td>
<td></td>
<td></td>
<td></td>
<td></td>
<td></td>
<td></td>
<td></td>
<td></td>
</tr>
<tr>
<td data-sheets-value='{""1"":2,""2"":""centimeter""}'>centimeter</td>
<td data-sheets-value='{""1"":2,""2"":""S""}'>S</td>
<td data-sheets-value='{""1"":2,""2"":""M""}'>M</td>
<td data-sheets-value='{""1"":2,""2"":""L""}'>L</td>
<td data-sheets-value='{""1"":2,""2"":""XL""}'>XL</td>
<td data-sheets-value='{""1"":2,""2"":""2XL""}'>2XL</td>
<td data-sheets-value='{""1"":2,""2"":""3XL""}'>3XL</td>
<td data-sheets-value='{""1"":2,""2"":""4XL""}'>4XL</td>
<td data-sheets-value='{""1"":2,""2"":""5XL""}'>5XL</td>
</tr>
<tr>
<td data-sheets-value='{""1"":2,""2"":""Length""}'>Length</td>
<td data-sheets-value='{""1"":2,""2"":""69.0""}'>69.0</td>
<td data-sheets-value='{""1"":2,""2"":""72.0""}'>72.0</td>
<td data-sheets-value='{""1"":2,""2"":""74.0""}'>74.0</td>
<td data-sheets-value='{""1"":2,""2"":""77.0""}'>77.0</td>
<td data-sheets-value='{""1"":2,""2"":""79.0""}'>79.0</td>
<td data-sheets-value='{""1"":2,""2"":""82.0""}'>82.0</td>
<td data-sheets-value='{""1"":2,""2"":""84.0""}'>84.0</td>
<td data-sheets-value='{""1"":2,""2"":""87.0""}'>87.0</td>
</tr>
<tr>
<td data-sheets-value='{""1"":2,""2"":""Bust""}'>Bust</td>
<td data-sheets-value='{""1"":2,""2"":""88.0""}'>88.0</td>
<td data-sheets-value='{""1"":2,""2"":""98.0""}'>98.0</td>
<td data-sheets-value='{""1"":2,""2"":""108.0""}'>108.0</td>
<td data-sheets-value='{""1"":2,""2"":""118.0""}'>118.0</td>
<td data-sheets-value='{""1"":2,""2"":""128.0""}'>128.0</td>
<td data-sheets-value='{""1"":2,""2"":""138.0""}'>138.0</td>
<td data-sheets-value='{""1"":2,""2"":""148.0""}'>148.0</td>
<td data-sheets-value='{""1"":2,""2"":""158.0""}'>158.0</td>
</tr>
<tr>
<td data-sheets-value='{""1"":2,""2"":""Sleeve""}'>Sleeve</td>
<td data-sheets-value='{""1"":2,""2"":""34.0""}'>34.0</td>
<td data-sheets-value='{""1"":2,""2"":""36.0""}'>36.0</td>
<td data-sheets-value='{""1"":2,""2"":""38.0""}'>38.0</td>
<td data-sheets-value='{""1"":2,""2"":""40.0""}'>40.0</td>
<td data-sheets-value='{""1"":2,""2"":""42.0""}'>42.0</td>
<td data-sheets-value='{""1"":2,""2"":""44.0""}'>44.0</td>
<td data-sheets-value='{""1"":2,""2"":""46.0""}'>46.0</td>
<td data-sheets-value='{""1"":2,""2"":""48.0""}'>48.0</td>
</tr>
</tbody>
</table>
<br>
<p><b data-mce-fragment=""1"">Note:<span> </span></b><strong>Actual product measurements may vary by up to 1 inch (3cm)</strong></p>
</div>
<h2 data-mce-fragment=""1""><b data-mce-fragment=""1"">CARE INSTRUCTIONS</b></h2>
<div data-mce-fragment=""1"">All Noble Pawtrait Clothing – Machine wash in cold water. Mild detergent is safe to use. Do not bleach. Tumble dry.</div>
<div data-mce-fragment=""1""><br data-mce-fragment=""1""></div>
<meta charset=""utf-8""><span data-mce-fragment=""1""></span><span data-mce-fragment=""1""></span><span data-mce-fragment=""1""></span><span data-mce-fragment=""1""></span>
<h2 data-mce-fragment=""1""><b data-mce-fragment=""1"">PRODUCT DETAILS </b></h2>
<p data-mce-fragment=""1"">The Polo shirt is made with <span data-mce-fragment=""1"">100% Polyester</span> that is perfect for printing, the shirt color is vibrant and bright with eye-catching designs. The custom all-over print shirt will make you look so good. Go to beaches in comfort and grab public attention impressively.</p>
<meta charset=""utf-8""><span data-mce-fragment=""1""></span><span data-mce-fragment=""1""></span><span data-mce-fragment=""1""></span><span data-mce-fragment=""1""></span>
<div data-reactid='.1agge3towpi.7.0.${""splat""=2""-/-"",""tagSlug""=2""Aquatic &amp; Land"",""campaignUrl""=2""turtle-sweet-soul""}.0.0.2.3.1.h.2.0' class=""px-1 py-1 lg:px-0 fs-lg flex items-center bc-grey-200"" data-mce-fragment=""1"">
<h2 data-reactid='.1agge3towpi.7.0.${""splat""=2""-/-"",""tagSlug""=2""Aquatic &amp; Land"",""campaignUrl""=2""turtle-sweet-soul""}.0.0.2.3.1.h.2.0.0' class=""flex-grow fw-bold color-black"" data-mce-fragment=""1""><span data-reactid='.1agge3towpi.7.0.${""splat""=2""-/-"",""tagSlug""=2""Aquatic &amp; Land"",""campaignUrl""=2""turtle-sweet-soul""}.0.0.2.3.1.h.2.0.0.0' class=""capitalize"" data-mce-fragment=""1""><span data-reactid='.1agge3towpi.7.0.${""splat""=2""-/-"",""tagSlug""=2""Aquatic &amp; Land"",""campaignUrl""=2""turtle-sweet-soul""}.0.0.2.3.1.h.2.0.0.0.0' data-mce-fragment=""1"">SHIPPING INFO</span></span></h2>
</div>
<div data-reactid='.1agge3towpi.7.0.${""splat""=2""-/-"",""tagSlug""=2""Aquatic &amp; Land"",""campaignUrl""=2""turtle-sweet-soul""}.0.0.2.3.1.h.2.1' class=""px-1 pb-1 lg:px-0 bgc-white"" data-mce-fragment=""1"">
<div data-reactid='.1agge3towpi.7.0.${""splat""=2""-/-"",""tagSlug""=2""Aquatic &amp; Land"",""campaignUrl""=2""turtle-sweet-soul""}.0.0.2.3.1.h.2.1.0' data-mce-fragment=""1"">
<p data-mce-fragment=""1""><span class=""emoji"" data-mce-fragment=""1"">📦 US, Canada, and Europe </span><span data-reactid='.1agge3towpi.7.0.${""splat""=2""-/-"",""tagSlug""=2""Aquatic &amp; Land"",""campaignUrl""=2""turtle-sweet-soul""}.0.0.2.3.1.h.2.1.0.0.0' data-mce-fragment=""1"">Orders ship within 10 to 15 business days (delaying time can be 15-21 business days due to Covid-19). </span>Up to 30 working days transit time for rest of world.</p>
</div>
<div data-reactid='.1agge3towpi.7.0.${""splat""=2""-/-"",""tagSlug""=2""Aquatic &amp; Land"",""campaignUrl""=2""turtle-sweet-soul""}.0.0.2.3.1.h.2.1.2' class=""mb-1"" data-mce-fragment=""1"">
<span data-reactid='.1agge3towpi.7.0.${""splat""=2""-/-"",""tagSlug""=2""Aquatic &amp; Land"",""campaignUrl""=2""turtle-sweet-soul""}.0.0.2.3.1.h.2.1.2.0' data-mce-fragment=""1"">📦 For more details about our shipping rates, please visit </span><a href=""https://noblepawtrait.com/pages/faq"" data-mce-fragment=""1"" data-mce-href=""https://noblepawtrait.com/pages/faq""><span data-reactid='.1agge3towpi.7.0.${""splat""=2""-/-"",""tagSlug""=2""Aquatic &amp; Land"",""campaignUrl""=2""turtle-sweet-soul""}.0.0.2.3.1.h.2.1.2.1.0' data-mce-fragment=""1"">here</span></a>
</div>
<div data-reactid='.1agge3towpi.7.0.${""splat""=2""-/-"",""tagSlug""=2""Aquatic &amp; Land"",""campaignUrl""=2""turtle-sweet-soul""}.0.0.2.3.1.h.2.1.2' class=""mb-1"" data-mce-fragment=""1"">
<span data-reactid='.1agge3towpi.7.0.${""splat""=2""-/-"",""tagSlug""=2""Aquatic &amp; Land"",""campaignUrl""=2""turtle-sweet-soul""}.0.0.2.3.1.h.2.1.2.1.0' data-mce-fragment=""1""></span><br data-mce-fragment=""1"">
</div>
<div data-reactid='.1agge3towpi.7.0.${""splat""=2""-/-"",""tagSlug""=2""Aquatic &amp; Land"",""campaignUrl""=2""turtle-sweet-soul""}.0.0.2.3.1.h.2.1.2' class=""mb-1"" data-mce-fragment=""1"">
<h2 data-reactid='.1agge3towpi.7.0.${""splat""=2""-/-"",""tagSlug""=2""Aquatic &amp; Land"",""campaignUrl""=2""turtle-sweet-soul""}.0.0.2.3.1.h.2.0.0' class=""flex-grow fw-bold color-black"" data-mce-fragment=""1""><span data-reactid='.1agge3towpi.7.0.${""splat""=2""-/-"",""tagSlug""=2""Aquatic &amp; Land"",""campaignUrl""=2""turtle-sweet-soul""}.0.0.2.3.1.h.2.0.0.0' class=""capitalize"" data-mce-fragment=""1""><span data-reactid='.1agge3towpi.7.0.${""splat""=2""-/-"",""tagSlug""=2""Aquatic &amp; Land"",""campaignUrl""=2""turtle-sweet-soul""}.0.0.2.3.1.h.2.0.0.0.0' data-mce-fragment=""1"">MORE QUESTION?</span></span></h2>
</div>
<div data-reactid='.1agge3towpi.7.0.${""splat""=2""-/-"",""tagSlug""=2""Aquatic &amp; Land"",""campaignUrl""=2""turtle-sweet-soul""}.0.0.2.3.1.h.2.1.2' class=""mb-1"" data-mce-fragment=""1"">Don't hesitate to contact us<span data-mce-fragment=""1""> </span><a href=""https://noblepawtrait.com/pages/contact-us"" data-mce-fragment=""1"" data-mce-href=""https://noblepawtrait.com/pages/contact-us"">here</a><span data-mce-fragment=""1""> </span>❤️</div>
<div data-reactid='.1agge3towpi.7.0.${""splat""=2""-/-"",""tagSlug""=2""Aquatic &amp; Land"",""campaignUrl""=2""turtle-sweet-soul""}.0.0.2.3.1.h.2.1.2' class=""mb-1"" data-mce-fragment=""1""><br data-mce-fragment=""1""></div>
</div>
<p data-mce-fragment=""1""><span data-mce-fragment=""1"">Join the growing family of Noble Pawtrait and before long, you’ll be enjoying side-splitting laughter at people’s reactions!</span></p>",,,taxable,,1,,,0,0,,,,,1,,,,Polo Shirt,,,"https://cdn.shopify.com/s/files/1/0291/0214/5580/products/Mock-Up-Polo-1-Polo09_jpeg.jpg?v=1660712408,https://cdn.shopify.com/s/files/1/0291/0214/5580/products/Mock-Up-Polo-2-Polo09_jpeg.jpg?v=1660712408,https://cdn.shopify.com/s/files/1/0291/0214/5580/products/Mock-Up-Polo-3-Polo09_jpeg.jpg?v=1660712182",,,,,,,,,0,Size,"S,M,L,XL,2XL,3XL,4XL,5XL,6XL",0,1,S,Number Of Pets,"1,2,3,4,5",0,1,1,,,,,,
,variation,,Custom Polo Shirt With Dog Face | Personalized Gift For Dog Dad | Orange & Yellow Floral Pattern Men Polo Shirt,1,0,visible,,,,,taxable,parent,1,,,,0,,,,,0,,,49.95,,,,,,,7.76027E+12,,,,,,1,Size,S,,1,,Number Of Pets,1,,1,,,,,,,
,variation,,Custom Polo Shirt With Dog Face | Personalized Gift For Dog Dad | Orange & Yellow Floral Pattern Men Polo Shirt,1,0,visible,,,,,taxable,parent,1,,,,0,,,,,0,,,54.95,,,,,,,7.76027E+12,,,,,,2,Size,S,,1,,Number Of Pets,2,,1,,,,,,,
,variation,,Custom Polo Shirt With Dog Face | Personalized Gift For Dog Dad | Orange & Yellow Floral Pattern Men Polo Shirt,1,0,visible,,,,,taxable,parent,1,,,,0,,,,,0,,,59.95,,,,,,,7.76027E+12,,,,,,3,Size,S,,1,,Number Of Pets,3,,1,,,,,,,
,variation,,Custom Polo Shirt With Dog Face | Personalized Gift For Dog Dad | Orange & Yellow Floral Pattern Men Polo Shirt,1,0,visible,,,,,taxable,parent,1,,,,0,,,,,0,,,64.95,,,,,,,7.76027E+12,,,,,,4,Size,S,,1,,Number Of Pets,4,,1,,,,,,,
,variation,,Custom Polo Shirt With Dog Face | Personalized Gift For Dog Dad | Orange & Yellow Floral Pattern Men Polo Shirt,1,0,visible,,,,,taxable,parent,1,,,,0,,,,,0,,,69.95,,,,,,,7.76027E+12,,,,,,5,Size,S,,1,,Number Of Pets,5,,1,,,,,,,
,variation,,Custom Polo Shirt With Dog Face | Personalized Gift For Dog Dad | Orange & Yellow Floral Pattern Men Polo Shirt,1,0,visible,,,,,taxable,parent,1,,,,0,,,,,0,,,49.95,,,,,,,7.76027E+12,,,,,,6,Size,M,,1,,Number Of Pets,1,,1,,,,,,,
,variation,,Custom Polo Shirt With Dog Face | Personalized Gift For Dog Dad | Orange & Yellow Floral Pattern Men Polo Shirt,1,0,visible,,,,,taxable,parent,1,,,,0,,,,,0,,,54.95,,,,,,,7.76027E+12,,,,,,7,Size,M,,1,,Number Of Pets,2,,1,,,,,,,
,variation,,Custom Polo Shirt With Dog Face | Personalized Gift For Dog Dad | Orange & Yellow Floral Pattern Men Polo Shirt,1,0,visible,,,,,taxable,parent,1,,,,0,,,,,0,,,59.95,,,,,,,7.76027E+12,,,,,,8,Size,M,,1,,Number Of Pets,3,,1,,,,,,,
,variation,,Custom Polo Shirt With Dog Face | Personalized Gift For Dog Dad | Orange & Yellow Floral Pattern Men Polo Shirt,1,0,visible,,,,,taxable,parent,1,,,,0,,,,,0,,,64.95,,,,,,,7.76027E+12,,,,,,9,Size,M,,1,,Number Of Pets,4,,1,,,,,,,
,variation,,Custom Polo Shirt With Dog Face | Personalized Gift For Dog Dad | Orange & Yellow Floral Pattern Men Polo Shirt,1,0,visible,,,,,taxable,parent,1,,,,0,,,,,0,,,69.95,,,,,,,7.76027E+12,,,,,,10,Size,M,,1,,Number Of Pets,5,,1,,,,,,,
,variation,,Custom Polo Shirt With Dog Face | Personalized Gift For Dog Dad | Orange & Yellow Floral Pattern Men Polo Shirt,1,0,visible,,,,,taxable,parent,1,,,,0,,,,,0,,,49.95,,,,,,,7.76027E+12,,,,,,11,Size,L,,1,,Number Of Pets,1,,1,,,,,,,
,variation,,Custom Polo Shirt With Dog Face | Personalized Gift For Dog Dad | Orange & Yellow Floral Pattern Men Polo Shirt,1,0,visible,,,,,taxable,parent,1,,,,0,,,,,0,,,54.95,,,,,,,7.76027E+12,,,,,,12,Size,L,,1,,Number Of Pets,2,,1,,,,,,,
,variation,,Custom Polo Shirt With Dog Face | Personalized Gift For Dog Dad | Orange & Yellow Floral Pattern Men Polo Shirt,1,0,visible,,,,,taxable,parent,1,,,,0,,,,,0,,,59.95,,,,,,,7.76027E+12,,,,,,13,Size,L,,1,,Number Of Pets,3,,1,,,,,,,
,variation,,Custom Polo Shirt With Dog Face | Personalized Gift For Dog Dad | Orange & Yellow Floral Pattern Men Polo Shirt,1,0,visible,,,,,taxable,parent,1,,,,0,,,,,0,,,64.95,,,,,,,7.76027E+12,,,,,,14,Size,L,,1,,Number Of Pets,4,,1,,,,,,,
,variation,,Custom Polo Shirt With Dog Face | Personalized Gift For Dog Dad | Orange & Yellow Floral Pattern Men Polo Shirt,1,0,visible,,,,,taxable,parent,1,,,,0,,,,,0,,,69.95,,,,,,,7.76027E+12,,,,,,15,Size,L,,1,,Number Of Pets,5,,1,,,,,,,
,variation,,Custom Polo Shirt With Dog Face | Personalized Gift For Dog Dad | Orange & Yellow Floral Pattern Men Polo Shirt,1,0,visible,,,,,taxable,parent,1,,,,0,,,,,0,,,49.95,,,,,,,7.76027E+12,,,,,,16,Size,XL,,1,,Number Of Pets,1,,1,,,,,,,
,variation,,Custom Polo Shirt With Dog Face | Personalized Gift For Dog Dad | Orange & Yellow Floral Pattern Men Polo Shirt,1,0,visible,,,,,taxable,parent,1,,,,0,,,,,0,,,54.95,,,,,,,7.76027E+12,,,,,,17,Size,XL,,1,,Number Of Pets,2,,1,,,,,,,
,variation,,Custom Polo Shirt With Dog Face | Personalized Gift For Dog Dad | Orange & Yellow Floral Pattern Men Polo Shirt,1,0,visible,,,,,taxable,parent,1,,,,0,,,,,0,,,59.95,,,,,,,7.76027E+12,,,,,,18,Size,XL,,1,,Number Of Pets,3,,1,,,,,,,
,variation,,Custom Polo Shirt With Dog Face | Personalized Gift For Dog Dad | Orange & Yellow Floral Pattern Men Polo Shirt,1,0,visible,,,,,taxable,parent,1,,,,0,,,,,0,,,64.95,,,,,,,7.76027E+12,,,,,,19,Size,XL,,1,,Number Of Pets,4,,1,,,,,,,
,variation,,Custom Polo Shirt With Dog Face | Personalized Gift For Dog Dad | Orange & Yellow Floral Pattern Men Polo Shirt,1,0,visible,,,,,taxable,parent,1,,,,0,,,,,0,,,69.95,,,,,,,7.76027E+12,,,,,,20,Size,XL,,1,,Number Of Pets,5,,1,,,,,,,
,variation,,Custom Polo Shirt With Dog Face | Personalized Gift For Dog Dad | Orange & Yellow Floral Pattern Men Polo Shirt,1,0,visible,,,,,taxable,parent,1,,,,0,,,,,0,,,49.95,,,,,,,7.76027E+12,,,,,,21,Size,2XL,,1,,Number Of Pets,1,,1,,,,,,,
,variation,,Custom Polo Shirt With Dog Face | Personalized Gift For Dog Dad | Orange & Yellow Floral Pattern Men Polo Shirt,1,0,visible,,,,,taxable,parent,1,,,,0,,,,,0,,,54.95,,,,,,,7.76027E+12,,,,,,22,Size,2XL,,1,,Number Of Pets,2,,1,,,,,,,
,variation,,Custom Polo Shirt With Dog Face | Personalized Gift For Dog Dad | Orange & Yellow Floral Pattern Men Polo Shirt,1,0,visible,,,,,taxable,parent,1,,,,0,,,,,0,,,59.95,,,,,,,7.76027E+12,,,,,,23,Size,2XL,,1,,Number Of Pets,3,,1,,,,,,,
,variation,,Custom Polo Shirt With Dog Face | Personalized Gift For Dog Dad | Orange & Yellow Floral Pattern Men Polo Shirt,1,0,visible,,,,,taxable,parent,1,,,,0,,,,,0,,,64.95,,,,,,,7.76027E+12,,,,,,24,Size,2XL,,1,,Number Of Pets,4,,1,,,,,,,
,variation,,Custom Polo Shirt With Dog Face | Personalized Gift For Dog Dad | Orange & Yellow Floral Pattern Men Polo Shirt,1,0,visible,,,,,taxable,parent,1,,,,0,,,,,0,,,69.95,,,,,,,7.76027E+12,,,,,,25,Size,2XL,,1,,Number Of Pets,5,,1,,,,,,,
,variation,,Custom Polo Shirt With Dog Face | Personalized Gift For Dog Dad | Orange & Yellow Floral Pattern Men Polo Shirt,1,0,visible,,,,,taxable,parent,1,,,,0,,,,,0,,,49.95,,,,,,,7.76027E+12,,,,,,26,Size,3XL,,1,,Number Of Pets,1,,1,,,,,,,
,variation,,Custom Polo Shirt With Dog Face | Personalized Gift For Dog Dad | Orange & Yellow Floral Pattern Men Polo Shirt,1,0,visible,,,,,taxable,parent,1,,,,0,,,,,0,,,54.95,,,,,,,7.76027E+12,,,,,,27,Size,3XL,,1,,Number Of Pets,2,,1,,,,,,,
,variation,,Custom Polo Shirt With Dog Face | Personalized Gift For Dog Dad | Orange & Yellow Floral Pattern Men Polo Shirt,1,0,visible,,,,,taxable,parent,1,,,,0,,,,,0,,,59.95,,,,,,,7.76027E+12,,,,,,28,Size,3XL,,1,,Number Of Pets,3,,1,,,,,,,
,variation,,Custom Polo Shirt With Dog Face | Personalized Gift For Dog Dad | Orange & Yellow Floral Pattern Men Polo Shirt,1,0,visible,,,,,taxable,parent,1,,,,0,,,,,0,,,64.95,,,,,,,7.76027E+12,,,,,,29,Size,3XL,,1,,Number Of Pets,4,,1,,,,,,,
,variation,,Custom Polo Shirt With Dog Face | Personalized Gift For Dog Dad | Orange & Yellow Floral Pattern Men Polo Shirt,1,0,visible,,,,,taxable,parent,1,,,,0,,,,,0,,,69.95,,,,,,,7.76027E+12,,,,,,30,Size,3XL,,1,,Number Of Pets,5,,1,,,,,,,
,variation,,Custom Polo Shirt With Dog Face | Personalized Gift For Dog Dad | Orange & Yellow Floral Pattern Men Polo Shirt,1,0,visible,,,,,taxable,parent,1,,,,0,,,,,0,,,49.95,,,,,,,7.76027E+12,,,,,,31,Size,4XL,,1,,Number Of Pets,1,,1,,,,,,,
,variation,,Custom Polo Shirt With Dog Face | Personalized Gift For Dog Dad | Orange & Yellow Floral Pattern Men Polo Shirt,1,0,visible,,,,,taxable,parent,1,,,,0,,,,,0,,,54.95,,,,,,,7.76027E+12,,,,,,32,Size,4XL,,1,,Number Of Pets,2,,1,,,,,,,
,variation,,Custom Polo Shirt With Dog Face | Personalized Gift For Dog Dad | Orange & Yellow Floral Pattern Men Polo Shirt,1,0,visible,,,,,taxable,parent,1,,,,0,,,,,0,,,59.95,,,,,,,7.76027E+12,,,,,,33,Size,4XL,,1,,Number Of Pets,3,,1,,,,,,,
,variation,,Custom Polo Shirt With Dog Face | Personalized Gift For Dog Dad | Orange & Yellow Floral Pattern Men Polo Shirt,1,0,visible,,,,,taxable,parent,1,,,,0,,,,,0,,,64.95,,,,,,,7.76027E+12,,,,,,34,Size,4XL,,1,,Number Of Pets,4,,1,,,,,,,
,variation,,Custom Polo Shirt With Dog Face | Personalized Gift For Dog Dad | Orange & Yellow Floral Pattern Men Polo Shirt,1,0,visible,,,,,taxable,parent,1,,,,0,,,,,0,,,69.95,,,,,,,7.76027E+12,,,,,,35,Size,4XL,,1,,Number Of Pets,5,,1,,,,,,,
,variation,,Custom Polo Shirt With Dog Face | Personalized Gift For Dog Dad | Orange & Yellow Floral Pattern Men Polo Shirt,1,0,visible,,,,,taxable,parent,1,,,,0,,,,,0,,,49.95,,,,,,,7.76027E+12,,,,,,36,Size,5XL,,1,,Number Of Pets,1,,1,,,,,,,
,variation,,Custom Polo Shirt With Dog Face | Personalized Gift For Dog Dad | Orange & Yellow Floral Pattern Men Polo Shirt,1,0,visible,,,,,taxable,parent,1,,,,0,,,,,0,,,54.95,,,,,,,7.76027E+12,,,,,,37,Size,5XL,,1,,Number Of Pets,2,,1,,,,,,,
,variation,,Custom Polo Shirt With Dog Face | Personalized Gift For Dog Dad | Orange & Yellow Floral Pattern Men Polo Shirt,1,0,visible,,,,,taxable,parent,1,,,,0,,,,,0,,,59.95,,,,,,,7.76027E+12,,,,,,38,Size,5XL,,1,,Number Of Pets,3,,1,,,,,,,
,variation,,Custom Polo Shirt With Dog Face | Personalized Gift For Dog Dad | Orange & Yellow Floral Pattern Men Polo Shirt,1,0,visible,,,,,taxable,parent,1,,,,0,,,,,0,,,64.95,,,,,,,7.76027E+12,,,,,,39,Size,5XL,,1,,Number Of Pets,4,,1,,,,,,,
,variation,,Custom Polo Shirt With Dog Face | Personalized Gift For Dog Dad | Orange & Yellow Floral Pattern Men Polo Shirt,1,0,visible,,,,,taxable,parent,1,,,,0,,,,,0,,,69.95,,,,,,,7.76027E+12,,,,,,40,Size,5XL,,1,,Number Of Pets,5,,1,,,,,,,
,variation,,Custom Polo Shirt With Dog Face | Personalized Gift For Dog Dad | Orange & Yellow Floral Pattern Men Polo Shirt,1,0,visible,,,,,taxable,parent,1,,,,0,,,,,0,,,49.95,,,,,,,7.76027E+12,,,,,,41,Size,6XL,,1,,Number Of Pets,1,,1,,,,,,,
,variation,,Custom Polo Shirt With Dog Face | Personalized Gift For Dog Dad | Orange & Yellow Floral Pattern Men Polo Shirt,1,0,visible,,,,,taxable,parent,1,,,,0,,,,,0,,,54.95,,,,,,,7.76027E+12,,,,,,42,Size,6XL,,1,,Number Of Pets,2,,1,,,,,,,
,variation,,Custom Polo Shirt With Dog Face | Personalized Gift For Dog Dad | Orange & Yellow Floral Pattern Men Polo Shirt,1,0,visible,,,,,taxable,parent,1,,,,0,,,,,0,,,59.95,,,,,,,7.76027E+12,,,,,,43,Size,6XL,,1,,Number Of Pets,3,,1,,,,,,,
,variation,,Custom Polo Shirt With Dog Face | Personalized Gift For Dog Dad | Orange & Yellow Floral Pattern Men Polo Shirt,1,0,visible,,,,,taxable,parent,1,,,,0,,,,,0,,,64.95,,,,,,,7.76027E+12,,,,,,44,Size,6XL,,1,,Number Of Pets,4,,1,,,,,,,
,variation,,Custom Polo Shirt With Dog Face | Personalized Gift For Dog Dad | Orange & Yellow Floral Pattern Men Polo Shirt,1,0,visible,,,,,taxable,parent,1,,,,0,,,,,0,,,69.95,,,,,,,7.76027E+12,,,,,,45,Size,6XL,,1,,Number Of Pets,5,,1,,,,,,,
,variable,,Custom Polo Shirt With Dog Face | Personalized Gift For Dog Dad |  Red Flower Pattern Men Polo Shirt,1,0,visible,,"<div data-mce-fragment=""1"">
<h2 data-mce-fragment=""1"">HOW TO ORDER:</h2>
<div data-mce-fragment=""1"">1. Choose the size from the drop-down menu</div>
<div data-mce-fragment=""1"">2. Upload the photo of your pet</div>
<div data-mce-fragment=""1"">3.<meta charset=""utf-8""> <span data-mce-fragment=""1"">Click on 'Add To Cart</span>
</div>
<div data-mce-fragment=""1"">4. Add your delivery address and bank details</div>
<div data-mce-fragment=""1"">5. And that's it!</div>
<div data-mce-fragment=""1""><b data-mce-fragment=""1"">NOTE: BUY 2 OR MORE TO SAVE YOUR SHIPPING COST !!!</b></div>
<div data-mce-fragment=""1""><b data-mce-fragment=""1""></b></div>
</div>
<div data-mce-fragment=""1"">
<div data-mce-fragment=""1"">
<h2 data-mce-fragment=""1""><strong data-mce-fragment=""1"">SIZING GUIDE</strong></h2>
</div>
</div>
<style type=""text/css""><!--
td {border: 1px solid #ccc;}br {mso-data-placement:same-cell;}
--></style>
<style type=""text/css""><!--
td {border: 1px solid #ccc;}br {mso-data-placement:same-cell;}
--></style>
<div data-mce-fragment=""1"">
<table border=""1"" dir=""ltr"" cellpadding=""0"" cellspacing=""0"" xmlns=""http://www.w3.org/1999/xhtml"">
<colgroup> <col width=""100""> <col width=""100""> <col width=""100""> <col width=""100""> <col width=""100""> <col width=""100""> <col width=""100""> <col width=""100""> <col width=""100""> </colgroup>
<tbody>
<tr>
<td data-sheets-value='{""1"":2,""2"":""inch""}'>inch</td>
<td data-sheets-value='{""1"":2,""2"":""S""}'>S</td>
<td data-sheets-value='{""1"":2,""2"":""M""}'>M</td>
<td data-sheets-value='{""1"":2,""2"":""L""}'>L</td>
<td data-sheets-value='{""1"":2,""2"":""XL""}'>XL</td>
<td data-sheets-value='{""1"":2,""2"":""2XL""}'>2XL</td>
<td data-sheets-value='{""1"":2,""2"":""3XL""}'>3XL</td>
<td data-sheets-value='{""1"":2,""2"":""4XL""}'>4XL</td>
<td data-sheets-value='{""1"":2,""2"":""5XL""}'>5XL</td>
</tr>
<tr>
<td data-sheets-value='{""1"":2,""2"":""Length""}'>Length</td>
<td data-sheets-numberformat='{""1"":5,""2"":""d.m"",""3"":1}' data-sheets-value='{""1"":3,""3"":44619}'>27.2</td>
<td data-sheets-numberformat='{""1"":5,""2"":""d.m"",""3"":1}' data-sheets-value='{""1"":3,""3"":44648}'>28.3</td>
<td data-sheets-numberformat='{""1"":5,""2"":""d.m"",""3"":1}' data-sheets-value='{""1"":3,""3"":44590}'>29.1</td>
<td data-sheets-numberformat='{""1"":5,""2"":""d.m"",""3"":1}' data-sheets-value='{""1"":3,""3"":44650}'>30.3</td>
<td data-sheets-numberformat='{""1"":5,""2"":""d.m"",""3"":1}' data-sheets-value='{""1"":3,""3"":44592}'>31.1</td>
<td data-sheets-value='{""1"":2,""2"":""32.3""}'>32.3</td>
<td data-sheets-value='{""1"":2,""2"":""33.1""}'>33.1</td>
<td data-sheets-value='{""1"":2,""2"":""34.3""}'>34.3</td>
</tr>
<tr>
<td data-sheets-value='{""1"":2,""2"":""Bust""}'>Bust</td>
<td data-sheets-value='{""1"":2,""2"":""34.6""}'>34.6</td>
<td data-sheets-value='{""1"":2,""2"":""38.6""}'>38.6</td>
<td data-sheets-value='{""1"":2,""2"":""42.5""}'>42.5</td>
<td data-sheets-value='{""1"":2,""2"":""46.5""}'>46.5</td>
<td data-sheets-value='{""1"":2,""2"":""50.4""}'>50.4</td>
<td data-sheets-value='{""1"":2,""2"":""54.3""}'>54.3</td>
<td data-sheets-value='{""1"":2,""2"":""58.3""}'>58.3</td>
<td data-sheets-value='{""1"":2,""2"":""62.2""}'>62.2</td>
</tr>
<tr>
<td data-sheets-value='{""1"":2,""2"":""Sleeve""}'>Sleeve</td>
<td data-sheets-numberformat='{""1"":5,""2"":""d.m"",""3"":1}' data-sheets-value='{""1"":3,""3"":44664}'>13.4</td>
<td data-sheets-numberformat='{""1"":5,""2"":""d.m"",""3"":1}' data-sheets-value='{""1"":3,""3"":44606}'>14.2</td>
<td data-sheets-value='{""1"":2,""2"":""15.0""}'>15.0</td>
<td data-sheets-numberformat='{""1"":5,""2"":""d.m"",""3"":1}' data-sheets-value='{""1"":3,""3"":44757}'>15.7</td>
<td data-sheets-numberformat='{""1"":5,""2"":""d.m"",""3"":1}' data-sheets-value='{""1"":3,""3"":44697}'>16.5</td>
<td data-sheets-numberformat='{""1"":5,""2"":""d.m"",""3"":1}' data-sheets-value='{""1"":3,""3"":44637}'>17.3</td>
<td data-sheets-numberformat='{""1"":5,""2"":""d.m"",""3"":1}' data-sheets-value='{""1"":3,""3"":44579}'>18.1</td>
<td data-sheets-numberformat='{""1"":5,""2"":""d.m"",""3"":1}' data-sheets-value='{""1"":3,""3"":44822}'>18.9</td>
</tr>
<tr>
<td></td>
<td></td>
<td></td>
<td></td>
<td></td>
<td></td>
<td></td>
<td></td>
<td></td>
</tr>
<tr>
<td data-sheets-value='{""1"":2,""2"":""centimeter""}'>centimeter</td>
<td data-sheets-value='{""1"":2,""2"":""S""}'>S</td>
<td data-sheets-value='{""1"":2,""2"":""M""}'>M</td>
<td data-sheets-value='{""1"":2,""2"":""L""}'>L</td>
<td data-sheets-value='{""1"":2,""2"":""XL""}'>XL</td>
<td data-sheets-value='{""1"":2,""2"":""2XL""}'>2XL</td>
<td data-sheets-value='{""1"":2,""2"":""3XL""}'>3XL</td>
<td data-sheets-value='{""1"":2,""2"":""4XL""}'>4XL</td>
<td data-sheets-value='{""1"":2,""2"":""5XL""}'>5XL</td>
</tr>
<tr>
<td data-sheets-value='{""1"":2,""2"":""Length""}'>Length</td>
<td data-sheets-value='{""1"":2,""2"":""69.0""}'>69.0</td>
<td data-sheets-value='{""1"":2,""2"":""72.0""}'>72.0</td>
<td data-sheets-value='{""1"":2,""2"":""74.0""}'>74.0</td>
<td data-sheets-value='{""1"":2,""2"":""77.0""}'>77.0</td>
<td data-sheets-value='{""1"":2,""2"":""79.0""}'>79.0</td>
<td data-sheets-value='{""1"":2,""2"":""82.0""}'>82.0</td>
<td data-sheets-value='{""1"":2,""2"":""84.0""}'>84.0</td>
<td data-sheets-value='{""1"":2,""2"":""87.0""}'>87.0</td>
</tr>
<tr>
<td data-sheets-value='{""1"":2,""2"":""Bust""}'>Bust</td>
<td data-sheets-value='{""1"":2,""2"":""88.0""}'>88.0</td>
<td data-sheets-value='{""1"":2,""2"":""98.0""}'>98.0</td>
<td data-sheets-value='{""1"":2,""2"":""108.0""}'>108.0</td>
<td data-sheets-value='{""1"":2,""2"":""118.0""}'>118.0</td>
<td data-sheets-value='{""1"":2,""2"":""128.0""}'>128.0</td>
<td data-sheets-value='{""1"":2,""2"":""138.0""}'>138.0</td>
<td data-sheets-value='{""1"":2,""2"":""148.0""}'>148.0</td>
<td data-sheets-value='{""1"":2,""2"":""158.0""}'>158.0</td>
</tr>
<tr>
<td data-sheets-value='{""1"":2,""2"":""Sleeve""}'>Sleeve</td>
<td data-sheets-value='{""1"":2,""2"":""34.0""}'>34.0</td>
<td data-sheets-value='{""1"":2,""2"":""36.0""}'>36.0</td>
<td data-sheets-value='{""1"":2,""2"":""38.0""}'>38.0</td>
<td data-sheets-value='{""1"":2,""2"":""40.0""}'>40.0</td>
<td data-sheets-value='{""1"":2,""2"":""42.0""}'>42.0</td>
<td data-sheets-value='{""1"":2,""2"":""44.0""}'>44.0</td>
<td data-sheets-value='{""1"":2,""2"":""46.0""}'>46.0</td>
<td data-sheets-value='{""1"":2,""2"":""48.0""}'>48.0</td>
</tr>
</tbody>
</table>
<br>
<p><b data-mce-fragment=""1"">Note:<span> </span></b><strong>Actual product measurements may vary by up to 1 inch (3cm)</strong></p>
</div>
<h2 data-mce-fragment=""1""><b data-mce-fragment=""1"">CARE INSTRUCTIONS</b></h2>
<div data-mce-fragment=""1"">All Noble Pawtrait Clothing – Machine wash in cold water. Mild detergent is safe to use. Do not bleach. Tumble dry.</div>
<div data-mce-fragment=""1""><br data-mce-fragment=""1""></div>
<meta charset=""utf-8""><span data-mce-fragment=""1""></span><span data-mce-fragment=""1""></span><span data-mce-fragment=""1""></span><span data-mce-fragment=""1""></span>
<h2 data-mce-fragment=""1""><b data-mce-fragment=""1"">PRODUCT DETAILS </b></h2>
<p data-mce-fragment=""1"">The Polo shirt is made with <span data-mce-fragment=""1"">100% Polyester</span> that is perfect for printing, the shirt color is vibrant and bright with eye-catching designs. The custom all-over print shirt will make you look so good. Go to beaches in comfort and grab public attention impressively.</p>
<meta charset=""utf-8""><span data-mce-fragment=""1""></span><span data-mce-fragment=""1""></span><span data-mce-fragment=""1""></span><span data-mce-fragment=""1""></span>
<div data-reactid='.1agge3towpi.7.0.${""splat""=2""-/-"",""tagSlug""=2""Aquatic &amp; Land"",""campaignUrl""=2""turtle-sweet-soul""}.0.0.2.3.1.h.2.0' class=""px-1 py-1 lg:px-0 fs-lg flex items-center bc-grey-200"" data-mce-fragment=""1"">
<h2 data-reactid='.1agge3towpi.7.0.${""splat""=2""-/-"",""tagSlug""=2""Aquatic &amp; Land"",""campaignUrl""=2""turtle-sweet-soul""}.0.0.2.3.1.h.2.0.0' class=""flex-grow fw-bold color-black"" data-mce-fragment=""1""><span data-reactid='.1agge3towpi.7.0.${""splat""=2""-/-"",""tagSlug""=2""Aquatic &amp; Land"",""campaignUrl""=2""turtle-sweet-soul""}.0.0.2.3.1.h.2.0.0.0' class=""capitalize"" data-mce-fragment=""1""><span data-reactid='.1agge3towpi.7.0.${""splat""=2""-/-"",""tagSlug""=2""Aquatic &amp; Land"",""campaignUrl""=2""turtle-sweet-soul""}.0.0.2.3.1.h.2.0.0.0.0' data-mce-fragment=""1"">SHIPPING INFO</span></span></h2>
</div>
<div data-reactid='.1agge3towpi.7.0.${""splat""=2""-/-"",""tagSlug""=2""Aquatic &amp; Land"",""campaignUrl""=2""turtle-sweet-soul""}.0.0.2.3.1.h.2.1' class=""px-1 pb-1 lg:px-0 bgc-white"" data-mce-fragment=""1"">
<div data-reactid='.1agge3towpi.7.0.${""splat""=2""-/-"",""tagSlug""=2""Aquatic &amp; Land"",""campaignUrl""=2""turtle-sweet-soul""}.0.0.2.3.1.h.2.1.0' data-mce-fragment=""1"">
<p data-mce-fragment=""1""><span class=""emoji"" data-mce-fragment=""1"">📦 US, Canada, and Europe </span><span data-reactid='.1agge3towpi.7.0.${""splat""=2""-/-"",""tagSlug""=2""Aquatic &amp; Land"",""campaignUrl""=2""turtle-sweet-soul""}.0.0.2.3.1.h.2.1.0.0.0' data-mce-fragment=""1"">Orders ship within 10 to 15 business days (delaying time can be 15-21 business days due to Covid-19). </span>Up to 30 working days transit time for rest of world.</p>
</div>
<div data-reactid='.1agge3towpi.7.0.${""splat""=2""-/-"",""tagSlug""=2""Aquatic &amp; Land"",""campaignUrl""=2""turtle-sweet-soul""}.0.0.2.3.1.h.2.1.2' class=""mb-1"" data-mce-fragment=""1"">
<span data-reactid='.1agge3towpi.7.0.${""splat""=2""-/-"",""tagSlug""=2""Aquatic &amp; Land"",""campaignUrl""=2""turtle-sweet-soul""}.0.0.2.3.1.h.2.1.2.0' data-mce-fragment=""1"">📦 For more details about our shipping rates, please visit </span><a href=""https://noblepawtrait.com/pages/faq"" data-mce-fragment=""1"" data-mce-href=""https://noblepawtrait.com/pages/faq""><span data-reactid='.1agge3towpi.7.0.${""splat""=2""-/-"",""tagSlug""=2""Aquatic &amp; Land"",""campaignUrl""=2""turtle-sweet-soul""}.0.0.2.3.1.h.2.1.2.1.0' data-mce-fragment=""1"">here</span></a>
</div>
<div data-reactid='.1agge3towpi.7.0.${""splat""=2""-/-"",""tagSlug""=2""Aquatic &amp; Land"",""campaignUrl""=2""turtle-sweet-soul""}.0.0.2.3.1.h.2.1.2' class=""mb-1"" data-mce-fragment=""1"">
<span data-reactid='.1agge3towpi.7.0.${""splat""=2""-/-"",""tagSlug""=2""Aquatic &amp; Land"",""campaignUrl""=2""turtle-sweet-soul""}.0.0.2.3.1.h.2.1.2.1.0' data-mce-fragment=""1""></span><br data-mce-fragment=""1"">
</div>
<div data-reactid='.1agge3towpi.7.0.${""splat""=2""-/-"",""tagSlug""=2""Aquatic &amp; Land"",""campaignUrl""=2""turtle-sweet-soul""}.0.0.2.3.1.h.2.1.2' class=""mb-1"" data-mce-fragment=""1"">
<h2 data-reactid='.1agge3towpi.7.0.${""splat""=2""-/-"",""tagSlug""=2""Aquatic &amp; Land"",""campaignUrl""=2""turtle-sweet-soul""}.0.0.2.3.1.h.2.0.0' class=""flex-grow fw-bold color-black"" data-mce-fragment=""1""><span data-reactid='.1agge3towpi.7.0.${""splat""=2""-/-"",""tagSlug""=2""Aquatic &amp; Land"",""campaignUrl""=2""turtle-sweet-soul""}.0.0.2.3.1.h.2.0.0.0' class=""capitalize"" data-mce-fragment=""1""><span data-reactid='.1agge3towpi.7.0.${""splat""=2""-/-"",""tagSlug""=2""Aquatic &amp; Land"",""campaignUrl""=2""turtle-sweet-soul""}.0.0.2.3.1.h.2.0.0.0.0' data-mce-fragment=""1"">MORE QUESTION?</span></span></h2>
</div>
<div data-reactid='.1agge3towpi.7.0.${""splat""=2""-/-"",""tagSlug""=2""Aquatic &amp; Land"",""campaignUrl""=2""turtle-sweet-soul""}.0.0.2.3.1.h.2.1.2' class=""mb-1"" data-mce-fragment=""1"">Don't hesitate to contact us<span data-mce-fragment=""1""> </span><a href=""https://noblepawtrait.com/pages/contact-us"" data-mce-fragment=""1"" data-mce-href=""https://noblepawtrait.com/pages/contact-us"">here</a><span data-mce-fragment=""1""> </span>❤️</div>
<div data-reactid='.1agge3towpi.7.0.${""splat""=2""-/-"",""tagSlug""=2""Aquatic &amp; Land"",""campaignUrl""=2""turtle-sweet-soul""}.0.0.2.3.1.h.2.1.2' class=""mb-1"" data-mce-fragment=""1""><br data-mce-fragment=""1""></div>
</div>
<p data-mce-fragment=""1""><span data-mce-fragment=""1"">Join the growing family of Noble Pawtrait and before long, you’ll be enjoying side-splitting laughter at people’s reactions!</span></p>",,,taxable,,1,,,0,0,,,,,1,,,,Polo Shirt,,,"https://cdn.shopify.com/s/files/1/0291/0214/5580/products/Polo04mk1.jpg?v=1687935207,https://cdn.shopify.com/s/files/1/0291/0214/5580/products/Polo04mk2.jpg?v=1687935207,https://cdn.shopify.com/s/files/1/0291/0214/5580/products/Polo04mk3.jpg?v=1660739604,https://cdn.shopify.com/s/files/1/0291/0214/5580/products/Polo04mk4.jpg?v=1660739604",,,,,,,,,0,Size,"S,M,L,XL,2XL,3XL,4XL,5XL,6XL",0,1,S,Number Of Pets,"1,2,3,4,5",0,1,1,,,,,,
,variation,,Custom Polo Shirt With Dog Face | Personalized Gift For Dog Dad |  Red Flower Pattern Men Polo Shirt,1,0,visible,,,,,taxable,parent,1,,,,0,,,,,0,,,49.95,,,,,,,7.7608E+12,,,,,,1,Size,S,,1,,Number Of Pets,1,,1,,,,,,,
,variation,,Custom Polo Shirt With Dog Face | Personalized Gift For Dog Dad |  Red Flower Pattern Men Polo Shirt,1,0,visible,,,,,taxable,parent,1,,,,0,,,,,0,,,54.95,,,,,,,7.7608E+12,,,,,,2,Size,S,,1,,Number Of Pets,2,,1,,,,,,,
,variation,,Custom Polo Shirt With Dog Face | Personalized Gift For Dog Dad |  Red Flower Pattern Men Polo Shirt,1,0,visible,,,,,taxable,parent,1,,,,0,,,,,0,,,59.95,,,,,,,7.7608E+12,,,,,,3,Size,S,,1,,Number Of Pets,3,,1,,,,,,,
,variation,,Custom Polo Shirt With Dog Face | Personalized Gift For Dog Dad |  Red Flower Pattern Men Polo Shirt,1,0,visible,,,,,taxable,parent,1,,,,0,,,,,0,,,64.95,,,,,,,7.7608E+12,,,,,,4,Size,S,,1,,Number Of Pets,4,,1,,,,,,,
,variation,,Custom Polo Shirt With Dog Face | Personalized Gift For Dog Dad |  Red Flower Pattern Men Polo Shirt,1,0,visible,,,,,taxable,parent,1,,,,0,,,,,0,,,69.95,,,,,,,7.7608E+12,,,,,,5,Size,S,,1,,Number Of Pets,5,,1,,,,,,,
,variation,,Custom Polo Shirt With Dog Face | Personalized Gift For Dog Dad |  Red Flower Pattern Men Polo Shirt,1,0,visible,,,,,taxable,parent,1,,,,0,,,,,0,,,49.95,,,,,,,7.7608E+12,,,,,,6,Size,M,,1,,Number Of Pets,1,,1,,,,,,,
,variation,,Custom Polo Shirt With Dog Face | Personalized Gift For Dog Dad |  Red Flower Pattern Men Polo Shirt,1,0,visible,,,,,taxable,parent,1,,,,0,,,,,0,,,54.95,,,,,,,7.7608E+12,,,,,,7,Size,M,,1,,Number Of Pets,2,,1,,,,,,,
,variation,,Custom Polo Shirt With Dog Face | Personalized Gift For Dog Dad |  Red Flower Pattern Men Polo Shirt,1,0,visible,,,,,taxable,parent,1,,,,0,,,,,0,,,59.95,,,,,,,7.7608E+12,,,,,,8,Size,M,,1,,Number Of Pets,3,,1,,,,,,,
,variation,,Custom Polo Shirt With Dog Face | Personalized Gift For Dog Dad |  Red Flower Pattern Men Polo Shirt,1,0,visible,,,,,taxable,parent,1,,,,0,,,,,0,,,64.95,,,,,,,7.7608E+12,,,,,,9,Size,M,,1,,Number Of Pets,4,,1,,,,,,,
,variation,,Custom Polo Shirt With Dog Face | Personalized Gift For Dog Dad |  Red Flower Pattern Men Polo Shirt,1,0,visible,,,,,taxable,parent,1,,,,0,,,,,0,,,69.95,,,,,,,7.7608E+12,,,,,,10,Size,M,,1,,Number Of Pets,5,,1,,,,,,,
,variation,,Custom Polo Shirt With Dog Face | Personalized Gift For Dog Dad |  Red Flower Pattern Men Polo Shirt,1,0,visible,,,,,taxable,parent,1,,,,0,,,,,0,,,49.95,,,,,,,7.7608E+12,,,,,,11,Size,L,,1,,Number Of Pets,1,,1,,,,,,,
,variation,,Custom Polo Shirt With Dog Face | Personalized Gift For Dog Dad |  Red Flower Pattern Men Polo Shirt,1,0,visible,,,,,taxable,parent,1,,,,0,,,,,0,,,54.95,,,,,,,7.7608E+12,,,,,,12,Size,L,,1,,Number Of Pets,2,,1,,,,,,,
,variation,,Custom Polo Shirt With Dog Face | Personalized Gift For Dog Dad |  Red Flower Pattern Men Polo Shirt,1,0,visible,,,,,taxable,parent,1,,,,0,,,,,0,,,59.95,,,,,,,7.7608E+12,,,,,,13,Size,L,,1,,Number Of Pets,3,,1,,,,,,,
,variation,,Custom Polo Shirt With Dog Face | Personalized Gift For Dog Dad |  Red Flower Pattern Men Polo Shirt,1,0,visible,,,,,taxable,parent,1,,,,0,,,,,0,,,64.95,,,,,,,7.7608E+12,,,,,,14,Size,L,,1,,Number Of Pets,4,,1,,,,,,,
,variation,,Custom Polo Shirt With Dog Face | Personalized Gift For Dog Dad |  Red Flower Pattern Men Polo Shirt,1,0,visible,,,,,taxable,parent,1,,,,0,,,,,0,,,69.95,,,,,,,7.7608E+12,,,,,,15,Size,L,,1,,Number Of Pets,5,,1,,,,,,,
,variation,,Custom Polo Shirt With Dog Face | Personalized Gift For Dog Dad |  Red Flower Pattern Men Polo Shirt,1,0,visible,,,,,taxable,parent,1,,,,0,,,,,0,,,49.95,,,,,,,7.7608E+12,,,,,,16,Size,XL,,1,,Number Of Pets,1,,1,,,,,,,
,variation,,Custom Polo Shirt With Dog Face | Personalized Gift For Dog Dad |  Red Flower Pattern Men Polo Shirt,1,0,visible,,,,,taxable,parent,1,,,,0,,,,,0,,,54.95,,,,,,,7.7608E+12,,,,,,17,Size,XL,,1,,Number Of Pets,2,,1,,,,,,,
,variation,,Custom Polo Shirt With Dog Face | Personalized Gift For Dog Dad |  Red Flower Pattern Men Polo Shirt,1,0,visible,,,,,taxable,parent,1,,,,0,,,,,0,,,59.95,,,,,,,7.7608E+12,,,,,,18,Size,XL,,1,,Number Of Pets,3,,1,,,,,,,
,variation,,Custom Polo Shirt With Dog Face | Personalized Gift For Dog Dad |  Red Flower Pattern Men Polo Shirt,1,0,visible,,,,,taxable,parent,1,,,,0,,,,,0,,,64.95,,,,,,,7.7608E+12,,,,,,19,Size,XL,,1,,Number Of Pets,4,,1,,,,,,,
,variation,,Custom Polo Shirt With Dog Face | Personalized Gift For Dog Dad |  Red Flower Pattern Men Polo Shirt,1,0,visible,,,,,taxable,parent,1,,,,0,,,,,0,,,69.95,,,,,,,7.7608E+12,,,,,,20,Size,XL,,1,,Number Of Pets,5,,1,,,,,,,
,variation,,Custom Polo Shirt With Dog Face | Personalized Gift For Dog Dad |  Red Flower Pattern Men Polo Shirt,1,0,visible,,,,,taxable,parent,1,,,,0,,,,,0,,,49.95,,,,,,,7.7608E+12,,,,,,21,Size,2XL,,1,,Number Of Pets,1,,1,,,,,,,
,variation,,Custom Polo Shirt With Dog Face | Personalized Gift For Dog Dad |  Red Flower Pattern Men Polo Shirt,1,0,visible,,,,,taxable,parent,1,,,,0,,,,,0,,,54.95,,,,,,,7.7608E+12,,,,,,22,Size,2XL,,1,,Number Of Pets,2,,1,,,,,,,
,variation,,Custom Polo Shirt With Dog Face | Personalized Gift For Dog Dad |  Red Flower Pattern Men Polo Shirt,1,0,visible,,,,,taxable,parent,1,,,,0,,,,,0,,,59.95,,,,,,,7.7608E+12,,,,,,23,Size,2XL,,1,,Number Of Pets,3,,1,,,,,,,
,variation,,Custom Polo Shirt With Dog Face | Personalized Gift For Dog Dad |  Red Flower Pattern Men Polo Shirt,1,0,visible,,,,,taxable,parent,1,,,,0,,,,,0,,,64.95,,,,,,,7.7608E+12,,,,,,24,Size,2XL,,1,,Number Of Pets,4,,1,,,,,,,
,variation,,Custom Polo Shirt With Dog Face | Personalized Gift For Dog Dad |  Red Flower Pattern Men Polo Shirt,1,0,visible,,,,,taxable,parent,1,,,,0,,,,,0,,,69.95,,,,,,,7.7608E+12,,,,,,25,Size,2XL,,1,,Number Of Pets,5,,1,,,,,,,
,variation,,Custom Polo Shirt With Dog Face | Personalized Gift For Dog Dad |  Red Flower Pattern Men Polo Shirt,1,0,visible,,,,,taxable,parent,1,,,,0,,,,,0,,,49.95,,,,,,,7.7608E+12,,,,,,26,Size,3XL,,1,,Number Of Pets,1,,1,,,,,,,
,variation,,Custom Polo Shirt With Dog Face | Personalized Gift For Dog Dad |  Red Flower Pattern Men Polo Shirt,1,0,visible,,,,,taxable,parent,1,,,,0,,,,,0,,,54.95,,,,,,,7.7608E+12,,,,,,27,Size,3XL,,1,,Number Of Pets,2,,1,,,,,,,
,variation,,Custom Polo Shirt With Dog Face | Personalized Gift For Dog Dad |  Red Flower Pattern Men Polo Shirt,1,0,visible,,,,,taxable,parent,1,,,,0,,,,,0,,,59.95,,,,,,,7.7608E+12,,,,,,28,Size,3XL,,1,,Number Of Pets,3,,1,,,,,,,
,variation,,Custom Polo Shirt With Dog Face | Personalized Gift For Dog Dad |  Red Flower Pattern Men Polo Shirt,1,0,visible,,,,,taxable,parent,1,,,,0,,,,,0,,,64.95,,,,,,,7.7608E+12,,,,,,29,Size,3XL,,1,,Number Of Pets,4,,1,,,,,,,
,variation,,Custom Polo Shirt With Dog Face | Personalized Gift For Dog Dad |  Red Flower Pattern Men Polo Shirt,1,0,visible,,,,,taxable,parent,1,,,,0,,,,,0,,,69.95,,,,,,,7.7608E+12,,,,,,30,Size,3XL,,1,,Number Of Pets,5,,1,,,,,,,
,variation,,Custom Polo Shirt With Dog Face | Personalized Gift For Dog Dad |  Red Flower Pattern Men Polo Shirt,1,0,visible,,,,,taxable,parent,1,,,,0,,,,,0,,,49.95,,,,,,,7.7608E+12,,,,,,31,Size,4XL,,1,,Number Of Pets,1,,1,,,,,,,
,variation,,Custom Polo Shirt With Dog Face | Personalized Gift For Dog Dad |  Red Flower Pattern Men Polo Shirt,1,0,visible,,,,,taxable,parent,1,,,,0,,,,,0,,,54.95,,,,,,,7.7608E+12,,,,,,32,Size,4XL,,1,,Number Of Pets,2,,1,,,,,,,
,variation,,Custom Polo Shirt With Dog Face | Personalized Gift For Dog Dad |  Red Flower Pattern Men Polo Shirt,1,0,visible,,,,,taxable,parent,1,,,,0,,,,,0,,,59.95,,,,,,,7.7608E+12,,,,,,33,Size,4XL,,1,,Number Of Pets,3,,1,,,,,,,
,variation,,Custom Polo Shirt With Dog Face | Personalized Gift For Dog Dad |  Red Flower Pattern Men Polo Shirt,1,0,visible,,,,,taxable,parent,1,,,,0,,,,,0,,,64.95,,,,,,,7.7608E+12,,,,,,34,Size,4XL,,1,,Number Of Pets,4,,1,,,,,,,
,variation,,Custom Polo Shirt With Dog Face | Personalized Gift For Dog Dad |  Red Flower Pattern Men Polo Shirt,1,0,visible,,,,,taxable,parent,1,,,,0,,,,,0,,,69.95,,,,,,,7.7608E+12,,,,,,35,Size,4XL,,1,,Number Of Pets,5,,1,,,,,,,
,variation,,Custom Polo Shirt With Dog Face | Personalized Gift For Dog Dad |  Red Flower Pattern Men Polo Shirt,1,0,visible,,,,,taxable,parent,1,,,,0,,,,,0,,,49.95,,,,,,,7.7608E+12,,,,,,36,Size,5XL,,1,,Number Of Pets,1,,1,,,,,,,
,variation,,Custom Polo Shirt With Dog Face | Personalized Gift For Dog Dad |  Red Flower Pattern Men Polo Shirt,1,0,visible,,,,,taxable,parent,1,,,,0,,,,,0,,,54.95,,,,,,,7.7608E+12,,,,,,37,Size,5XL,,1,,Number Of Pets,2,,1,,,,,,,
,variation,,Custom Polo Shirt With Dog Face | Personalized Gift For Dog Dad |  Red Flower Pattern Men Polo Shirt,1,0,visible,,,,,taxable,parent,1,,,,0,,,,,0,,,59.95,,,,,,,7.7608E+12,,,,,,38,Size,5XL,,1,,Number Of Pets,3,,1,,,,,,,
,variation,,Custom Polo Shirt With Dog Face | Personalized Gift For Dog Dad |  Red Flower Pattern Men Polo Shirt,1,0,visible,,,,,taxable,parent,1,,,,0,,,,,0,,,64.95,,,,,,,7.7608E+12,,,,,,39,Size,5XL,,1,,Number Of Pets,4,,1,,,,,,,
,variation,,Custom Polo Shirt With Dog Face | Personalized Gift For Dog Dad |  Red Flower Pattern Men Polo Shirt,1,0,visible,,,,,taxable,parent,1,,,,0,,,,,0,,,69.95,,,,,,,7.7608E+12,,,,,,40,Size,5XL,,1,,Number Of Pets,5,,1,,,,,,,
,variation,,Custom Polo Shirt With Dog Face | Personalized Gift For Dog Dad |  Red Flower Pattern Men Polo Shirt,1,0,visible,,,,,taxable,parent,1,,,,0,,,,,0,,,49.95,,,,,,,7.7608E+12,,,,,,41,Size,6XL,,1,,Number Of Pets,1,,1,,,,,,,
,variation,,Custom Polo Shirt With Dog Face | Personalized Gift For Dog Dad |  Red Flower Pattern Men Polo Shirt,1,0,visible,,,,,taxable,parent,1,,,,0,,,,,0,,,54.95,,,,,,,7.7608E+12,,,,,,42,Size,6XL,,1,,Number Of Pets,2,,1,,,,,,,
,variation,,Custom Polo Shirt With Dog Face | Personalized Gift For Dog Dad |  Red Flower Pattern Men Polo Shirt,1,0,visible,,,,,taxable,parent,1,,,,0,,,,,0,,,59.95,,,,,,,7.7608E+12,,,,,,43,Size,6XL,,1,,Number Of Pets,3,,1,,,,,,,
,variation,,Custom Polo Shirt With Dog Face | Personalized Gift For Dog Dad |  Red Flower Pattern Men Polo Shirt,1,0,visible,,,,,taxable,parent,1,,,,0,,,,,0,,,64.95,,,,,,,7.7608E+12,,,,,,44,Size,6XL,,1,,Number Of Pets,4,,1,,,,,,,
,variation,,Custom Polo Shirt With Dog Face | Personalized Gift For Dog Dad |  Red Flower Pattern Men Polo Shirt,1,0,visible,,,,,taxable,parent,1,,,,0,,,,,0,,,69.95,,,,,,,7.7608E+12,,,,,,45,Size,6XL,,1,,Number Of Pets,5,,1,,,,,,,
,variable,,"Best Dad By Par - Personalized Polo Shirt with Face, Customized Polo for Golfer, Great Gift for Dad, Father, Golf Gift for Men, Golf Shirt",1,0,visible,,"<p><strong>PRODUCT DETAILS</strong></p><ul>
<li>Each all over printed shirt is constructed from a premium polyester blend that is ultra-soft and incredibly comfortable.</li>
<li>Features a specialty high definition heat-dye application that ensures long-lasting color vibrancy even after machine washing.</li>
<li>Polar Bear Fleece Fabric is durable and resistant to wrinkles, shrinking and mildew.</li>
<li>Each all over printed shirt is custom printed, cut and sewn just for you when you place your order – there may be small differences in the design on the seams and/or arms due to the custom nature of the production process!</li>
</ul>",,,taxable,,1,,,0,0,,,,,1,,,,Polo Shirt,,,"https://cdn.shopify.com/s/files/1/0583/8713/6670/files/5c34e57e-165e-11ef-b3a8-f23c92e70296__Mockup_1.jpg?v=1716178063,https://cdn.shopify.com/s/files/1/0583/8713/6670/files/il_794xN.5964248212_aluh.jpg?v=1716278704,https://cdn.shopify.com/s/files/1/0583/8713/6670/files/5c348111-165e-11ef-b3a8-f23c92e70296__Mockup_2.jpg?v=1716278704,https://cdn.shopify.com/s/files/1/0583/8713/6670/files/5c345111-165e-11ef-b3a8-f23c92e70296__Mockup_3.jpg?v=1716278704,https://cdn.shopify.com/s/files/1/0583/8713/6670/files/5c34bbb6-165e-11ef-b3a8-f23c92e70296__Mockup_4.jpg?v=1716278704",,,,,,,,,0,Size,"S,M,L,XL,2XL,3XL,4XL,5XL",0,1,S,,,,,,,,,,,
,variation,,"Best Dad By Par - Personalized Polo Shirt with Face, Customized Polo for Golfer, Great Gift for Dad, Father, Golf Gift for Men, Golf Shirt",1,0,visible,,,,,taxable,parent,1,,,,0,,,,,0,,,39.99,,,,https://cdn.shopify.com/s/files/1/0583/8713/6670/files/5c34e57e-165e-11ef-b3a8-f23c92e70296__Mockup_1.jpg?v=1716178063,,,7.89395E+12,,,,,,1,Size,S,,1,,,,,,,,,,,,
,variation,,"Best Dad By Par - Personalized Polo Shirt with Face, Customized Polo for Golfer, Great Gift for Dad, Father, Golf Gift for Men, Golf Shirt",1,0,visible,,,,,taxable,parent,1,,,,0,,,,,0,,,40.99,,,,https://cdn.shopify.com/s/files/1/0583/8713/6670/files/5c34e57e-165e-11ef-b3a8-f23c92e70296__Mockup_1.jpg?v=1716178063,,,7.89395E+12,,,,,,2,Size,M,,1,,,,,,,,,,,,
,variation,,"Best Dad By Par - Personalized Polo Shirt with Face, Customized Polo for Golfer, Great Gift for Dad, Father, Golf Gift for Men, Golf Shirt",1,0,visible,,,,,taxable,parent,1,,,,0,,,,,0,,,41.99,,,,https://cdn.shopify.com/s/files/1/0583/8713/6670/files/5c34e57e-165e-11ef-b3a8-f23c92e70296__Mockup_1.jpg?v=1716178063,,,7.89395E+12,,,,,,3,Size,L,,1,,,,,,,,,,,,
,variation,,"Best Dad By Par - Personalized Polo Shirt with Face, Customized Polo for Golfer, Great Gift for Dad, Father, Golf Gift for Men, Golf Shirt",1,0,visible,,,,,taxable,parent,1,,,,0,,,,,0,,,42.99,,,,https://cdn.shopify.com/s/files/1/0583/8713/6670/files/5c34e57e-165e-11ef-b3a8-f23c92e70296__Mockup_1.jpg?v=1716178063,,,7.89395E+12,,,,,,4,Size,XL,,1,,,,,,,,,,,,
,variation,,"Best Dad By Par - Personalized Polo Shirt with Face, Customized Polo for Golfer, Great Gift for Dad, Father, Golf Gift for Men, Golf Shirt",1,0,visible,,,,,taxable,parent,1,,,,0,,,,,0,,,43.99,,,,https://cdn.shopify.com/s/files/1/0583/8713/6670/files/5c34e57e-165e-11ef-b3a8-f23c92e70296__Mockup_1.jpg?v=1716178063,,,7.89395E+12,,,,,,5,Size,2XL,,1,,,,,,,,,,,,
,variation,,"Best Dad By Par - Personalized Polo Shirt with Face, Customized Polo for Golfer, Great Gift for Dad, Father, Golf Gift for Men, Golf Shirt",1,0,visible,,,,,taxable,parent,1,,,,0,,,,,0,,,44.99,,,,https://cdn.shopify.com/s/files/1/0583/8713/6670/files/5c34e57e-165e-11ef-b3a8-f23c92e70296__Mockup_1.jpg?v=1716178063,,,7.89395E+12,,,,,,6,Size,3XL,,1,,,,,,,,,,,,
,variation,,"Best Dad By Par - Personalized Polo Shirt with Face, Customized Polo for Golfer, Great Gift for Dad, Father, Golf Gift for Men, Golf Shirt",1,0,visible,,,,,taxable,parent,1,,,,0,,,,,0,,,45.99,,,,https://cdn.shopify.com/s/files/1/0583/8713/6670/files/5c34e57e-165e-11ef-b3a8-f23c92e70296__Mockup_1.jpg?v=1716178063,,,7.89395E+12,,,,,,7,Size,4XL,,1,,,,,,,,,,,,
,variation,,"Best Dad By Par - Personalized Polo Shirt with Face, Customized Polo for Golfer, Great Gift for Dad, Father, Golf Gift for Men, Golf Shirt",1,0,visible,,,,,taxable,parent,1,,,,0,,,,,0,,,46.99,,,,https://cdn.shopify.com/s/files/1/0583/8713/6670/files/5c34e57e-165e-11ef-b3a8-f23c92e70296__Mockup_1.jpg?v=1716178063,,,7.89395E+12,,,,,,8,Size,5XL,,1,,,,,,,,,,,,
,variable,,Customized Golf Father Polo Shirt featuring Personalized Face,1,0,visible,,"<p>Elevate your golf attire with our personalized Golf Father Polo Shirt, featuring a custom face design. Stand out on the green with this unique garment tailored to your style.</p>
<p><strong>PRODUCT DETAILS</strong></p>
<ul>
<li>Each all over printed shirt is constructed from a premium polyester blend that is ultra-soft and incredibly comfortable.</li>
<li>Features a specialty high definition heat-dye application that ensures long-lasting color vibrancy even after machine washing.</li>
<li>Polar Bear Fleece Fabric is durable and resistant to wrinkles, shrinking and mildew.</li>
<li>Each all over printed shirt is custom printed, cut and sewn just for you when you place your order – there may be small differences in the design on the seams and/or arms due to the custom nature of the production process!</li>
</ul>",,,taxable,,1,,,0,0,,,,,1,,,,Polo Shirt,,,"https://cdn.shopify.com/s/files/1/0583/8713/6670/files/173013f2-1bdd-11ef-9ed8-f23c92e70296__Mockup_1.jpg?v=1716782271,https://cdn.shopify.com/s/files/1/0583/8713/6670/files/173013ea-1bdd-11ef-9ed8-f23c92e70296__Mockup_2.jpg?v=1716782271,https://cdn.shopify.com/s/files/1/0583/8713/6670/files/1730aa9d-1bdd-11ef-9ed8-f23c92e70296__Mockup_3.jpg?v=1716782271,https://cdn.shopify.com/s/files/1/0583/8713/6670/files/1730dcd7-1bdd-11ef-9ed8-f23c92e70296__Mockup_4.jpg?v=1716782271",,,,,,,,,0,Size,"S,M,L,XL,2XL,3XL,4XL,5XL",0,1,S,,,,,,,,,,,
,variation,,Customized Golf Father Polo Shirt featuring Personalized Face,1,0,visible,,,,,taxable,parent,1,,,,0,,,,,0,,,39.99,,,,https://cdn.shopify.com/s/files/1/0583/8713/6670/files/173013f2-1bdd-11ef-9ed8-f23c92e70296__Mockup_1.jpg?v=1716782271,,,7.91277E+12,,,,,,1,Size,S,,1,,,,,,,,,,,,
,variation,,Customized Golf Father Polo Shirt featuring Personalized Face,1,0,visible,,,,,taxable,parent,1,,,,0,,,,,0,,,40.99,,,,https://cdn.shopify.com/s/files/1/0583/8713/6670/files/173013f2-1bdd-11ef-9ed8-f23c92e70296__Mockup_1.jpg?v=1716782271,,,7.91277E+12,,,,,,2,Size,M,,1,,,,,,,,,,,,
,variation,,Customized Golf Father Polo Shirt featuring Personalized Face,1,0,visible,,,,,taxable,parent,1,,,,0,,,,,0,,,41.99,,,,https://cdn.shopify.com/s/files/1/0583/8713/6670/files/173013f2-1bdd-11ef-9ed8-f23c92e70296__Mockup_1.jpg?v=1716782271,,,7.91277E+12,,,,,,3,Size,L,,1,,,,,,,,,,,,
,variation,,Customized Golf Father Polo Shirt featuring Personalized Face,1,0,visible,,,,,taxable,parent,1,,,,0,,,,,0,,,42.99,,,,https://cdn.shopify.com/s/files/1/0583/8713/6670/files/173013f2-1bdd-11ef-9ed8-f23c92e70296__Mockup_1.jpg?v=1716782271,,,7.91277E+12,,,,,,4,Size,XL,,1,,,,,,,,,,,,
,variation,,Customized Golf Father Polo Shirt featuring Personalized Face,1,0,visible,,,,,taxable,parent,1,,,,0,,,,,0,,,43.99,,,,https://cdn.shopify.com/s/files/1/0583/8713/6670/files/173013f2-1bdd-11ef-9ed8-f23c92e70296__Mockup_1.jpg?v=1716782271,,,7.91277E+12,,,,,,5,Size,2XL,,1,,,,,,,,,,,,
,variation,,Customized Golf Father Polo Shirt featuring Personalized Face,1,0,visible,,,,,taxable,parent,1,,,,0,,,,,0,,,44.99,,,,https://cdn.shopify.com/s/files/1/0583/8713/6670/files/173013f2-1bdd-11ef-9ed8-f23c92e70296__Mockup_1.jpg?v=1716782271,,,7.91277E+12,,,,,,6,Size,3XL,,1,,,,,,,,,,,,
,variation,,Customized Golf Father Polo Shirt featuring Personalized Face,1,0,visible,,,,,taxable,parent,1,,,,0,,,,,0,,,45.99,,,,https://cdn.shopify.com/s/files/1/0583/8713/6670/files/173013f2-1bdd-11ef-9ed8-f23c92e70296__Mockup_1.jpg?v=1716782271,,,7.91277E+12,,,,,,7,Size,4XL,,1,,,,,,,,,,,,
,variation,,Customized Golf Father Polo Shirt featuring Personalized Face,1,0,visible,,,,,taxable,parent,1,,,,0,,,,,0,,,46.99,,,,https://cdn.shopify.com/s/files/1/0583/8713/6670/files/173013f2-1bdd-11ef-9ed8-f23c92e70296__Mockup_1.jpg?v=1716782271,,,7.91277E+12,,,,,,8,Size,5XL,,1,,,,,,,,,,,,
,variable,,"Personalized Golf Polo Shirt Gift for Dad, Father",1,0,visible,,"<p><strong>PRODUCT DETAILS</strong></p><ul>
<li>Each all over printed shirt is constructed from a premium polyester blend that is ultra-soft and incredibly comfortable.</li>
<li>Features a specialty high definition heat-dye application that ensures long-lasting color vibrancy even after machine washing.</li>
<li>Polar Bear Fleece Fabric is durable and resistant to wrinkles, shrinking and mildew.</li>
<li>Each all over printed shirt is custom printed, cut and sewn just for you when you place your order – there may be small differences in the design on the seams and/or arms due to the custom nature of the production process!</li>
</ul>",,,taxable,,1,,,0,0,,,,,1,,,,Polo Shirt,,,"https://cdn.shopify.com/s/files/1/0583/8713/6670/files/1398800a-1e69-11ef-9ed8-f23c92e70296__ads.jpg?v=1717062245,https://cdn.shopify.com/s/files/1/0583/8713/6670/files/13986c74-1e69-11ef-9ed8-f23c92e70296__Mockup_2.jpg?v=1717062245,https://cdn.shopify.com/s/files/1/0583/8713/6670/files/1397dbdd-1e69-11ef-9ed8-f23c92e70296__Mockup_1.jpg?v=1717062245,https://cdn.shopify.com/s/files/1/0583/8713/6670/files/13985070-1e69-11ef-9ed8-f23c92e70296__Mockup_4.jpg?v=1717062245,https://cdn.shopify.com/s/files/1/0583/8713/6670/files/1399841f-1e69-11ef-9ed8-f23c92e70296__Mockup_3.jpg?v=1717062245",,,,,,,,,0,Size,"S,M,L,XL,2XL,3XL,4XL,5XL",0,1,S,,,,,,,,,,,
,variation,,"Personalized Golf Polo Shirt Gift for Dad, Father",1,0,visible,,,,,taxable,parent,1,,,,0,,,,,0,,,39.99,,,,,,,7.92188E+12,,,,,,1,Size,S,,1,,,,,,,,,,,,
,variation,,"Personalized Golf Polo Shirt Gift for Dad, Father",1,0,visible,,,,,taxable,parent,1,,,,0,,,,,0,,,40.99,,,,,,,7.92188E+12,,,,,,2,Size,M,,1,,,,,,,,,,,,
,variation,,"Personalized Golf Polo Shirt Gift for Dad, Father",1,0,visible,,,,,taxable,parent,1,,,,0,,,,,0,,,41.99,,,,,,,7.92188E+12,,,,,,3,Size,L,,1,,,,,,,,,,,,
,variation,,"Personalized Golf Polo Shirt Gift for Dad, Father",1,0,visible,,,,,taxable,parent,1,,,,0,,,,,0,,,42.99,,,,,,,7.92188E+12,,,,,,4,Size,XL,,1,,,,,,,,,,,,
,variation,,"Personalized Golf Polo Shirt Gift for Dad, Father",1,0,visible,,,,,taxable,parent,1,,,,0,,,,,0,,,43.99,,,,,,,7.92188E+12,,,,,,5,Size,2XL,,1,,,,,,,,,,,,
,variation,,"Personalized Golf Polo Shirt Gift for Dad, Father",1,0,visible,,,,,taxable,parent,1,,,,0,,,,,0,,,44.99,,,,,,,7.92188E+12,,,,,,6,Size,3XL,,1,,,,,,,,,,,,
,variation,,"Personalized Golf Polo Shirt Gift for Dad, Father",1,0,visible,,,,,taxable,parent,1,,,,0,,,,,0,,,45.99,,,,,,,7.92188E+12,,,,,,7,Size,4XL,,1,,,,,,,,,,,,
,variation,,"Personalized Golf Polo Shirt Gift for Dad, Father",1,0,visible,,,,,taxable,parent,1,,,,0,,,,,0,,,46.99,,,,,,,7.92188E+12,,,,,,8,Size,5XL,,1,,,,,,,,,,,,
,variable,,This Is How I Roll - Custom Photo Classic Car Polo Shirt A2110,1,0,visible,,"<p><strong>PRODUCT DETAILS</strong></p><ul>
<li>Each all over printed shirt is constructed from a premium polyester blend that is ultra-soft and incredibly comfortable.</li>
<li>Features a specialty high definition heat-dye application that ensures long-lasting color vibrancy even after machine washing.</li>
<li>Polar Bear Fleece Fabric is durable and resistant to wrinkles, shrinking and mildew.</li>
<li>Each all over printed shirt is custom printed, cut and sewn just for you when you place your order – there may be small differences in the design on the seams and/or arms due to the custom nature of the production process!</li>
</ul>",,,taxable,,1,,,0,0,,,,,1,,,,Polo Shirt,,,"https://cdn.shopify.com/s/files/1/0583/8713/6670/files/e107faee-5c7f-11f0-b354-f23c92e70296__ads.jpg?v=1752229370,https://cdn.shopify.com/s/files/1/0583/8713/6670/files/e0ca4cc8-5c7f-11f0-b354-f23c92e70296__1.jpg?v=1752229370,https://cdn.shopify.com/s/files/1/0583/8713/6670/files/e0c2ae30-5c7f-11f0-b354-f23c92e70296__2.jpg?v=1752229371,https://cdn.shopify.com/s/files/1/0583/8713/6670/files/e0c1f215-5c7f-11f0-b354-f23c92e70296__Size_chart.jpg?v=1752229371",,,,,,,,,0,Size,"S,M,L,XL,2XL,3XL,4XL,5XL",0,1,S,,,,,,,,,,,
,variation,,This Is How I Roll - Custom Photo Classic Car Polo Shirt A2110,1,0,visible,,,,,taxable,parent,1,,,,0,,,,,0,,,36.99,,,,https://cdn.shopify.com/s/files/1/0583/8713/6670/files/e107faee-5c7f-11f0-b354-f23c92e70296__ads.jpg?v=1752229370,,,1.48471E+13,,,,,,1,Size,S,,1,,,,,,,,,,,,
,variation,,This Is How I Roll - Custom Photo Classic Car Polo Shirt A2110,1,0,visible,,,,,taxable,parent,1,,,,0,,,,,0,,,37.99,,,,https://cdn.shopify.com/s/files/1/0583/8713/6670/files/e107faee-5c7f-11f0-b354-f23c92e70296__ads.jpg?v=1752229370,,,1.48471E+13,,,,,,2,Size,M,,1,,,,,,,,,,,,
,variation,,This Is How I Roll - Custom Photo Classic Car Polo Shirt A2110,1,0,visible,,,,,taxable,parent,1,,,,0,,,,,0,,,38.99,,,,https://cdn.shopify.com/s/files/1/0583/8713/6670/files/e107faee-5c7f-11f0-b354-f23c92e70296__ads.jpg?v=1752229370,,,1.48471E+13,,,,,,3,Size,L,,1,,,,,,,,,,,,
,variation,,This Is How I Roll - Custom Photo Classic Car Polo Shirt A2110,1,0,visible,,,,,taxable,parent,1,,,,0,,,,,0,,,39.99,,,,https://cdn.shopify.com/s/files/1/0583/8713/6670/files/e107faee-5c7f-11f0-b354-f23c92e70296__ads.jpg?v=1752229370,,,1.48471E+13,,,,,,4,Size,XL,,1,,,,,,,,,,,,
,variation,,This Is How I Roll - Custom Photo Classic Car Polo Shirt A2110,1,0,visible,,,,,taxable,parent,1,,,,0,,,,,0,,,40.99,,,,https://cdn.shopify.com/s/files/1/0583/8713/6670/files/e107faee-5c7f-11f0-b354-f23c92e70296__ads.jpg?v=1752229370,,,1.48471E+13,,,,,,5,Size,2XL,,1,,,,,,,,,,,,
,variation,,This Is How I Roll - Custom Photo Classic Car Polo Shirt A2110,1,0,visible,,,,,taxable,parent,1,,,,0,,,,,0,,,41.99,,,,https://cdn.shopify.com/s/files/1/0583/8713/6670/files/e107faee-5c7f-11f0-b354-f23c92e70296__ads.jpg?v=1752229370,,,1.48471E+13,,,,,,6,Size,3XL,,1,,,,,,,,,,,,
,variation,,This Is How I Roll - Custom Photo Classic Car Polo Shirt A2110,1,0,visible,,,,,taxable,parent,1,,,,0,,,,,0,,,42.99,,,,https://cdn.shopify.com/s/files/1/0583/8713/6670/files/e107faee-5c7f-11f0-b354-f23c92e70296__ads.jpg?v=1752229370,,,1.48471E+13,,,,,,7,Size,4XL,,1,,,,,,,,,,,,
,variation,,This Is How I Roll - Custom Photo Classic Car Polo Shirt A2110,1,0,visible,,,,,taxable,parent,1,,,,0,,,,,0,,,43.99,,,,https://cdn.shopify.com/s/files/1/0583/8713/6670/files/e107faee-5c7f-11f0-b354-f23c92e70296__ads.jpg?v=1752229370,,,1.48471E+13,,,,,,8,Size,5XL,,1,,,,,,,,,,,,
,variable,,Mens Bigfoot Independence Day Polo Shirt,1,0,visible,,"<p><strong>PRODUCT DETAILS</strong></p><ul>
<li>Each all over printed shirt is constructed from a premium polyester blend that is ultra-soft and incredibly comfortable.</li>
<li>Features a specialty high definition heat-dye application that ensures long-lasting color vibrancy even after machine washing.</li>
<li>Polar Bear Fleece Fabric is durable and resistant to wrinkles, shrinking and mildew.</li>
<li>Each all over printed shirt is custom printed, cut and sewn just for you when you place your order – there may be small differences in the design on the seams and/or arms due to the custom nature of the production process!</li>
</ul>",,,taxable,,1,,,0,0,,,,,1,,,,Polo Shirt,,,"https://cdn.shopify.com/s/files/1/0583/8713/6670/files/5598f8a1-28a6-11ef-9ed8-f23c92e70296__mk_ads.jpg?v=1718188113,https://cdn.shopify.com/s/files/1/0583/8713/6670/files/5599de86-28a6-11ef-9ed8-f23c92e70296__Mockup_2.jpg?v=1718188113,https://cdn.shopify.com/s/files/1/0583/8713/6670/files/559aa28f-28a6-11ef-9ed8-f23c92e70296__Mockup_1.jpg?v=1718188113,https://cdn.shopify.com/s/files/1/0583/8713/6670/files/55996471-28a6-11ef-9ed8-f23c92e70296__Mockup_4.jpg?v=1718188113,https://cdn.shopify.com/s/files/1/0583/8713/6670/files/5598f59e-28a6-11ef-9ed8-f23c92e70296__Mockup_3.jpg?v=1718188113",,,,,,,,,0,Size,"S,M,L,XL,2XL,3XL,4XL,5XL",0,1,S,,,,,,,,,,,
,variation,,Mens Bigfoot Independence Day Polo Shirt,1,0,visible,,,,,taxable,parent,1,,,,0,,,,,0,,,39.99,,,,https://cdn.shopify.com/s/files/1/0583/8713/6670/files/5598f8a1-28a6-11ef-9ed8-f23c92e70296__mk_ads.jpg?v=1718188113,,,7.94784E+12,,,,,,1,Size,S,,1,,,,,,,,,,,,
,variation,,Mens Bigfoot Independence Day Polo Shirt,1,0,visible,,,,,taxable,parent,1,,,,0,,,,,0,,,40.99,,,,https://cdn.shopify.com/s/files/1/0583/8713/6670/files/5598f8a1-28a6-11ef-9ed8-f23c92e70296__mk_ads.jpg?v=1718188113,,,7.94784E+12,,,,,,2,Size,M,,1,,,,,,,,,,,,
,variation,,Mens Bigfoot Independence Day Polo Shirt,1,0,visible,,,,,taxable,parent,1,,,,0,,,,,0,,,41.99,,,,https://cdn.shopify.com/s/files/1/0583/8713/6670/files/5598f8a1-28a6-11ef-9ed8-f23c92e70296__mk_ads.jpg?v=1718188113,,,7.94784E+12,,,,,,3,Size,L,,1,,,,,,,,,,,,
,variation,,Mens Bigfoot Independence Day Polo Shirt,1,0,visible,,,,,taxable,parent,1,,,,0,,,,,0,,,42.99,,,,https://cdn.shopify.com/s/files/1/0583/8713/6670/files/5598f8a1-28a6-11ef-9ed8-f23c92e70296__mk_ads.jpg?v=1718188113,,,7.94784E+12,,,,,,4,Size,XL,,1,,,,,,,,,,,,
,variation,,Mens Bigfoot Independence Day Polo Shirt,1,0,visible,,,,,taxable,parent,1,,,,0,,,,,0,,,43.99,,,,https://cdn.shopify.com/s/files/1/0583/8713/6670/files/5598f8a1-28a6-11ef-9ed8-f23c92e70296__mk_ads.jpg?v=1718188113,,,7.94784E+12,,,,,,5,Size,2XL,,1,,,,,,,,,,,,
,variation,,Mens Bigfoot Independence Day Polo Shirt,1,0,visible,,,,,taxable,parent,1,,,,0,,,,,0,,,44.99,,,,https://cdn.shopify.com/s/files/1/0583/8713/6670/files/5598f8a1-28a6-11ef-9ed8-f23c92e70296__mk_ads.jpg?v=1718188113,,,7.94784E+12,,,,,,6,Size,3XL,,1,,,,,,,,,,,,
,variation,,Mens Bigfoot Independence Day Polo Shirt,1,0,visible,,,,,taxable,parent,1,,,,0,,,,,0,,,45.99,,,,https://cdn.shopify.com/s/files/1/0583/8713/6670/files/5598f8a1-28a6-11ef-9ed8-f23c92e70296__mk_ads.jpg?v=1718188113,,,7.94784E+12,,,,,,7,Size,4XL,,1,,,,,,,,,,,,
,variation,,Mens Bigfoot Independence Day Polo Shirt,1,0,visible,,,,,taxable,parent,1,,,,0,,,,,0,,,46.99,,,,https://cdn.shopify.com/s/files/1/0583/8713/6670/files/5598f8a1-28a6-11ef-9ed8-f23c92e70296__mk_ads.jpg?v=1718188113,,,7.94784E+12,,,,,,8,Size,5XL,,1,,,,,,,,,,,,
,variable,,"Personalized 4th Of July Polo Shirt with Faces, Custom Polo Shirt with Face",1,0,visible,,"<p><strong>PRODUCT DETAILS</strong></p><ul>
<li>Each all over printed shirt is constructed from a premium polyester blend that is ultra-soft and incredibly comfortable.</li>
<li>Features a specialty high definition heat-dye application that ensures long-lasting color vibrancy even after machine washing.</li>
<li>Polar Bear Fleece Fabric is durable and resistant to wrinkles, shrinking and mildew.</li>
<li>Each all over printed shirt is custom printed, cut and sewn just for you when you place your order – there may be small differences in the design on the seams and/or arms due to the custom nature of the production process!</li>
</ul>",,,taxable,,1,,,0,0,,,,,1,,,,Polo Shirt,,,"https://cdn.shopify.com/s/files/1/0583/8713/6670/files/801e4b6a-2e13-11ef-be56-f23c92e70296__pattern_1_c5d9ae40-a989-4a0a-817e-ac1c2409ac06.jpg?v=1718784802,https://cdn.shopify.com/s/files/1/0583/8713/6670/files/80211764-2e13-11ef-be56-f23c92e70296__pattern_2_242f170f-2304-46a2-9e5b-c3e5b21b690d.jpg?v=1718784802,https://cdn.shopify.com/s/files/1/0583/8713/6670/files/8020f6f0-2e13-11ef-be56-f23c92e70296__pattern_5_5df729aa-a4a6-4238-8dbd-8dfd1399521d.jpg?v=1718784802,https://cdn.shopify.com/s/files/1/0583/8713/6670/files/802111af-2e13-11ef-be56-f23c92e70296__pattern_4_167f45f7-0e31-4a98-bd3f-4afa16941059.jpg?v=1718784802,https://cdn.shopify.com/s/files/1/0583/8713/6670/files/801e26ba-2e13-11ef-be56-f23c92e70296__pattern_6_2ded2168-3beb-4cda-b2b2-d41be7a75de6.jpg?v=1718784802,https://cdn.shopify.com/s/files/1/0583/8713/6670/files/8021537c-2e13-11ef-be56-f23c92e70296__pattern_8_e29bdab2-1745-4c69-8969-8a3ac51ad1c1.jpg?v=1718784802,https://cdn.shopify.com/s/files/1/0583/8713/6670/files/80213f89-2e13-11ef-be56-f23c92e70296__pattern_9_84158382-1cf3-4a8f-a730-d79688e55ec5.jpg?v=1718784802,https://cdn.shopify.com/s/files/1/0583/8713/6670/files/801d9328-2e13-11ef-be56-f23c92e70296__pattern_7_dc04dcdc-8f7b-4353-ac2a-d3298d5b2198.jpg?v=1718784802,https://cdn.shopify.com/s/files/1/0583/8713/6670/files/8062810f-2e13-11ef-be56-f23c92e70296__pattern_10_f6b1f763-1965-4e8c-910a-c0901455640c.jpg?v=1718784802,https://cdn.shopify.com/s/files/1/0583/8713/6670/files/806339fd-2e13-11ef-be56-f23c92e70296__pattern_3.jpg?v=1718784802",,,,,,,,,0,Size,"S,M,L,XL,2XL,3XL,4XL,5XL",0,1,S,,,,,,,,,,,
,variation,,"Personalized 4th Of July Polo Shirt with Faces, Custom Polo Shirt with Face",1,0,visible,,,,,taxable,parent,1,,,,0,,,,,0,,,36.99,,,,https://cdn.shopify.com/s/files/1/0583/8713/6670/files/801e4b6a-2e13-11ef-be56-f23c92e70296__pattern_1_c5d9ae40-a989-4a0a-817e-ac1c2409ac06.jpg?v=1718784802,,,7.95693E+12,,,,,,1,Size,S,,1,,,,,,,,,,,,
,variation,,"Personalized 4th Of July Polo Shirt with Faces, Custom Polo Shirt with Face",1,0,visible,,,,,taxable,parent,1,,,,0,,,,,0,,,37.99,,,,https://cdn.shopify.com/s/files/1/0583/8713/6670/files/801e4b6a-2e13-11ef-be56-f23c92e70296__pattern_1_c5d9ae40-a989-4a0a-817e-ac1c2409ac06.jpg?v=1718784802,,,7.95693E+12,,,,,,2,Size,M,,1,,,,,,,,,,,,
,variation,,"Personalized 4th Of July Polo Shirt with Faces, Custom Polo Shirt with Face",1,0,visible,,,,,taxable,parent,1,,,,0,,,,,0,,,38.99,,,,https://cdn.shopify.com/s/files/1/0583/8713/6670/files/801e4b6a-2e13-11ef-be56-f23c92e70296__pattern_1_c5d9ae40-a989-4a0a-817e-ac1c2409ac06.jpg?v=1718784802,,,7.95693E+12,,,,,,3,Size,L,,1,,,,,,,,,,,,
,variation,,"Personalized 4th Of July Polo Shirt with Faces, Custom Polo Shirt with Face",1,0,visible,,,,,taxable,parent,1,,,,0,,,,,0,,,39.99,,,,https://cdn.shopify.com/s/files/1/0583/8713/6670/files/801e4b6a-2e13-11ef-be56-f23c92e70296__pattern_1_c5d9ae40-a989-4a0a-817e-ac1c2409ac06.jpg?v=1718784802,,,7.95693E+12,,,,,,4,Size,XL,,1,,,,,,,,,,,,
,variation,,"Personalized 4th Of July Polo Shirt with Faces, Custom Polo Shirt with Face",1,0,visible,,,,,taxable,parent,1,,,,0,,,,,0,,,40.99,,,,https://cdn.shopify.com/s/files/1/0583/8713/6670/files/801e4b6a-2e13-11ef-be56-f23c92e70296__pattern_1_c5d9ae40-a989-4a0a-817e-ac1c2409ac06.jpg?v=1718784802,,,7.95693E+12,,,,,,5,Size,2XL,,1,,,,,,,,,,,,
,variation,,"Personalized 4th Of July Polo Shirt with Faces, Custom Polo Shirt with Face",1,0,visible,,,,,taxable,parent,1,,,,0,,,,,0,,,41.99,,,,https://cdn.shopify.com/s/files/1/0583/8713/6670/files/801e4b6a-2e13-11ef-be56-f23c92e70296__pattern_1_c5d9ae40-a989-4a0a-817e-ac1c2409ac06.jpg?v=1718784802,,,7.95693E+12,,,,,,6,Size,3XL,,1,,,,,,,,,,,,
,variation,,"Personalized 4th Of July Polo Shirt with Faces, Custom Polo Shirt with Face",1,0,visible,,,,,taxable,parent,1,,,,0,,,,,0,,,42.99,,,,https://cdn.shopify.com/s/files/1/0583/8713/6670/files/801e4b6a-2e13-11ef-be56-f23c92e70296__pattern_1_c5d9ae40-a989-4a0a-817e-ac1c2409ac06.jpg?v=1718784802,,,7.95693E+12,,,,,,7,Size,4XL,,1,,,,,,,,,,,,
,variation,,"Personalized 4th Of July Polo Shirt with Faces, Custom Polo Shirt with Face",1,0,visible,,,,,taxable,parent,1,,,,0,,,,,0,,,43.99,,,,https://cdn.shopify.com/s/files/1/0583/8713/6670/files/801e4b6a-2e13-11ef-be56-f23c92e70296__pattern_1_c5d9ae40-a989-4a0a-817e-ac1c2409ac06.jpg?v=1718784802,,,7.95693E+12,,,,,,8,Size,5XL,,1,,,,,,,,,,,,
,variable,,Sons Of Arthritis Ibuprofen Chapter - Palm Tree Men's Resort 3D All Over Print Polo Shirt Man Hawaiian Vacation Beach Pique Shirt,1,0,visible,,"<ul>
<li>
<strong>Best material:</strong> Our Hawaiian shirt is made of Four-way stretch (95% polyester and 5% spandex). Long-lasting and durability. We use high-quality machines and mature technology, and the exquisite print content will never fall off.</li>
<li>
<strong>Perfect Design:</strong> Featuring a spread collar, printed tropical pattern all over the shirt, a front button fastening, short sleeves and a relaxed shape. The design is printed with new age printing technology, direct to garment. It is printed with a water – soluble and eco – friendly ink. It is cured with a heat treatment process to ensure the color-fastness and lasting durability of the design</li>
<li>
<strong>Gift of Love:</strong> A perfect idea if you are finding a birthday gift, a housewarming gift, a festival gift, Father’s Day, Valentine’s Day Christmas gift for your family member, friend, coworker, roommates. A wonderful way to honor the memory of a special person or milestone.</li>
<li>
<strong>Garment Care</strong>: Machine wash or hand wash. Tumble dry on low heat. Avoid direct heat. Do not use bleach.</li>
</ul>",,,taxable,,1,,,0,0,,,,,1,,,,Polo Shirt,,,"https://cdn.shopify.com/s/files/1/0583/8713/6670/files/4a452c47-f9a4-11ef-9ba5-f23c92e70296__mk_ads_-_store_1.jpg?v=1748533634,https://cdn.shopify.com/s/files/1/0583/8713/6670/files/4a45937b-f9a4-11ef-9ba5-f23c92e70296__store_2.jpg?v=1748533634,https://cdn.shopify.com/s/files/1/0583/8713/6670/files/4a45b97d-f9a4-11ef-9ba5-f23c92e70296__store_3.jpg?v=1748533634,https://cdn.shopify.com/s/files/1/0583/8713/6670/files/4a45058e-f9a4-11ef-9ba5-f23c92e70296__store_4.jpg?v=1748533634",,,,,,,,,0,Size,"S,M,L,XL,2XL,3XL,4XL,5XL",0,1,S,,,,,,,,,,,
,variation,,Sons Of Arthritis Ibuprofen Chapter - Palm Tree Men's Resort 3D All Over Print Polo Shirt Man Hawaiian Vacation Beach Pique Shirt,1,0,visible,,,,,taxable,parent,1,,,,0,,,,,0,,,37.99,,,,https://cdn.shopify.com/s/files/1/0583/8713/6670/files/4a452c47-f9a4-11ef-9ba5-f23c92e70296__mk_ads_-_store_1.jpg?v=1748533634,,,1.46765E+13,,,,,,1,Size,S,,1,,,,,,,,,,,,
,variation,,Sons Of Arthritis Ibuprofen Chapter - Palm Tree Men's Resort 3D All Over Print Polo Shirt Man Hawaiian Vacation Beach Pique Shirt,1,0,visible,,,,,taxable,parent,1,,,,0,,,,,0,,,37.99,,,,https://cdn.shopify.com/s/files/1/0583/8713/6670/files/4a452c47-f9a4-11ef-9ba5-f23c92e70296__mk_ads_-_store_1.jpg?v=1748533634,,,1.46765E+13,,,,,,2,Size,M,,1,,,,,,,,,,,,
,variation,,Sons Of Arthritis Ibuprofen Chapter - Palm Tree Men's Resort 3D All Over Print Polo Shirt Man Hawaiian Vacation Beach Pique Shirt,1,0,visible,,,,,taxable,parent,1,,,,0,,,,,0,,,37.99,,,,https://cdn.shopify.com/s/files/1/0583/8713/6670/files/4a452c47-f9a4-11ef-9ba5-f23c92e70296__mk_ads_-_store_1.jpg?v=1748533634,,,1.46765E+13,,,,,,3,Size,L,,1,,,,,,,,,,,,
,variation,,Sons Of Arthritis Ibuprofen Chapter - Palm Tree Men's Resort 3D All Over Print Polo Shirt Man Hawaiian Vacation Beach Pique Shirt,1,0,visible,,,,,taxable,parent,1,,,,0,,,,,0,,,37.99,,,,https://cdn.shopify.com/s/files/1/0583/8713/6670/files/4a452c47-f9a4-11ef-9ba5-f23c92e70296__mk_ads_-_store_1.jpg?v=1748533634,,,1.46765E+13,,,,,,4,Size,XL,,1,,,,,,,,,,,,
,variation,,Sons Of Arthritis Ibuprofen Chapter - Palm Tree Men's Resort 3D All Over Print Polo Shirt Man Hawaiian Vacation Beach Pique Shirt,1,0,visible,,,,,taxable,parent,1,,,,0,,,,,0,,,39.99,,,,https://cdn.shopify.com/s/files/1/0583/8713/6670/files/4a452c47-f9a4-11ef-9ba5-f23c92e70296__mk_ads_-_store_1.jpg?v=1748533634,,,1.46765E+13,,,,,,5,Size,2XL,,1,,,,,,,,,,,,
,variation,,Sons Of Arthritis Ibuprofen Chapter - Palm Tree Men's Resort 3D All Over Print Polo Shirt Man Hawaiian Vacation Beach Pique Shirt,1,0,visible,,,,,taxable,parent,1,,,,0,,,,,0,,,40.99,,,,https://cdn.shopify.com/s/files/1/0583/8713/6670/files/4a452c47-f9a4-11ef-9ba5-f23c92e70296__mk_ads_-_store_1.jpg?v=1748533634,,,1.46765E+13,,,,,,6,Size,3XL,,1,,,,,,,,,,,,
,variation,,Sons Of Arthritis Ibuprofen Chapter - Palm Tree Men's Resort 3D All Over Print Polo Shirt Man Hawaiian Vacation Beach Pique Shirt,1,0,visible,,,,,taxable,parent,1,,,,0,,,,,0,,,41.99,,,,https://cdn.shopify.com/s/files/1/0583/8713/6670/files/4a452c47-f9a4-11ef-9ba5-f23c92e70296__mk_ads_-_store_1.jpg?v=1748533634,,,1.46765E+13,,,,,,7,Size,4XL,,1,,,,,,,,,,,,
,variation,,Sons Of Arthritis Ibuprofen Chapter - Palm Tree Men's Resort 3D All Over Print Polo Shirt Man Hawaiian Vacation Beach Pique Shirt,1,0,visible,,,,,taxable,parent,1,,,,0,,,,,0,,,42.99,,,,https://cdn.shopify.com/s/files/1/0583/8713/6670/files/4a452c47-f9a4-11ef-9ba5-f23c92e70296__mk_ads_-_store_1.jpg?v=1748533634,,,1.46765E+13,,,,,,8,Size,5XL,,1,,,,,,,,,,,,
,variable,,"Reel Cool Dad, Personalized Polo Shirt with Face, Fishing Shirt",1,0,visible,,"<p><strong>PRODUCT DETAILS</strong></p><ul>
<li>Each all over printed shirt is constructed from a premium polyester blend that is ultra-soft and incredibly comfortable.</li>
<li>Features a specialty high definition heat-dye application that ensures long-lasting color vibrancy even after machine washing.</li>
<li>Polar Bear Fleece Fabric is durable and resistant to wrinkles, shrinking and mildew.</li>
<li>Each all over printed shirt is custom printed, cut and sewn just for you when you place your order – there may be small differences in the design on the seams and/or arms due to the custom nature of the production process!</li>
</ul>",,,taxable,,1,,,0,0,,,,,1,,,,Polo Shirt,,,"https://cdn.shopify.com/s/files/1/0583/8713/6670/files/b9643c38-224a-11ef-9ed8-f23c92e70296__Mockup_1.jpg?v=1717489034,https://cdn.shopify.com/s/files/1/0583/8713/6670/files/b965b017-224a-11ef-9ed8-f23c92e70296__Mockup_2.jpg?v=1717489034,https://cdn.shopify.com/s/files/1/0583/8713/6670/files/b965ff1b-224a-11ef-9ed8-f23c92e70296__Mockup_3.jpg?v=1717489034,https://cdn.shopify.com/s/files/1/0583/8713/6670/files/b9661ba7-224a-11ef-9ed8-f23c92e70296__Mockup_4.jpg?v=1717489034",,,,,,,,,0,Size,"S,M,L,XL,2XL,3XL,4XL,5XL",0,1,S,,,,,,,,,,,
,variation,,"Reel Cool Dad, Personalized Polo Shirt with Face, Fishing Shirt",1,0,visible,,,,,taxable,parent,1,,,,0,,,,,0,,,36.99,,,,,,,7.9331E+12,,,,,,1,Size,S,,1,,,,,,,,,,,,
,variation,,"Reel Cool Dad, Personalized Polo Shirt with Face, Fishing Shirt",1,0,visible,,,,,taxable,parent,1,,,,0,,,,,0,,,37.99,,,,,,,7.9331E+12,,,,,,2,Size,M,,1,,,,,,,,,,,,
,variation,,"Reel Cool Dad, Personalized Polo Shirt with Face, Fishing Shirt",1,0,visible,,,,,taxable,parent,1,,,,0,,,,,0,,,38.99,,,,,,,7.9331E+12,,,,,,3,Size,L,,1,,,,,,,,,,,,
,variation,,"Reel Cool Dad, Personalized Polo Shirt with Face, Fishing Shirt",1,0,visible,,,,,taxable,parent,1,,,,0,,,,,0,,,39.99,,,,,,,7.9331E+12,,,,,,4,Size,XL,,1,,,,,,,,,,,,
,variation,,"Reel Cool Dad, Personalized Polo Shirt with Face, Fishing Shirt",1,0,visible,,,,,taxable,parent,1,,,,0,,,,,0,,,40.99,,,,,,,7.9331E+12,,,,,,5,Size,2XL,,1,,,,,,,,,,,,
,variation,,"Reel Cool Dad, Personalized Polo Shirt with Face, Fishing Shirt",1,0,visible,,,,,taxable,parent,1,,,,0,,,,,0,,,41.99,,,,,,,7.9331E+12,,,,,,6,Size,3XL,,1,,,,,,,,,,,,
,variation,,"Reel Cool Dad, Personalized Polo Shirt with Face, Fishing Shirt",1,0,visible,,,,,taxable,parent,1,,,,0,,,,,0,,,42.99,,,,,,,7.9331E+12,,,,,,7,Size,4XL,,1,,,,,,,,,,,,
,variation,,"Reel Cool Dad, Personalized Polo Shirt with Face, Fishing Shirt",1,0,visible,,,,,taxable,parent,1,,,,0,,,,,0,,,43.99,,,,,,,7.9331E+12,,,,,,8,Size,5XL,,1,,,,,,,,,,,,
,variable,,Personalized Best Buckin' Dad Ever Photo Polo Shirt,1,0,visible,,"<p><strong>PRODUCT DETAILS</strong></p><ul>
<li>Each all over printed shirt is constructed from a premium polyester blend that is ultra-soft and incredibly comfortable.</li>
<li>Features a specialty high definition heat-dye application that ensures long-lasting color vibrancy even after machine washing.</li>
<li>Polar Bear Fleece Fabric is durable and resistant to wrinkles, shrinking and mildew.</li>
<li>Each all over printed shirt is custom printed, cut and sewn just for you when you place your order – there may be small differences in the design on the seams and/or arms due to the custom nature of the production process!</li>
</ul>",,,taxable,,1,,,0,0,,,,,1,,,,Polo Shirt,,,"https://cdn.shopify.com/s/files/1/0583/8713/6670/files/351fa1f8-19aa-11ef-9ed8-f23c92e70296__Mockup_1.jpg?v=1716540461,https://cdn.shopify.com/s/files/1/0583/8713/6670/files/351fbbb0-19aa-11ef-9ed8-f23c92e70296__Mockup_2.jpg?v=1716540461,https://cdn.shopify.com/s/files/1/0583/8713/6670/files/3520cbf8-19aa-11ef-9ed8-f23c92e70296__Mockup_3.jpg?v=1716540461,https://cdn.shopify.com/s/files/1/0583/8713/6670/files/3520218b-19aa-11ef-9ed8-f23c92e70296__Mockup_4.jpg?v=1716540461",,,,,,,,,0,Size,"S,M,L,XL,2XL,3XL,4XL,5XL",0,1,S,,,,,,,,,,,
,variation,,Personalized Best Buckin' Dad Ever Photo Polo Shirt,1,0,visible,,,,,taxable,parent,1,,,,0,,,,,0,,,39.99,,,,,,,7.9095E+12,,,,,,1,Size,S,,1,,,,,,,,,,,,
,variation,,Personalized Best Buckin' Dad Ever Photo Polo Shirt,1,0,visible,,,,,taxable,parent,1,,,,0,,,,,0,,,40.99,,,,,,,7.9095E+12,,,,,,2,Size,M,,1,,,,,,,,,,,,
,variation,,Personalized Best Buckin' Dad Ever Photo Polo Shirt,1,0,visible,,,,,taxable,parent,1,,,,0,,,,,0,,,41.99,,,,,,,7.9095E+12,,,,,,3,Size,L,,1,,,,,,,,,,,,
,variation,,Personalized Best Buckin' Dad Ever Photo Polo Shirt,1,0,visible,,,,,taxable,parent,1,,,,0,,,,,0,,,42.99,,,,,,,7.9095E+12,,,,,,4,Size,XL,,1,,,,,,,,,,,,
,variation,,Personalized Best Buckin' Dad Ever Photo Polo Shirt,1,0,visible,,,,,taxable,parent,1,,,,0,,,,,0,,,43.99,,,,,,,7.9095E+12,,,,,,5,Size,2XL,,1,,,,,,,,,,,,
,variation,,Personalized Best Buckin' Dad Ever Photo Polo Shirt,1,0,visible,,,,,taxable,parent,1,,,,0,,,,,0,,,44.99,,,,,,,7.9095E+12,,,,,,6,Size,3XL,,1,,,,,,,,,,,,
,variation,,Personalized Best Buckin' Dad Ever Photo Polo Shirt,1,0,visible,,,,,taxable,parent,1,,,,0,,,,,0,,,45.99,,,,,,,7.9095E+12,,,,,,7,Size,4XL,,1,,,,,,,,,,,,
,variation,,Personalized Best Buckin' Dad Ever Photo Polo Shirt,1,0,visible,,,,,taxable,parent,1,,,,0,,,,,0,,,46.99,,,,,,,7.9095E+12,,,,,,8,Size,5XL,,1,,,,,,,,,,,,
,variable,,"I'D Tap That, Personalized The Golf Father Polo Shirt with Photo, Gift for Golf Player, Golf Lover A2110",1,0,visible,,"<p><strong>PRODUCT DETAILS</strong></p><ul>
<li>Each all over printed shirt is constructed from a premium polyester blend that is ultra-soft and incredibly comfortable.</li>
<li>Features a specialty high definition heat-dye application that ensures long-lasting color vibrancy even after machine washing.</li>
<li>Polar Bear Fleece Fabric is durable and resistant to wrinkles, shrinking and mildew.</li>
<li>Each all over printed shirt is custom printed, cut and sewn just for you when you place your order – there may be small differences in the design on the seams and/or arms due to the custom nature of the production process!</li>
</ul>",,,taxable,,1,,,0,0,,,,,1,,,,Polo Shirt,,,"https://cdn.shopify.com/s/files/1/0583/8713/6670/files/9b25b717-57c0-11f0-b354-f23c92e70296__Mockup_1.jpg?v=1752229318,https://cdn.shopify.com/s/files/1/0583/8713/6670/files/9b2641de-57c0-11f0-b354-f23c92e70296__Mockup_5.jpg?v=1752229318,https://cdn.shopify.com/s/files/1/0583/8713/6670/files/9b26e10e-57c0-11f0-b354-f23c92e70296__Mockup_3.jpg?v=1752229319,https://cdn.shopify.com/s/files/1/0583/8713/6670/files/9b273315-57c0-11f0-b354-f23c92e70296__Mockup_4.jpg?v=1752229319,https://cdn.shopify.com/s/files/1/0583/8713/6670/files/9b2618a7-57c0-11f0-b354-f23c92e70296__Mockup_2.jpg?v=1752229319",,,,,,,,,0,Size,"S,M,L,XL,2XL,3XL,4XL,5XL",0,1,S,,,,,,,,,,,
,variation,,"I'D Tap That, Personalized The Golf Father Polo Shirt with Photo, Gift for Golf Player, Golf Lover A2110",1,0,visible,,,,,taxable,parent,1,,,,0,,,,,0,,,36.99,,,,,,,1.48449E+13,,,,,,1,Size,S,,1,,,,,,,,,,,,
,variation,,"I'D Tap That, Personalized The Golf Father Polo Shirt with Photo, Gift for Golf Player, Golf Lover A2110",1,0,visible,,,,,taxable,parent,1,,,,0,,,,,0,,,37.99,,,,,,,1.48449E+13,,,,,,2,Size,M,,1,,,,,,,,,,,,
,variation,,"I'D Tap That, Personalized The Golf Father Polo Shirt with Photo, Gift for Golf Player, Golf Lover A2110",1,0,visible,,,,,taxable,parent,1,,,,0,,,,,0,,,38.99,,,,,,,1.48449E+13,,,,,,3,Size,L,,1,,,,,,,,,,,,
,variation,,"I'D Tap That, Personalized The Golf Father Polo Shirt with Photo, Gift for Golf Player, Golf Lover A2110",1,0,visible,,,,,taxable,parent,1,,,,0,,,,,0,,,39.99,,,,,,,1.48449E+13,,,,,,4,Size,XL,,1,,,,,,,,,,,,
,variation,,"I'D Tap That, Personalized The Golf Father Polo Shirt with Photo, Gift for Golf Player, Golf Lover A2110",1,0,visible,,,,,taxable,parent,1,,,,0,,,,,0,,,40.99,,,,,,,1.48449E+13,,,,,,5,Size,2XL,,1,,,,,,,,,,,,
,variation,,"I'D Tap That, Personalized The Golf Father Polo Shirt with Photo, Gift for Golf Player, Golf Lover A2110",1,0,visible,,,,,taxable,parent,1,,,,0,,,,,0,,,41.99,,,,,,,1.48449E+13,,,,,,6,Size,3XL,,1,,,,,,,,,,,,
,variation,,"I'D Tap That, Personalized The Golf Father Polo Shirt with Photo, Gift for Golf Player, Golf Lover A2110",1,0,visible,,,,,taxable,parent,1,,,,0,,,,,0,,,42.99,,,,,,,1.48449E+13,,,,,,7,Size,4XL,,1,,,,,,,,,,,,
,variation,,"I'D Tap That, Personalized The Golf Father Polo Shirt with Photo, Gift for Golf Player, Golf Lover A2110",1,0,visible,,,,,taxable,parent,1,,,,0,,,,,0,,,43.99,,,,,,,1.48449E+13,,,,,,8,Size,5XL,,1,,,,,,,,,,,,
,variable,,Customized Best Cat Dad Ever Polo Shirt: Perfect Father's Day Gift for Cat Lovers,1,0,visible,,"<p>Express your appreciation for the best cat dad ever with our personalized polo shirt. Perfect for Father's Day, this shirt is a thoughtful gift for cat lovers. Customize it to make it uniquely his!</p>
<p><strong>PRODUCT DETAILS</strong></p>
<ul>
<li>Each all over printed shirt is constructed from a premium polyester blend that is ultra-soft and incredibly comfortable.</li>
<li>Features a specialty high definition heat-dye application that ensures long-lasting color vibrancy even after machine washing.</li>
<li>Polar Bear Fleece Fabric is durable and resistant to wrinkles, shrinking and mildew.</li>
<li>Each all over printed shirt is custom printed, cut and sewn just for you when you place your order – there may be small differences in the design on the seams and/or arms due to the custom nature of the production process!</li>
</ul>",,,taxable,,1,,,0,0,,,,,1,,,,Polo Shirt,,,"https://cdn.shopify.com/s/files/1/0583/8713/6670/files/efd9f729-1bf8-11ef-9ed8-f23c92e70296__Mockup_1.jpg?v=1716794206,https://cdn.shopify.com/s/files/1/0583/8713/6670/files/efda6add-1bf8-11ef-9ed8-f23c92e70296__Mockup_2.jpg?v=1716794206,https://cdn.shopify.com/s/files/1/0583/8713/6670/files/efda1691-1bf8-11ef-9ed8-f23c92e70296__Mockup_3.jpg?v=1716794206,https://cdn.shopify.com/s/files/1/0583/8713/6670/files/efda9046-1bf8-11ef-9ed8-f23c92e70296__Mockup_4.jpg?v=1716794206",,,,,,,,,0,Size,"S,M,L,XL,2XL,3XL,4XL,5XL",0,1,S,,,,,,,,,,,
,variation,,Customized Best Cat Dad Ever Polo Shirt: Perfect Father's Day Gift for Cat Lovers,1,0,visible,,,,,taxable,parent,1,,,,0,,,,,0,,,39.99,,,,https://cdn.shopify.com/s/files/1/0583/8713/6670/files/efd9f729-1bf8-11ef-9ed8-f23c92e70296__Mockup_1.jpg?v=1716794206,,,7.91297E+12,,,,,,1,Size,S,,1,,,,,,,,,,,,
,variation,,Customized Best Cat Dad Ever Polo Shirt: Perfect Father's Day Gift for Cat Lovers,1,0,visible,,,,,taxable,parent,1,,,,0,,,,,0,,,40.99,,,,https://cdn.shopify.com/s/files/1/0583/8713/6670/files/efd9f729-1bf8-11ef-9ed8-f23c92e70296__Mockup_1.jpg?v=1716794206,,,7.91297E+12,,,,,,2,Size,M,,1,,,,,,,,,,,,
,variation,,Customized Best Cat Dad Ever Polo Shirt: Perfect Father's Day Gift for Cat Lovers,1,0,visible,,,,,taxable,parent,1,,,,0,,,,,0,,,41.99,,,,https://cdn.shopify.com/s/files/1/0583/8713/6670/files/efd9f729-1bf8-11ef-9ed8-f23c92e70296__Mockup_1.jpg?v=1716794206,,,7.91297E+12,,,,,,3,Size,L,,1,,,,,,,,,,,,
,variation,,Customized Best Cat Dad Ever Polo Shirt: Perfect Father's Day Gift for Cat Lovers,1,0,visible,,,,,taxable,parent,1,,,,0,,,,,0,,,42.99,,,,https://cdn.shopify.com/s/files/1/0583/8713/6670/files/efd9f729-1bf8-11ef-9ed8-f23c92e70296__Mockup_1.jpg?v=1716794206,,,7.91297E+12,,,,,,4,Size,XL,,1,,,,,,,,,,,,
,variation,,Customized Best Cat Dad Ever Polo Shirt: Perfect Father's Day Gift for Cat Lovers,1,0,visible,,,,,taxable,parent,1,,,,0,,,,,0,,,43.99,,,,https://cdn.shopify.com/s/files/1/0583/8713/6670/files/efd9f729-1bf8-11ef-9ed8-f23c92e70296__Mockup_1.jpg?v=1716794206,,,7.91297E+12,,,,,,5,Size,2XL,,1,,,,,,,,,,,,
,variation,,Customized Best Cat Dad Ever Polo Shirt: Perfect Father's Day Gift for Cat Lovers,1,0,visible,,,,,taxable,parent,1,,,,0,,,,,0,,,44.99,,,,https://cdn.shopify.com/s/files/1/0583/8713/6670/files/efd9f729-1bf8-11ef-9ed8-f23c92e70296__Mockup_1.jpg?v=1716794206,,,7.91297E+12,,,,,,6,Size,3XL,,1,,,,,,,,,,,,
,variation,,Customized Best Cat Dad Ever Polo Shirt: Perfect Father's Day Gift for Cat Lovers,1,0,visible,,,,,taxable,parent,1,,,,0,,,,,0,,,45.99,,,,https://cdn.shopify.com/s/files/1/0583/8713/6670/files/efd9f729-1bf8-11ef-9ed8-f23c92e70296__Mockup_1.jpg?v=1716794206,,,7.91297E+12,,,,,,7,Size,4XL,,1,,,,,,,,,,,,
,variation,,Customized Best Cat Dad Ever Polo Shirt: Perfect Father's Day Gift for Cat Lovers,1,0,visible,,,,,taxable,parent,1,,,,0,,,,,0,,,46.99,,,,https://cdn.shopify.com/s/files/1/0583/8713/6670/files/efd9f729-1bf8-11ef-9ed8-f23c92e70296__Mockup_1.jpg?v=1716794206,,,7.91297E+12,,,,,,8,Size,5XL,,1,,,,,,,,,,,,
,variable,,"Personalized Best Dog Dad Ever Polo Shirt, Dog Lovers Shirt, Father's Day Gift",1,0,visible,,"<p>Express your appreciation for the best dog dad ever with our personalized polo shirt. Perfect for Father's Day, this shirt is a thoughtful gift for <meta charset=""utf-8"">dog lovers. Customize it to make it uniquely his!</p>
<p><strong>PRODUCT DETAILS</strong></p>
<ul>
<li>Each all over printed shirt is constructed from a premium polyester blend that is ultra-soft and incredibly comfortable.</li>
<li>Features a specialty high definition heat-dye application that ensures long-lasting color vibrancy even after machine washing.</li>
<li>Polar Bear Fleece Fabric is durable and resistant to wrinkles, shrinking and mildew.</li>
<li>Each all over printed shirt is custom printed, cut and sewn just for you when you place your order – there may be small differences in the design on the seams and/or arms due to the custom nature of the production process!</li>
</ul>",,,taxable,,1,,,0,0,,,,,1,,,,Polo Shirt,,,"https://cdn.shopify.com/s/files/1/0583/8713/6670/files/71aea230-1bf8-11ef-9ed8-f23c92e70296__Mockup_1.jpg?v=1716793999,https://cdn.shopify.com/s/files/1/0583/8713/6670/files/71af467a-1bf8-11ef-9ed8-f23c92e70296__Mockup_2.jpg?v=1716793999,https://cdn.shopify.com/s/files/1/0583/8713/6670/files/71aedb7d-1bf8-11ef-9ed8-f23c92e70296__Mockup_3.jpg?v=1716793999,https://cdn.shopify.com/s/files/1/0583/8713/6670/files/71af1822-1bf8-11ef-9ed8-f23c92e70296__Mockup_4.jpg?v=1716793999",,,,,,,,,0,Size,"S,M,L,XL,2XL,3XL,4XL,5XL",0,1,S,,,,,,,,,,,
,variation,,"Personalized Best Dog Dad Ever Polo Shirt, Dog Lovers Shirt, Father's Day Gift",1,0,visible,,,,,taxable,parent,1,,,,0,,,,,0,,,36.99,,,,https://cdn.shopify.com/s/files/1/0583/8713/6670/files/71aea230-1bf8-11ef-9ed8-f23c92e70296__Mockup_1.jpg?v=1716793999,,,7.91296E+12,,,,,,1,Size,S,,1,,,,,,,,,,,,
,variation,,"Personalized Best Dog Dad Ever Polo Shirt, Dog Lovers Shirt, Father's Day Gift",1,0,visible,,,,,taxable,parent,1,,,,0,,,,,0,,,37.99,,,,https://cdn.shopify.com/s/files/1/0583/8713/6670/files/71aea230-1bf8-11ef-9ed8-f23c92e70296__Mockup_1.jpg?v=1716793999,,,7.91296E+12,,,,,,2,Size,M,,1,,,,,,,,,,,,
,variation,,"Personalized Best Dog Dad Ever Polo Shirt, Dog Lovers Shirt, Father's Day Gift",1,0,visible,,,,,taxable,parent,1,,,,0,,,,,0,,,38.99,,,,https://cdn.shopify.com/s/files/1/0583/8713/6670/files/71aea230-1bf8-11ef-9ed8-f23c92e70296__Mockup_1.jpg?v=1716793999,,,7.91296E+12,,,,,,3,Size,L,,1,,,,,,,,,,,,
,variation,,"Personalized Best Dog Dad Ever Polo Shirt, Dog Lovers Shirt, Father's Day Gift",1,0,visible,,,,,taxable,parent,1,,,,0,,,,,0,,,39.99,,,,https://cdn.shopify.com/s/files/1/0583/8713/6670/files/71aea230-1bf8-11ef-9ed8-f23c92e70296__Mockup_1.jpg?v=1716793999,,,7.91296E+12,,,,,,4,Size,XL,,1,,,,,,,,,,,,
,variation,,"Personalized Best Dog Dad Ever Polo Shirt, Dog Lovers Shirt, Father's Day Gift",1,0,visible,,,,,taxable,parent,1,,,,0,,,,,0,,,40.99,,,,https://cdn.shopify.com/s/files/1/0583/8713/6670/files/71aea230-1bf8-11ef-9ed8-f23c92e70296__Mockup_1.jpg?v=1716793999,,,7.91296E+12,,,,,,5,Size,2XL,,1,,,,,,,,,,,,
,variation,,"Personalized Best Dog Dad Ever Polo Shirt, Dog Lovers Shirt, Father's Day Gift",1,0,visible,,,,,taxable,parent,1,,,,0,,,,,0,,,41.99,,,,https://cdn.shopify.com/s/files/1/0583/8713/6670/files/71aea230-1bf8-11ef-9ed8-f23c92e70296__Mockup_1.jpg?v=1716793999,,,7.91296E+12,,,,,,6,Size,3XL,,1,,,,,,,,,,,,
,variation,,"Personalized Best Dog Dad Ever Polo Shirt, Dog Lovers Shirt, Father's Day Gift",1,0,visible,,,,,taxable,parent,1,,,,0,,,,,0,,,42.99,,,,https://cdn.shopify.com/s/files/1/0583/8713/6670/files/71aea230-1bf8-11ef-9ed8-f23c92e70296__Mockup_1.jpg?v=1716793999,,,7.91296E+12,,,,,,7,Size,4XL,,1,,,,,,,,,,,,
,variation,,"Personalized Best Dog Dad Ever Polo Shirt, Dog Lovers Shirt, Father's Day Gift",1,0,visible,,,,,taxable,parent,1,,,,0,,,,,0,,,43.99,,,,https://cdn.shopify.com/s/files/1/0583/8713/6670/files/71aea230-1bf8-11ef-9ed8-f23c92e70296__Mockup_1.jpg?v=1716793999,,,7.91296E+12,,,,,,8,Size,5XL,,1,,,,,,,,,,,,
,variable,,"Personalized The Grill Father Polo Shirt with Face, Father's Day Gift",1,0,visible,,"<p>Surprise your dad with a customized grill father polo shirt featuring his face - the perfect Father's Day gift! Crafted with high-quality material and personalized touch, it's a unique gesture he'll cherish forever.</p>
<p><strong>PRODUCT DETAILS</strong></p>
<ul>
<li>Each all over printed shirt is constructed from a premium polyester blend that is ultra-soft and incredibly comfortable.</li>
<li>Features a specialty high definition heat-dye application that ensures long-lasting color vibrancy even after machine washing.</li>
<li>Polar Bear Fleece Fabric is durable and resistant to wrinkles, shrinking and mildew.</li>
<li>Each all over printed shirt is custom printed, cut and sewn just for you when you place your order – there may be small differences in the design on the seams and/or arms due to the custom nature of the production process!</li>
</ul>",,,taxable,,1,,,0,0,,,,,1,,,,Polo Shirt,,,"https://cdn.shopify.com/s/files/1/0583/8713/6670/files/4e15aaaf-1bf6-11ef-9ed8-f23c92e70296__Mockup_1.jpg?v=1716793051,https://cdn.shopify.com/s/files/1/0583/8713/6670/files/4e137233-1bf6-11ef-9ed8-f23c92e70296__Mockup_2.jpg?v=1716793051,https://cdn.shopify.com/s/files/1/0583/8713/6670/files/4e12c08b-1bf6-11ef-9ed8-f23c92e70296__Mockup_3.jpg?v=1716793051",,,,,,,,,0,Size,"S,M,L,XL,2XL,3XL,4XL,5XL",0,1,S,,,,,,,,,,,
,variation,,"Personalized The Grill Father Polo Shirt with Face, Father's Day Gift",1,0,visible,,,,,taxable,parent,1,,,,0,,,,,0,,,39.99,,,,https://cdn.shopify.com/s/files/1/0583/8713/6670/files/4e15aaaf-1bf6-11ef-9ed8-f23c92e70296__Mockup_1.jpg?v=1716793051,,,7.91296E+12,,,,,,1,Size,S,,1,,,,,,,,,,,,
,variation,,"Personalized The Grill Father Polo Shirt with Face, Father's Day Gift",1,0,visible,,,,,taxable,parent,1,,,,0,,,,,0,,,40.99,,,,https://cdn.shopify.com/s/files/1/0583/8713/6670/files/4e15aaaf-1bf6-11ef-9ed8-f23c92e70296__Mockup_1.jpg?v=1716793051,,,7.91296E+12,,,,,,2,Size,M,,1,,,,,,,,,,,,
,variation,,"Personalized The Grill Father Polo Shirt with Face, Father's Day Gift",1,0,visible,,,,,taxable,parent,1,,,,0,,,,,0,,,41.99,,,,https://cdn.shopify.com/s/files/1/0583/8713/6670/files/4e15aaaf-1bf6-11ef-9ed8-f23c92e70296__Mockup_1.jpg?v=1716793051,,,7.91296E+12,,,,,,3,Size,L,,1,,,,,,,,,,,,
,variation,,"Personalized The Grill Father Polo Shirt with Face, Father's Day Gift",1,0,visible,,,,,taxable,parent,1,,,,0,,,,,0,,,42.99,,,,https://cdn.shopify.com/s/files/1/0583/8713/6670/files/4e15aaaf-1bf6-11ef-9ed8-f23c92e70296__Mockup_1.jpg?v=1716793051,,,7.91296E+12,,,,,,4,Size,XL,,1,,,,,,,,,,,,
,variation,,"Personalized The Grill Father Polo Shirt with Face, Father's Day Gift",1,0,visible,,,,,taxable,parent,1,,,,0,,,,,0,,,43.99,,,,https://cdn.shopify.com/s/files/1/0583/8713/6670/files/4e15aaaf-1bf6-11ef-9ed8-f23c92e70296__Mockup_1.jpg?v=1716793051,,,7.91296E+12,,,,,,5,Size,2XL,,1,,,,,,,,,,,,
,variation,,"Personalized The Grill Father Polo Shirt with Face, Father's Day Gift",1,0,visible,,,,,taxable,parent,1,,,,0,,,,,0,,,44.99,,,,https://cdn.shopify.com/s/files/1/0583/8713/6670/files/4e15aaaf-1bf6-11ef-9ed8-f23c92e70296__Mockup_1.jpg?v=1716793051,,,7.91296E+12,,,,,,6,Size,3XL,,1,,,,,,,,,,,,
,variation,,"Personalized The Grill Father Polo Shirt with Face, Father's Day Gift",1,0,visible,,,,,taxable,parent,1,,,,0,,,,,0,,,45.99,,,,https://cdn.shopify.com/s/files/1/0583/8713/6670/files/4e15aaaf-1bf6-11ef-9ed8-f23c92e70296__Mockup_1.jpg?v=1716793051,,,7.91296E+12,,,,,,7,Size,4XL,,1,,,,,,,,,,,,
,variation,,"Personalized The Grill Father Polo Shirt with Face, Father's Day Gift",1,0,visible,,,,,taxable,parent,1,,,,0,,,,,0,,,46.99,,,,https://cdn.shopify.com/s/files/1/0583/8713/6670/files/4e15aaaf-1bf6-11ef-9ed8-f23c92e70296__Mockup_1.jpg?v=1716793051,,,7.91296E+12,,,,,,8,Size,5XL,,1,,,,,,,,,,,,
,variable,,Personalized Hooked On Being Grandpa Polo Shirt,1,0,visible,,"<p><strong>PRODUCT DETAILS</strong></p><ul>
<li>Each all over printed shirt is constructed from a premium polyester blend that is ultra-soft and incredibly comfortable.</li>
<li>Features a specialty high definition heat-dye application that ensures long-lasting color vibrancy even after machine washing.</li>
<li>Polar Bear Fleece Fabric is durable and resistant to wrinkles, shrinking and mildew.</li>
<li>Each all over printed shirt is custom printed, cut and sewn just for you when you place your order – there may be small differences in the design on the seams and/or arms due to the custom nature of the production process!</li>
</ul>",,,taxable,,1,,,0,0,,,,,1,,,,Polo Shirt,,,"https://cdn.shopify.com/s/files/1/0583/8713/6670/files/e6aab19d-1a3b-11ef-9ed8-f23c92e70296__Mockup_1.jpg?v=1716603517,https://cdn.shopify.com/s/files/1/0583/8713/6670/files/e6a9bc35-1a3b-11ef-9ed8-f23c92e70296__Mockup_2.jpg?v=1716603517,https://cdn.shopify.com/s/files/1/0583/8713/6670/files/e6ab6085-1a3b-11ef-9ed8-f23c92e70296__Mockup_3.jpg?v=1716603517,https://cdn.shopify.com/s/files/1/0583/8713/6670/files/e6ab34bf-1a3b-11ef-9ed8-f23c92e70296__Mockup_4.jpg?v=1716603517",,,,,,,,,0,Size,"S,M,L,XL,2XL,3XL,4XL,5XL",0,1,S,,,,,,,,,,,
,variation,,Personalized Hooked On Being Grandpa Polo Shirt,1,0,visible,,,,,taxable,parent,1,,,,0,,,,,0,,,39.99,,,,https://cdn.shopify.com/s/files/1/0583/8713/6670/files/e6aab19d-1a3b-11ef-9ed8-f23c92e70296__Mockup_1.jpg?v=1716603517,,,7.91028E+12,,,,,,1,Size,S,,1,,,,,,,,,,,,
,variation,,Personalized Hooked On Being Grandpa Polo Shirt,1,0,visible,,,,,taxable,parent,1,,,,0,,,,,0,,,40.99,,,,https://cdn.shopify.com/s/files/1/0583/8713/6670/files/e6aab19d-1a3b-11ef-9ed8-f23c92e70296__Mockup_1.jpg?v=1716603517,,,7.91028E+12,,,,,,2,Size,M,,1,,,,,,,,,,,,
,variation,,Personalized Hooked On Being Grandpa Polo Shirt,1,0,visible,,,,,taxable,parent,1,,,,0,,,,,0,,,41.99,,,,https://cdn.shopify.com/s/files/1/0583/8713/6670/files/e6aab19d-1a3b-11ef-9ed8-f23c92e70296__Mockup_1.jpg?v=1716603517,,,7.91028E+12,,,,,,3,Size,L,,1,,,,,,,,,,,,
,variation,,Personalized Hooked On Being Grandpa Polo Shirt,1,0,visible,,,,,taxable,parent,1,,,,0,,,,,0,,,42.99,,,,https://cdn.shopify.com/s/files/1/0583/8713/6670/files/e6aab19d-1a3b-11ef-9ed8-f23c92e70296__Mockup_1.jpg?v=1716603517,,,7.91028E+12,,,,,,4,Size,XL,,1,,,,,,,,,,,,
,variation,,Personalized Hooked On Being Grandpa Polo Shirt,1,0,visible,,,,,taxable,parent,1,,,,0,,,,,0,,,43.99,,,,https://cdn.shopify.com/s/files/1/0583/8713/6670/files/e6aab19d-1a3b-11ef-9ed8-f23c92e70296__Mockup_1.jpg?v=1716603517,,,7.91028E+12,,,,,,5,Size,2XL,,1,,,,,,,,,,,,
,variation,,Personalized Hooked On Being Grandpa Polo Shirt,1,0,visible,,,,,taxable,parent,1,,,,0,,,,,0,,,44.99,,,,https://cdn.shopify.com/s/files/1/0583/8713/6670/files/e6aab19d-1a3b-11ef-9ed8-f23c92e70296__Mockup_1.jpg?v=1716603517,,,7.91028E+12,,,,,,6,Size,3XL,,1,,,,,,,,,,,,
,variation,,Personalized Hooked On Being Grandpa Polo Shirt,1,0,visible,,,,,taxable,parent,1,,,,0,,,,,0,,,45.99,,,,https://cdn.shopify.com/s/files/1/0583/8713/6670/files/e6aab19d-1a3b-11ef-9ed8-f23c92e70296__Mockup_1.jpg?v=1716603517,,,7.91028E+12,,,,,,7,Size,4XL,,1,,,,,,,,,,,,
,variation,,Personalized Hooked On Being Grandpa Polo Shirt,1,0,visible,,,,,taxable,parent,1,,,,0,,,,,0,,,46.99,,,,https://cdn.shopify.com/s/files/1/0583/8713/6670/files/e6aab19d-1a3b-11ef-9ed8-f23c92e70296__Mockup_1.jpg?v=1716603517,,,7.91028E+12,,,,,,8,Size,5XL,,1,,,,,,,,,,,,
,variable,,"Personalized Best Flippin' Dad Ever Polo Shirt with Face, Father's Day Gift",1,0,visible,,"<p><strong>PRODUCT DETAILS</strong></p><ul>
<li>Each all over printed shirt is constructed from a premium polyester blend that is ultra-soft and incredibly comfortable.</li>
<li>Features a specialty high definition heat-dye application that ensures long-lasting color vibrancy even after machine washing.</li>
<li>Polar Bear Fleece Fabric is durable and resistant to wrinkles, shrinking and mildew.</li>
<li>Each all over printed shirt is custom printed, cut and sewn just for you when you place your order – there may be small differences in the design on the seams and/or arms due to the custom nature of the production process!</li>
</ul>",,,taxable,,1,,,0,0,,,,,1,,,,Polo Shirt,,,"https://cdn.shopify.com/s/files/1/0583/8713/6670/files/ads_8c248799-75d3-45d2-9f2b-b620c94f2b4a.jpg?v=1716619797,https://cdn.shopify.com/s/files/1/0583/8713/6670/files/85f14ff9-196a-11ef-9ed8-f23c92e70296__Mockup_3.jpg?v=1716619797,https://cdn.shopify.com/s/files/1/0583/8713/6670/files/85a99707-196a-11ef-9ed8-f23c92e70296__Mockup_2.jpg?v=1716619797,https://cdn.shopify.com/s/files/1/0583/8713/6670/files/85aba6a3-196a-11ef-9ed8-f23c92e70296__Mockup_4.jpg?v=1716619797",,,,,,,,,0,Size,"S,M,L,XL,2XL,3XL,4XL,5XL",0,1,S,,,,,,,,,,,
,variation,,"Personalized Best Flippin' Dad Ever Polo Shirt with Face, Father's Day Gift",1,0,visible,,,,,taxable,parent,1,,,,0,,,,,0,,,39.99,,,,,,,7.909E+12,,,,,,1,Size,S,,1,,,,,,,,,,,,
,variation,,"Personalized Best Flippin' Dad Ever Polo Shirt with Face, Father's Day Gift",1,0,visible,,,,,taxable,parent,1,,,,0,,,,,0,,,40.99,,,,,,,7.909E+12,,,,,,2,Size,M,,1,,,,,,,,,,,,
,variation,,"Personalized Best Flippin' Dad Ever Polo Shirt with Face, Father's Day Gift",1,0,visible,,,,,taxable,parent,1,,,,0,,,,,0,,,41.99,,,,,,,7.909E+12,,,,,,3,Size,L,,1,,,,,,,,,,,,
,variation,,"Personalized Best Flippin' Dad Ever Polo Shirt with Face, Father's Day Gift",1,0,visible,,,,,taxable,parent,1,,,,0,,,,,0,,,42.99,,,,,,,7.909E+12,,,,,,4,Size,XL,,1,,,,,,,,,,,,
,variation,,"Personalized Best Flippin' Dad Ever Polo Shirt with Face, Father's Day Gift",1,0,visible,,,,,taxable,parent,1,,,,0,,,,,0,,,43.99,,,,,,,7.909E+12,,,,,,5,Size,2XL,,1,,,,,,,,,,,,
,variation,,"Personalized Best Flippin' Dad Ever Polo Shirt with Face, Father's Day Gift",1,0,visible,,,,,taxable,parent,1,,,,0,,,,,0,,,44.99,,,,,,,7.909E+12,,,,,,6,Size,3XL,,1,,,,,,,,,,,,
,variation,,"Personalized Best Flippin' Dad Ever Polo Shirt with Face, Father's Day Gift",1,0,visible,,,,,taxable,parent,1,,,,0,,,,,0,,,45.99,,,,,,,7.909E+12,,,,,,7,Size,4XL,,1,,,,,,,,,,,,
,variation,,"Personalized Best Flippin' Dad Ever Polo Shirt with Face, Father's Day Gift",1,0,visible,,,,,taxable,parent,1,,,,0,,,,,0,,,46.99,,,,,,,7.909E+12,,,,,,8,Size,5XL,,1,,,,,,,,,,,,
,variable,,Personalized Best Dad By Par Polo Shirt with Face,1,0,visible,,"<p><strong>PRODUCT DETAILS</strong></p><ul>
<li>Each all over printed shirt is constructed from a premium polyester blend that is ultra-soft and incredibly comfortable.</li>
<li>Features a specialty high definition heat-dye application that ensures long-lasting color vibrancy even after machine washing.</li>
<li>Polar Bear Fleece Fabric is durable and resistant to wrinkles, shrinking and mildew.</li>
<li>Each all over printed shirt is custom printed, cut and sewn just for you when you place your order – there may be small differences in the design on the seams and/or arms due to the custom nature of the production process!</li>
</ul>",,,taxable,,1,,,0,0,,,,,1,,,,Polo Shirt,,,"https://cdn.shopify.com/s/files/1/0583/8713/6670/files/fa015240-18a9-11ef-9ed8-f23c92e70296__Mockup_3.jpg?v=1716446446,https://cdn.shopify.com/s/files/1/0583/8713/6670/files/f9ff9393-18a9-11ef-9ed8-f23c92e70296__Mockup_2.jpg?v=1716446446,https://cdn.shopify.com/s/files/1/0583/8713/6670/files/fa018ff7-18a9-11ef-9ed8-f23c92e70296__Mockup_4.jpg?v=1716430416",,,,,,,,,0,Size,"S,M,L,XL,2XL,3XL,4XL,5XL",0,1,S,,,,,,,,,,,
,variation,,Personalized Best Dad By Par Polo Shirt with Face,1,0,visible,,,,,taxable,parent,1,,,,0,,,,,0,,,39.99,,,,,,,7.90642E+12,,,,,,1,Size,S,,1,,,,,,,,,,,,
,variation,,Personalized Best Dad By Par Polo Shirt with Face,1,0,visible,,,,,taxable,parent,1,,,,0,,,,,0,,,40.99,,,,,,,7.90642E+12,,,,,,2,Size,M,,1,,,,,,,,,,,,
,variation,,Personalized Best Dad By Par Polo Shirt with Face,1,0,visible,,,,,taxable,parent,1,,,,0,,,,,0,,,41.99,,,,,,,7.90642E+12,,,,,,3,Size,L,,1,,,,,,,,,,,,
,variation,,Personalized Best Dad By Par Polo Shirt with Face,1,0,visible,,,,,taxable,parent,1,,,,0,,,,,0,,,42.99,,,,,,,7.90642E+12,,,,,,4,Size,XL,,1,,,,,,,,,,,,
,variation,,Personalized Best Dad By Par Polo Shirt with Face,1,0,visible,,,,,taxable,parent,1,,,,0,,,,,0,,,43.99,,,,,,,7.90642E+12,,,,,,5,Size,2XL,,1,,,,,,,,,,,,
,variation,,Personalized Best Dad By Par Polo Shirt with Face,1,0,visible,,,,,taxable,parent,1,,,,0,,,,,0,,,44.99,,,,,,,7.90642E+12,,,,,,6,Size,3XL,,1,,,,,,,,,,,,
,variation,,Personalized Best Dad By Par Polo Shirt with Face,1,0,visible,,,,,taxable,parent,1,,,,0,,,,,0,,,45.99,,,,,,,7.90642E+12,,,,,,7,Size,4XL,,1,,,,,,,,,,,,
,variation,,Personalized Best Dad By Par Polo Shirt with Face,1,0,visible,,,,,taxable,parent,1,,,,0,,,,,0,,,46.99,,,,,,,7.90642E+12,,,,,,8,Size,5XL,,1,,,,,,,,,,,,
,variable,,"Golf And Beer Polo Shirt, Custom Men's Funny Graphic Golf Polo Shirt, Personalized Golf Polo Shirt, Gif for Golf Player A2110",1,0,visible,,"<p><strong>PRODUCT DETAILS</strong></p><ul>
<li>Each all over printed shirt is constructed from a premium polyester blend that is ultra-soft and incredibly comfortable.</li>
<li>Features a specialty high definition heat-dye application that ensures long-lasting color vibrancy even after machine washing.</li>
<li>Polar Bear Fleece Fabric is durable and resistant to wrinkles, shrinking and mildew.</li>
<li>Each all over printed shirt is custom printed, cut and sewn just for you when you place your order – there may be small differences in the design on the seams and/or arms due to the custom nature of the production process!</li>
</ul>",,,taxable,,1,,,0,0,,,,,1,,,,Polo Shirt,,,"https://cdn.shopify.com/s/files/1/0583/8713/6670/files/e3dfa0bf-57c4-11f0-b354-f23c92e70296__mk_ads.jpg?v=1752229320,https://cdn.shopify.com/s/files/1/0583/8713/6670/files/e3de4675-57c4-11f0-b354-f23c92e70296__Mockup_1.jpg?v=1752229320,https://cdn.shopify.com/s/files/1/0583/8713/6670/files/e3deaf19-57c4-11f0-b354-f23c92e70296__Mockup_5.jpg?v=1752229320,https://cdn.shopify.com/s/files/1/0583/8713/6670/files/e3dfe45f-57c4-11f0-b354-f23c92e70296__Mockup_3.jpg?v=1752229321,https://cdn.shopify.com/s/files/1/0583/8713/6670/files/e3de6f2c-57c4-11f0-b354-f23c92e70296__Mockup_2.jpg?v=1752229321,https://cdn.shopify.com/s/files/1/0583/8713/6670/files/e3df0570-57c4-11f0-b354-f23c92e70296__Mockup_4.jpg?v=1752229321",,,,,,,,,0,Size,"S,M,L,XL,2XL,3XL,4XL,5XL",0,1,S,,,,,,,,,,,
,variation,,"Golf And Beer Polo Shirt, Custom Men's Funny Graphic Golf Polo Shirt, Personalized Golf Polo Shirt, Gif for Golf Player A2110",1,0,visible,,,,,taxable,parent,1,,,,0,,,,,0,,,36.99,,,,,,,1.48449E+13,,,,,,1,Size,S,,1,,,,,,,,,,,,
,variation,,"Golf And Beer Polo Shirt, Custom Men's Funny Graphic Golf Polo Shirt, Personalized Golf Polo Shirt, Gif for Golf Player A2110",1,0,visible,,,,,taxable,parent,1,,,,0,,,,,0,,,37.99,,,,,,,1.48449E+13,,,,,,2,Size,M,,1,,,,,,,,,,,,
,variation,,"Golf And Beer Polo Shirt, Custom Men's Funny Graphic Golf Polo Shirt, Personalized Golf Polo Shirt, Gif for Golf Player A2110",1,0,visible,,,,,taxable,parent,1,,,,0,,,,,0,,,38.99,,,,,,,1.48449E+13,,,,,,3,Size,L,,1,,,,,,,,,,,,
,variation,,"Golf And Beer Polo Shirt, Custom Men's Funny Graphic Golf Polo Shirt, Personalized Golf Polo Shirt, Gif for Golf Player A2110",1,0,visible,,,,,taxable,parent,1,,,,0,,,,,0,,,39.99,,,,,,,1.48449E+13,,,,,,4,Size,XL,,1,,,,,,,,,,,,
,variation,,"Golf And Beer Polo Shirt, Custom Men's Funny Graphic Golf Polo Shirt, Personalized Golf Polo Shirt, Gif for Golf Player A2110",1,0,visible,,,,,taxable,parent,1,,,,0,,,,,0,,,40.99,,,,,,,1.48449E+13,,,,,,5,Size,2XL,,1,,,,,,,,,,,,
,variation,,"Golf And Beer Polo Shirt, Custom Men's Funny Graphic Golf Polo Shirt, Personalized Golf Polo Shirt, Gif for Golf Player A2110",1,0,visible,,,,,taxable,parent,1,,,,0,,,,,0,,,41.99,,,,,,,1.48449E+13,,,,,,6,Size,3XL,,1,,,,,,,,,,,,
,variation,,"Golf And Beer Polo Shirt, Custom Men's Funny Graphic Golf Polo Shirt, Personalized Golf Polo Shirt, Gif for Golf Player A2110",1,0,visible,,,,,taxable,parent,1,,,,0,,,,,0,,,42.99,,,,,,,1.48449E+13,,,,,,7,Size,4XL,,1,,,,,,,,,,,,
,variation,,"Golf And Beer Polo Shirt, Custom Men's Funny Graphic Golf Polo Shirt, Personalized Golf Polo Shirt, Gif for Golf Player A2110",1,0,visible,,,,,taxable,parent,1,,,,0,,,,,0,,,43.99,,,,,,,1.48449E+13,,,,,,8,Size,5XL,,1,,,,,,,,,,,,
,variable,,"Golf And Beer Polo Shirt, Custom Men's Funny Graphic Golf Polo Shirt, Personalized Golf Polo Shirt, Gif for Golf Player A2110 Vr2",1,0,visible,,"<p><strong>PRODUCT DETAILS</strong></p><ul>
<li>Each all over printed shirt is constructed from a premium polyester blend that is ultra-soft and incredibly comfortable.</li>
<li>Features a specialty high definition heat-dye application that ensures long-lasting color vibrancy even after machine washing.</li>
<li>Polar Bear Fleece Fabric is durable and resistant to wrinkles, shrinking and mildew.</li>
<li>Each all over printed shirt is custom printed, cut and sewn just for you when you place your order – there may be small differences in the design on the seams and/or arms due to the custom nature of the production process!</li>
</ul>",,,taxable,,1,,,0,0,,,,,1,,,,Polo Shirt,,,"https://cdn.shopify.com/s/files/1/0583/8713/6670/files/e9c4bd5d-5723-11f0-b354-f23c92e70296__mk_ads.jpg?v=1751909193,https://cdn.shopify.com/s/files/1/0583/8713/6670/files/e9c4bf75-5723-11f0-b354-f23c92e70296__Mockup_1.jpg?v=1751909193,https://cdn.shopify.com/s/files/1/0583/8713/6670/files/e9c57fbc-5723-11f0-b354-f23c92e70296__Mockup_2.jpg?v=1751909193,https://cdn.shopify.com/s/files/1/0583/8713/6670/files/e9c5a4ee-5723-11f0-b354-f23c92e70296__Mockup_3.jpg?v=1751909193,https://cdn.shopify.com/s/files/1/0583/8713/6670/files/e9c558d3-5723-11f0-b354-f23c92e70296__Mockup_4.jpg?v=1751909193,https://cdn.shopify.com/s/files/1/0583/8713/6670/files/e9c61204-5723-11f0-b354-f23c92e70296__Mockup_5.jpg?v=1751909194,https://cdn.shopify.com/s/files/1/0583/8713/6670/files/e9c59e0e-5723-11f0-b354-f23c92e70296__Mockup_6.jpg?v=1751909194",,,,,,,,,0,Size,"S,M,L,XL,2XL,3XL,4XL,5XL",0,1,S,,,,,,,,,,,
,variation,,"Golf And Beer Polo Shirt, Custom Men's Funny Graphic Golf Polo Shirt, Personalized Golf Polo Shirt, Gif for Golf Player A2110 Vr2",1,0,visible,,,,,taxable,parent,1,,,,0,,,,,0,,,36.99,,,,,,,1.48447E+13,,,,,,1,Size,S,,1,,,,,,,,,,,,
,variation,,"Golf And Beer Polo Shirt, Custom Men's Funny Graphic Golf Polo Shirt, Personalized Golf Polo Shirt, Gif for Golf Player A2110 Vr2",1,0,visible,,,,,taxable,parent,1,,,,0,,,,,0,,,37.99,,,,,,,1.48447E+13,,,,,,2,Size,M,,1,,,,,,,,,,,,
,variation,,"Golf And Beer Polo Shirt, Custom Men's Funny Graphic Golf Polo Shirt, Personalized Golf Polo Shirt, Gif for Golf Player A2110 Vr2",1,0,visible,,,,,taxable,parent,1,,,,0,,,,,0,,,38.99,,,,,,,1.48447E+13,,,,,,3,Size,L,,1,,,,,,,,,,,,
,variation,,"Golf And Beer Polo Shirt, Custom Men's Funny Graphic Golf Polo Shirt, Personalized Golf Polo Shirt, Gif for Golf Player A2110 Vr2",1,0,visible,,,,,taxable,parent,1,,,,0,,,,,0,,,39.99,,,,,,,1.48447E+13,,,,,,4,Size,XL,,1,,,,,,,,,,,,
,variation,,"Golf And Beer Polo Shirt, Custom Men's Funny Graphic Golf Polo Shirt, Personalized Golf Polo Shirt, Gif for Golf Player A2110 Vr2",1,0,visible,,,,,taxable,parent,1,,,,0,,,,,0,,,40.99,,,,,,,1.48447E+13,,,,,,5,Size,2XL,,1,,,,,,,,,,,,
,variation,,"Golf And Beer Polo Shirt, Custom Men's Funny Graphic Golf Polo Shirt, Personalized Golf Polo Shirt, Gif for Golf Player A2110 Vr2",1,0,visible,,,,,taxable,parent,1,,,,0,,,,,0,,,41.99,,,,,,,1.48447E+13,,,,,,6,Size,3XL,,1,,,,,,,,,,,,
,variation,,"Golf And Beer Polo Shirt, Custom Men's Funny Graphic Golf Polo Shirt, Personalized Golf Polo Shirt, Gif for Golf Player A2110 Vr2",1,0,visible,,,,,taxable,parent,1,,,,0,,,,,0,,,42.99,,,,,,,1.48447E+13,,,,,,7,Size,4XL,,1,,,,,,,,,,,,
,variation,,"Golf And Beer Polo Shirt, Custom Men's Funny Graphic Golf Polo Shirt, Personalized Golf Polo Shirt, Gif for Golf Player A2110 Vr2",1,0,visible,,,,,taxable,parent,1,,,,0,,,,,0,,,43.99,,,,,,,1.48447E+13,,,,,,8,Size,5XL,,1,,,,,,,,,,,,
,variable,,Personalized 4th Of July Polo Shirt with Faces,1,0,visible,,"<p><strong>PRODUCT DETAILS</strong></p><ul>
<li>Each all over printed shirt is constructed from a premium polyester blend that is ultra-soft and incredibly comfortable.</li>
<li>Features a specialty high definition heat-dye application that ensures long-lasting color vibrancy even after machine washing.</li>
<li>Polar Bear Fleece Fabric is durable and resistant to wrinkles, shrinking and mildew.</li>
<li>Each all over printed shirt is custom printed, cut and sewn just for you when you place your order – there may be small differences in the design on the seams and/or arms due to the custom nature of the production process!</li>
</ul>",,,taxable,,1,,,0,0,,,,,1,,,,Polo Shirt,,,"https://cdn.shopify.com/s/files/1/0583/8713/6670/files/6af47285-2930-11ef-9ed8-f23c92e70296__Mockup_1.jpg?v=1718247408,https://cdn.shopify.com/s/files/1/0583/8713/6670/files/6af5114e-2930-11ef-9ed8-f23c92e70296__Mockup_2.jpg?v=1718247408,https://cdn.shopify.com/s/files/1/0583/8713/6670/files/6af46117-2930-11ef-9ed8-f23c92e70296__Mockup_3.jpg?v=1718247408,https://cdn.shopify.com/s/files/1/0583/8713/6670/files/6af345d3-2930-11ef-9ed8-f23c92e70296__Mockup_4.jpg?v=1718247408",,,,,,,,,0,Size,"S,M,L,XL,2XL,3XL,4XL,5XL",0,1,S,,,,,,,,,,,
,variation,,Personalized 4th Of July Polo Shirt with Faces,1,0,visible,,,,,taxable,parent,1,,,,0,,,,,0,,,39.99,,,,https://cdn.shopify.com/s/files/1/0583/8713/6670/files/6af47285-2930-11ef-9ed8-f23c92e70296__Mockup_1.jpg?v=1718247408,,,7.94875E+12,,,,,,1,Size,S,,1,,,,,,,,,,,,
,variation,,Personalized 4th Of July Polo Shirt with Faces,1,0,visible,,,,,taxable,parent,1,,,,0,,,,,0,,,40.99,,,,https://cdn.shopify.com/s/files/1/0583/8713/6670/files/6af47285-2930-11ef-9ed8-f23c92e70296__Mockup_1.jpg?v=1718247408,,,7.94875E+12,,,,,,2,Size,M,,1,,,,,,,,,,,,
,variation,,Personalized 4th Of July Polo Shirt with Faces,1,0,visible,,,,,taxable,parent,1,,,,0,,,,,0,,,41.99,,,,https://cdn.shopify.com/s/files/1/0583/8713/6670/files/6af47285-2930-11ef-9ed8-f23c92e70296__Mockup_1.jpg?v=1718247408,,,7.94875E+12,,,,,,3,Size,L,,1,,,,,,,,,,,,
,variation,,Personalized 4th Of July Polo Shirt with Faces,1,0,visible,,,,,taxable,parent,1,,,,0,,,,,0,,,42.99,,,,https://cdn.shopify.com/s/files/1/0583/8713/6670/files/6af47285-2930-11ef-9ed8-f23c92e70296__Mockup_1.jpg?v=1718247408,,,7.94875E+12,,,,,,4,Size,XL,,1,,,,,,,,,,,,
,variation,,Personalized 4th Of July Polo Shirt with Faces,1,0,visible,,,,,taxable,parent,1,,,,0,,,,,0,,,43.99,,,,https://cdn.shopify.com/s/files/1/0583/8713/6670/files/6af47285-2930-11ef-9ed8-f23c92e70296__Mockup_1.jpg?v=1718247408,,,7.94875E+12,,,,,,5,Size,2XL,,1,,,,,,,,,,,,
,variation,,Personalized 4th Of July Polo Shirt with Faces,1,0,visible,,,,,taxable,parent,1,,,,0,,,,,0,,,44.99,,,,https://cdn.shopify.com/s/files/1/0583/8713/6670/files/6af47285-2930-11ef-9ed8-f23c92e70296__Mockup_1.jpg?v=1718247408,,,7.94875E+12,,,,,,6,Size,3XL,,1,,,,,,,,,,,,
,variation,,Personalized 4th Of July Polo Shirt with Faces,1,0,visible,,,,,taxable,parent,1,,,,0,,,,,0,,,45.99,,,,https://cdn.shopify.com/s/files/1/0583/8713/6670/files/6af47285-2930-11ef-9ed8-f23c92e70296__Mockup_1.jpg?v=1718247408,,,7.94875E+12,,,,,,7,Size,4XL,,1,,,,,,,,,,,,
,variation,,Personalized 4th Of July Polo Shirt with Faces,1,0,visible,,,,,taxable,parent,1,,,,0,,,,,0,,,46.99,,,,https://cdn.shopify.com/s/files/1/0583/8713/6670/files/6af47285-2930-11ef-9ed8-f23c92e70296__Mockup_1.jpg?v=1718247408,,,7.94875E+12,,,,,,8,Size,5XL,,1,,,,,,,,,,,,
,variable,,"Funny Dinosaur American Flag Polo Shirt, Voting Felon Independence Day Shirt",1,0,visible,,"<p><strong>PRODUCT DETAILS</strong></p><ul>
<li>Each all over printed shirt is constructed from a premium polyester blend that is ultra-soft and incredibly comfortable.</li>
<li>Features a specialty high definition heat-dye application that ensures long-lasting color vibrancy even after machine washing.</li>
<li>Polar Bear Fleece Fabric is durable and resistant to wrinkles, shrinking and mildew.</li>
<li>Each all over printed shirt is custom printed, cut and sewn just for you when you place your order – there may be small differences in the design on the seams and/or arms due to the custom nature of the production process!</li>
</ul>",,,taxable,,1,,,0,0,,,,,1,,,,Polo Shirt,,,"https://cdn.shopify.com/s/files/1/0583/8713/6670/files/24826d59-28a8-11ef-9ed8-f23c92e70296__Mockup_1.jpg?v=1718188874,https://cdn.shopify.com/s/files/1/0583/8713/6670/files/24826d52-28a8-11ef-9ed8-f23c92e70296__Mockup_3.jpg?v=1718188875,https://cdn.shopify.com/s/files/1/0583/8713/6670/files/24835655-28a8-11ef-9ed8-f23c92e70296__Mockup_4.jpg?v=1718188875",,,,,,,,,0,Size,"S,M,L,XL,2XL,3XL,4XL,5XL",0,1,S,,,,,,,,,,,
,variation,,"Funny Dinosaur American Flag Polo Shirt, Voting Felon Independence Day Shirt",1,0,visible,,,,,taxable,parent,1,,,,0,,,,,0,,,39.99,,,,https://cdn.shopify.com/s/files/1/0583/8713/6670/files/24826d59-28a8-11ef-9ed8-f23c92e70296__Mockup_1.jpg?v=1718188874,,,7.94786E+12,,,,,,1,Size,S,,1,,,,,,,,,,,,
,variation,,"Funny Dinosaur American Flag Polo Shirt, Voting Felon Independence Day Shirt",1,0,visible,,,,,taxable,parent,1,,,,0,,,,,0,,,40.99,,,,https://cdn.shopify.com/s/files/1/0583/8713/6670/files/24826d59-28a8-11ef-9ed8-f23c92e70296__Mockup_1.jpg?v=1718188874,,,7.94786E+12,,,,,,2,Size,M,,1,,,,,,,,,,,,
,variation,,"Funny Dinosaur American Flag Polo Shirt, Voting Felon Independence Day Shirt",1,0,visible,,,,,taxable,parent,1,,,,0,,,,,0,,,41.99,,,,https://cdn.shopify.com/s/files/1/0583/8713/6670/files/24826d59-28a8-11ef-9ed8-f23c92e70296__Mockup_1.jpg?v=1718188874,,,7.94786E+12,,,,,,3,Size,L,,1,,,,,,,,,,,,
,variation,,"Funny Dinosaur American Flag Polo Shirt, Voting Felon Independence Day Shirt",1,0,visible,,,,,taxable,parent,1,,,,0,,,,,0,,,42.99,,,,https://cdn.shopify.com/s/files/1/0583/8713/6670/files/24826d59-28a8-11ef-9ed8-f23c92e70296__Mockup_1.jpg?v=1718188874,,,7.94786E+12,,,,,,4,Size,XL,,1,,,,,,,,,,,,
,variation,,"Funny Dinosaur American Flag Polo Shirt, Voting Felon Independence Day Shirt",1,0,visible,,,,,taxable,parent,1,,,,0,,,,,0,,,43.99,,,,https://cdn.shopify.com/s/files/1/0583/8713/6670/files/24826d59-28a8-11ef-9ed8-f23c92e70296__Mockup_1.jpg?v=1718188874,,,7.94786E+12,,,,,,5,Size,2XL,,1,,,,,,,,,,,,
,variation,,"Funny Dinosaur American Flag Polo Shirt, Voting Felon Independence Day Shirt",1,0,visible,,,,,taxable,parent,1,,,,0,,,,,0,,,44.99,,,,https://cdn.shopify.com/s/files/1/0583/8713/6670/files/24826d59-28a8-11ef-9ed8-f23c92e70296__Mockup_1.jpg?v=1718188874,,,7.94786E+12,,,,,,6,Size,3XL,,1,,,,,,,,,,,,
,variation,,"Funny Dinosaur American Flag Polo Shirt, Voting Felon Independence Day Shirt",1,0,visible,,,,,taxable,parent,1,,,,0,,,,,0,,,45.99,,,,https://cdn.shopify.com/s/files/1/0583/8713/6670/files/24826d59-28a8-11ef-9ed8-f23c92e70296__Mockup_1.jpg?v=1718188874,,,7.94786E+12,,,,,,7,Size,4XL,,1,,,,,,,,,,,,
,variation,,"Funny Dinosaur American Flag Polo Shirt, Voting Felon Independence Day Shirt",1,0,visible,,,,,taxable,parent,1,,,,0,,,,,0,,,46.99,,,,https://cdn.shopify.com/s/files/1/0583/8713/6670/files/24826d59-28a8-11ef-9ed8-f23c92e70296__Mockup_1.jpg?v=1718188874,,,7.94786E+12,,,,,,8,Size,5XL,,1,,,,,,,,,,,,
,variable,,Custom Photo Best Dad Ever USA Flag Polo Shirt,1,0,visible,,"<p><strong>PRODUCT DETAILS</strong></p><ul>
<li>Each all over printed shirt is constructed from a premium polyester blend that is ultra-soft and incredibly comfortable.</li>
<li>Features a specialty high definition heat-dye application that ensures long-lasting color vibrancy even after machine washing.</li>
<li>Polar Bear Fleece Fabric is durable and resistant to wrinkles, shrinking and mildew.</li>
<li>Each all over printed shirt is custom printed, cut and sewn just for you when you place your order – there may be small differences in the design on the seams and/or arms due to the custom nature of the production process!</li>
</ul>",,,taxable,,1,,,0,0,,,,,1,,,,Polo Shirt,,,"https://cdn.shopify.com/s/files/1/0583/8713/6670/files/4f9140a2-22ec-11ef-9ed8-f23c92e70296__ads.jpg?v=1717558415,https://cdn.shopify.com/s/files/1/0583/8713/6670/files/4f905f39-22ec-11ef-9ed8-f23c92e70296__Mockup_1.jpg?v=1717558415,https://cdn.shopify.com/s/files/1/0583/8713/6670/files/4f905b74-22ec-11ef-9ed8-f23c92e70296__Mockup_2.jpg?v=1717558415,https://cdn.shopify.com/s/files/1/0583/8713/6670/files/4f9131e6-22ec-11ef-9ed8-f23c92e70296__Mockup_3.jpg?v=1717558415,https://cdn.shopify.com/s/files/1/0583/8713/6670/files/4f8f6abb-22ec-11ef-9ed8-f23c92e70296__Mockup_4.jpg?v=1717558415",,,,,,,,,0,Size,"S,M,L,XL,2XL,3XL,4XL,5XL",0,1,S,,,,,,,,,,,
,variation,,Custom Photo Best Dad Ever USA Flag Polo Shirt,1,0,visible,,,,,taxable,parent,1,,,,0,,,,,0,,,39.99,,,,,,,7.93524E+12,,,,,,1,Size,S,,1,,,,,,,,,,,,
,variation,,Custom Photo Best Dad Ever USA Flag Polo Shirt,1,0,visible,,,,,taxable,parent,1,,,,0,,,,,0,,,40.99,,,,,,,7.93524E+12,,,,,,2,Size,M,,1,,,,,,,,,,,,
,variation,,Custom Photo Best Dad Ever USA Flag Polo Shirt,1,0,visible,,,,,taxable,parent,1,,,,0,,,,,0,,,41.99,,,,,,,7.93524E+12,,,,,,3,Size,L,,1,,,,,,,,,,,,
,variation,,Custom Photo Best Dad Ever USA Flag Polo Shirt,1,0,visible,,,,,taxable,parent,1,,,,0,,,,,0,,,42.99,,,,,,,7.93524E+12,,,,,,4,Size,XL,,1,,,,,,,,,,,,
,variation,,Custom Photo Best Dad Ever USA Flag Polo Shirt,1,0,visible,,,,,taxable,parent,1,,,,0,,,,,0,,,43.99,,,,,,,7.93524E+12,,,,,,5,Size,2XL,,1,,,,,,,,,,,,
,variation,,Custom Photo Best Dad Ever USA Flag Polo Shirt,1,0,visible,,,,,taxable,parent,1,,,,0,,,,,0,,,44.99,,,,,,,7.93524E+12,,,,,,6,Size,3XL,,1,,,,,,,,,,,,
,variation,,Custom Photo Best Dad Ever USA Flag Polo Shirt,1,0,visible,,,,,taxable,parent,1,,,,0,,,,,0,,,45.99,,,,,,,7.93524E+12,,,,,,7,Size,4XL,,1,,,,,,,,,,,,
,variation,,Custom Photo Best Dad Ever USA Flag Polo Shirt,1,0,visible,,,,,taxable,parent,1,,,,0,,,,,0,,,46.99,,,,,,,7.93524E+12,,,,,,8,Size,5XL,,1,,,,,,,,,,,,
